:020000040800F2
:100000005023002049C40008EDC00008F1C00008DA
:1000100000000000000000000000000000000000E0
:1000200000000000000000000000000099C400086B
:10003000000000000000000099C40008BDC00008D6
:1000400099C4000899C4000899C4000899C400081C
:1000500099C4000899C4000899C4000899C400080C
:1000600099C4000899C4000899C4000899C40008FC
:1000700099C4000899C4000899C4000899C40008EC
:1000800099C4000899C4000899C4000899C40008DC
:1000900099C4000899C4000899C4000899C40008CC
:1000A00099C4000899C4000899C4000899C40008BC
:1000B00099C4000899C4000899C4000899C40008AC
:1000C00099C40008CDC0000899C4000899C400086C
:1000D00099C4000899C400080000000099C40008F1
:1000E00099C40008C5C0000899C40008D5C000081C
:1000F00000000000000000000000000099C400089B
:1001000000000000000000000000000000000000EF
:1001100000000000000000000000000099C400087A
:1001200099C4000899C4000899C4000899C400083B
:1001300099C4000899C4000899C4000899C400082B
:1001400099C4000899C4000899C4000899C400081B
:0401500099C4000846
:10015400030010B580B1D9789A7804884A40624087
:10016400200A5040C0B21A000C1C102900D91024D7
:10017400E4B21B199A4200D110BD117901324840F2
:10018400F8E7F7B50E00019015001C000720E3B155
:100194000438102A19D80AB10430B1B1271D12222B
:1001A400002138000CF0AEF9084BE5702380019B68
:1001B400A3702DB126B12A00310038000CF040FAAA
:1001C4002000FFF7C5FF20750020FEBD55AAFFFFE4
:1001D400F8B504000E00150007201CB112B1042963
:1001E40001D80320F8BD1622002128000CF08AF95A
:1001F40045F2AA52637821781B0201200B439342F3
:10020400F0D10D4B2B80A378AB70E278EA70102A02
:10021400E7D8171DB742E4DA1AB1281D211D0CF0E6
:100224000FFAE45D28002C75FFF792FF201A431E95
:100234009841C0B2D6E7C04655AAFFFF00B51128C1
:100244000CD80BF0A9FF0920181A262626262626E4
:100254002626262626261C1E0F4800BD302814D02C
:1002640005D8202813D0212813D10C48F5E7FF28FE
:100274000FD10B48F1E70B48EFE70B48EDE70B48CC
:10028400EBE70B48E9E70B48E7E70B48E5E70B48E2
:10029400E3E70B48E1E7C046989B0108E89B0108A7
:1002A4000E9C0108AC9B0108B79B0108C39B010885
:1002B400D19B0108199C0108FA9B0108D79B0108EE
:1002C400A09B010870477047202110B520B19020F1
:1002D400C00502F041F910BD9020C00502F03AF9C2
:1002E400F9E7902010B52021C00502F08AF910BD6D
:1002F400F8B507000D001026012422002A402C42E4
:1003040004D123000321380002F0E6F8013E640022
:10031400002EF2D1F8BD10B540F2115003F0A4FA4A
:100324000122902011002023C00502F0D5F80022FC
:10033400902020231100C00502F0EEF89020202127
:10034400C00502F007F940F2115003F08DFA40F2B3
:10035400117003F089FA90200C220721C00502F0E5
:1003640018F990200C2301220221C00502F0B4F8F0
:1003740090200C2301220021C00502F0CDF81D4875
:1003840003F05CFEE1211B48490203F08DFE0021CD
:10039400184803F0CFFE0021164803F0D9FE0021CF
:1003A400144803F0B9FE0021124804F0B9F8002102
:1003B400104804F0C3F804210E4803F0E9FE0821B4
:1003C4000C4803F0DDFE0B4803F0D0FE90202C21F6
:1003D400C005FFF78DFFC0210748FFF789FF002103
:1003E4000648FFF785FF06480021FFF781FF00203C
:1003F40010BDC04600440040000400480008004806
:100404000014004870B50E0014000025A54201DB5D
:10041400200070BD40F20771054804F04AF9002835
:10042400F8D0715D024803F04BFF0135EEE7C0469A
:100434000044004010B51021064802F0E1FA04001F
:10044400012805D11021034802F0E1FA200010BD73
:100454000024FBE70054004070B50400064D210061
:10046400064802F0CDFA012801D1002070BD013DFB
:10047400002DF4D10120F9E7A186010000540040C9
:1004840010B540F2165003F0EFF940F2157003F086
:10049400EBF9C02204211648164C02F07AF8C02366
:1004A40000220221124802F017F8C023032201217E
:1004B4000F4802F031F8200002F0AAF800232000CF
:1004C4001A00032102F0CCF811222000110002F0DE
:1004D40001F90021200002F0E3F8200002F0F2F814
:1004E400200002F0C5F9012023689843C00010BD24
:1004F400001400480054004070B5084C200002F07D
:10050400BCF922680123150008201D401A4203D1BA
:10051400200002F07DF8280070BDC0460054004061
:10052400F8B507000E0014001D000720C2B1BBB1CE
:100534007F0800223900254802F0E0F80121234811
:1005440002F0C0F9214802F00DF9204802F09AF9AE
:100554000120FFF781FF20B11C4802F099F9052022
:10056400F8BD3100194802F099F9FFF763FF20B193
:10057400164802F08DF90420F2E74020FFF76CFFE3
:100584000028E9D140F200423900104802F0B6F8E0
:1005940029000E4802F096F90C4802F0DDF80B48E9
:1005A40002F070F965190420FFF756FF0028D6D130
:1005B400064802F076F920700134AC42F3D14020B1
:1005C400FFF74AFF0028CBD0C9E7C04600540040DB
:1005D400F8B507000E0014001D000720BAB1B3B12E
:1005E40000221D48790802F089F8691C1A4802F0B3
:1005F40069F9194802F0B0F8174802F043F90120EC
:10060400FFF72AFF20B1144802F042F90520F8BD93
:100614003100114802F042F9FFF70CFF651920B1CF
:100624000D4802F035F90420F1E70120FFF714FF2B
:100634000028EBD12178084802F030F9FFF7FAFEE0
:100644000028F0D10134AC42EFD14020FFF704FF81
:100654000028DCD0DAE7C0460054004070B503003F
:100664000D0014000720B1B1AAB1590840F20042AC
:10067400104802F043F821000E4802F023F90D4817
:1006840002F06AF80B4802F0FDF82C190420FFF779
:10069400E3FE08B1052070BD064802F002F9287097
:1006A4000135A542F2D14020FFF7D6FE0028F2D052
:1006B400F0E7C0460054004070B50D001400410836
:1006C40000221A4802F01AF80221184802F0FAF837
:1006D400164802F041F8154802F0D4F80120FFF75B
:1006E400BBFE20B1114802F0D3F8052070BD2900EB
:1006F4000E4802F0D3F8FFF79DFE20B10B4802F03C
:10070400C7F80420F2E70120FFF7A6FE0028ECD189
:100714002100064802F0C2F8FFF78CFE0028F0D151
:100724004020FFF799FE0028E0D0DEE700540040A7
:100734001FB52A4802F0A1F8284801F069FFC02338
:1007440000220121264801F0C7FEC0230022012116
:10075400234801F0E1FE8021214801F0FBFE092439
:1007640040211F4801F0F8FE00230093009B4F2B0B
:1007740023DD40211A4801F0EDFE00230193019B83
:100784004F2B1EDD013C002CEAD18021144801F0DE
:10079400E3FE0294029B4F2B17DD4021104801F029
:1007A400D9FE00230393039B4F2B13DD80210C48B8
:1007B40001F0D0FEFFF764FE1FBDC046009B01336D
:1007C400D3E7C046019B0133D8E7C046029B0133FF
:1007D4000293DFE7C046039B0133E3E70054004084
:1007E4000014004870B5050040F2125003F03CF8C4
:1007F40040F2167003F038F840F2003204211A482F
:100804001A4C01F0C6FE40F20033002202211648C1
:1008140001F062FE40F2003303220121124801F08C
:100824007BFE200001F0F4FE0221200001F038FFDD
:10083400200001F041FF00222900200001F0B6FF52
:10084400200002F007F80121212003F085FF282170
:10085400200002F0E0F8200002F00AF801202368EA
:100864009843C00070BDC0460004004800580040D2
:1008740070B50B4C2821200002F0D1F8212003F0A0
:100884009BFF200001F0F9FF2268012315000820D6
:100894001D401A4203D1200001F0BAFE280070BDA9
:1008A40000580040014B18607047C046E413002014
:1008B400014B58607047C046E4130020014B187A7E
:1008C400C0B27047E413002010B50749074802F08E
:1008D400AAF804000020012C04D10448024902F0C3
:1008E400BBF8200010BDC0460300030600580040BA
:1008F400030070B507200D009BB14A1E1F2A10D8B3
:10090400084C0338627AD6B25AB920000A000A3079
:1009140019000BF095FE230030002A332B341D7090
:10092400267070BDE4130020F7B55249524802F016
:100934007AF80500012840D14E494F4802F08CF85E
:1009440000234E4A4E4C0421257213704D4A1268FE
:10095400D2032FD5260027004B4A65722A3613701E
:1009640033780A37DAB29BB963688BB16946CD1C18
:10097400CA700192290001A89847019941B12D78C4
:100984006B1E1F2B04D82A0038000BF059FE35705B
:10099400230020002B332A34197822780A3091421C
:1009A4005CD219784A1CD2B2415C1A70324801F008
:1009B40075FF0221304802F02EF834492E4802F027
:1009C40032F801280ED12C4801F06BFF2C4B1A0091
:1009D4002C3211781F2905D814782D33611CC9B223
:1009E400117018552A49244802F01DF8012814D121
:1009F400234B5A7A002A33D01A0018002B322A3398
:100A040011781B780A3099422AD211784B1CDBB238
:100A1400415C1948137001F041FF1E49164802F069
:100A240002F8012819D1164C1A49134802F014F897
:100A34000023220023722C32137833B1236823B1AC
:100A4400200011782D30C9B2984706210A4801F0D8
:100A5400E6FF0023094A13706372F7BDFF21A5E77F
:100A6400FF21054801F01AFF0221034801F0D7FFD6
:100A7400D3E7C046030003060058004010140020CA
:100A8400E4130020185800400F140020020002064E
:100A940001000106050005067FB540F21C7002F056
:100AA400E3FE40F21F7002F0DFFE02F0CBFD40F6E1
:100AB400001003F05DF840F6011003F03BFA012842
:100AC400F9D140F2002003F023F840F60F0002F0C1
:100AD400CBFE01F0EFFF01F0C7FF1422002101A8B3
:100AE4000BF010FD0A4B01A8039302F081F801F00A
:100AF400D9FF40F2001002F005FB41F2000002F0C1
:100B0400B9FA0221292003F027FE002007B000BD16
:100B14007F00F900F0B507008BB088B33C2640F69F
:100B2400106505AC200002F0C5F8237962796B43A7
:100B34007243A4799B18E418E41901AF1022A4B2FB
:100B4400002138000BF0DEFCB4FBF5F35D437B724F
:100B5400B4FBF6F3651BADB2B5FBF6F55E43A41B1F
:100B6400BD72FC7201F0A6FF3900012002F0E2F828
:100B7400012002F059F901F09DFF0122024B1A7085
:100B840000200BB0F0BDC0463114002010B5012088
:100B940002F062F901F08EFF0022014B1A7010BDC1
:100BA4003114002010B586B001AC200002F082F8A8
:100BB40040F610602379627958433C235343C018AC
:100BC400A379C01806B010BD70B505000C00042848
:100BD4000AD801F06FFF681E032803D80BF0DCFA73
:100BE4000507090B054B1C6070BD054BFBE7054B66
:100BF400F9E7054BF7E7054BF5E7C04650280040F9
:100C040054280040582800405C28004060280040D8
:100C140010B504000020042C0AD801F04BFF601E1C
:100C2400032803D80BF0B8FA0507090B054B18681D
:100C340010BD054BFBE7054BF9E7054BF7E7054B03
:100C4400F5E7C0465028004054280040582800408A
:100C54005C2800406028004010B501F02BFF094BD0
:100C64001A68094B9A4201D0012010BD40F20010CD
:100C740002F03EFA0128F7D1FF3002F043FA0020D7
:100C8400F3E7C0465C280040EFBEADDE10B501F0CE
:100C940011FF024B024A1A6010BDC0465C28004096
:100CA400EFBEADDE10B540F2001002F021FA0400F0
:100CB4000020012C04D10130FF3002F023FA20007F
:100CC40010BD10B540F2001002F012FA012805D14F
:100CD400FF3002F017FA0022014B1A7010BDC04613
:100CE4003114002010B540F2125002F0BDFD022371
:100CF40000220121104801F0EFFB00220223110021
:100D04000D4801F009FC02210B4801F023FC0123EA
:100D140000221900084801F0DFFB00220123110022
:100D2400054801F0F9FB0448012101F015FC0020FD
:100D3400024B187010BDC046000400483214002055
:100D440007B50221084801F007FC0122074B1A707D
:100D54000023074A0193019B934200D907BDC04673
:100D6400019B01330193F6E700040048321400208C
:100D7400FF70020010B50221034801F0EBFB0022D2
:100D8400024B1A7010BDC046000400483214002003
:100D9400014B18787047C04632140020012110B569
:100DA40018B1044801F0D6FB10BD024801F0D4FB91
:100DB400FAE7C0460004004807B50120FFF7EEFF3C
:100DC4000023074A0193019B934203D90020FFF7B4
:100DD400E5FF07BDC046019B01330193F3E7C0461D
:100DE400FF69180010B50120FFF7D8FF10BDC046F9
:100DF400002010B502F0BCFE012003F09BF801288E
:100E0400FAD1002002F070FD02F08EFD04000028EB
:100E1400FAD102F099FD40F2004002F09FFD20005B
:100E240002F0A8FD43F67F63C021084A08485360D6
:100E3400036A09061B021B0A0B430362072394601F
:100E44001360044B20001C7010BDC04610E000E08D
:100E540000ED00E03414002010B5084C2378012B79
:100E64000AD0A02002F070FD40F2CF72044B5A6009
:100E740000229A600123237010BDC0463414002060
:100E840010E000E010B5074C23784BB1002002F0CD
:100E94005BFD43F67F63044A536000239360237031
:100EA40010BDC0463414002010E000E0014B187857
:100EB4007047C0463414002010B5FFF7E7FEFFF773
:100EC40059FFFFF7C9FF40F2157002F0DBFC40F256
:100ED400117002F0D7FC022440F2841340F2002186
:100EE400064AD150D45002F0ADFB40F2001002F09B
:100EF40099FB034B1C7002F065FB10BD00E100E0A0
:100F04003414002010B5FFF7A7FE01235840C0B2E7
:100F140010BD044A516853685B1A834200D370477A
:100F240030BFF8E73414002013B50B4B10211B78A5
:100F3400012B00D10E3900231C00834200D113BDC4
:100F44000194019A8A4201D30133F6E7C046019A1B
:100F540001320192F5E7C04634140020014B586871
:100F64007047C04634140020024A5368013353606A
:100F74007047C04634140020062802D10122014BD8
:100F84001A7070473C14002040F23042002110B522
:100F940025480BF0B7FA244A244BD0215360244B44
:100FA40010009360234BD360234B1361234B536195
:100FB400234B9361234BD36105F0F8FD38B1052829
:100FC40002D90824200010BD1F4B1C5CFAE7164808
:100FD40005F0F9FD040020B10528F2D81A4B1C5C79
:100FE400F0E70A21104807F0B7FD05210E4807F085
:100FF4000FFE012206210C4807F098FA21000A4846
:1010040007F0A6F80121084807F0F4F82100064883
:1010140007F044F940F2E831034803F07FFF210070
:10102400014803F0D3FFCDE740140020ADA8000829
:10103400EDA8000811A90008B1A900082DAA00080C
:1010440045AA00087D0F0008509A010810B5012236
:101054000521134806F096FC01220421104806F0ED
:1010640091FC012203210E4806F08CFC012202218E
:101074000B4806F087FC01220948110006F082FCA7
:1010840001220021064806F07DFC0021044806F0F8
:10109400D3FC0121024806F0D1FB002010BDC0465C
:1010A4004014002010B50021094806F0C7FB0022B7
:1010B4000521074806F066FC00220421044806F0D6
:1010C40061FC00220321024806F05CFC002010BDF4
:1010D40040140020002307B5034801A9019303F03D
:1010E4009DFF01980EBDC04640140020014B1878A6
:1010F400C0B270473C1400200022014B1A707047A4
:101104003C14002010B5024806F0BEF810BDC046DD
:101114004014002007B52022002116480BF0F2F9F4
:10112400144A154BB4215360144B10009360144BB4
:10113400D360144B1361144B5361144B93610AF045
:101144005BFB18B1032811D908200EBD09480AF029
:101154008DFB0028F6D100230621064801AA01933D
:101164000AF050FB0028F0D00920EEE7084B185C89
:10117400EBE7C0467018002039BA000879BA0008B5
:101184009DBA00083DBB0008B9BB0008D1BB0008EC
:10119400569A010810B505480AF0DCFB0300082044
:1011A400032B01D8024AD05C10BDC0467018002041
:1011B400569A010837B50500072460B100232100C1
:1011C4000B4801AA01930AF01DFB040028B103286F
:1011D4000BD8084B1C5C20003EBD0749019815F054
:1011E4001FFD16F0C1F82880F5E70824F3E7C04690
:1011F40070180020569A01080000C84237B505004F
:10120400072460B1002306210B4801AA01930AF0C8
:10121400F9FA040028B103280BD8084B1C5C200001
:101224003EBD0749019815F0FBFC16F09DF8288097
:10123400F5E70824F3E7C04670180020569A010821
:101244000000C8422022002110B516480BF05AF9BC
:10125400144A154B88215360144B10009360144BAF
:10126400D360144B1361144B5361144B93610AF014
:10127400B5F838B1032802D90824200010BD104B5A
:101284001C5CFAE707480AF0D3F8040020B10328ED
:10129400F2D80B4B1C5CF0E7010002480AF0B1F8ED
:1012A400EBE7C04690180020E1B5000821B600081D
:1012B40045B600089DB6000819B7000831B7000804
:1012C4005A9A010810B502480AF08EF8002010BDA1
:1012D4009018002073B506000D00072470B169B1A1
:1012E400002369460F4801AA009301930AF0EBF822
:1012F400040028B1032812D80B4B1C5C200076BDD7
:101304000A49009815F08CFC16F02EF80749308035
:10131400019815F085FC14F063FE2880EEE708249C
:10132400ECE7C046901800205A9A01080000C84211
:101334002422002110B524480BF0E4F8224A234B60
:10134400AE215360224B10009360224BD360224B9A
:101354001361224B5361224B9361224BD36109F0F9
:1013640039FC38B1052802D90824200010BD1E4BD1
:101374001C5CFAE7144809F058FC040020B1052865
:10138400F2D8194B1C5CF0E70323012202210E481A
:1013940009F0B5FC21003F220B4809F0C8FC3F22AC
:1013A4000121094809F0C3FC112301220421064844
:1013B40009F0CCFC01220621034809F09AFD03211F
:1013C400014809F065FCD0E7B0180020A1B000087E
:1013D400E1B0000805B10008A5B1000821B2000879
:1013E40039B200084FB200085E9A010810B50548EA
:1013F40009F0EDFD03000820052B01D8024AD05C5A
:1014040010BDC046B01800205E9A010870B50400F3
:10141400C2B007207CB16B4600269D1D2B00202204
:101424000A4802A92E8009F019FD30B1267005285A
:101434000AD8074B185C42B070BD2B8813B16223E5
:101444002370F8E72070F6E70820F4E7B0180020CE
:101454005E9A0108030007200BB100201870704742
:1014640010B5FFF70DF8040048B9FFF78DFDFFF73D
:1014740051FE040018B9FFF7E5FEFFF759FF2000FD
:1014840010BD10B5FFF7E2FDFFF784FEFFF71AFF6A
:10149400FFF7ACFFFFF730F810BD000070B5040093
:1014A4000D0048B1402200210BF02CF82B1C0A2D12
:1014B40000D90A233E34237070BDF8B50400E0B1AE
:1014C40007003E373B78C3B106003C3635786B00E5
:1014D4001952FFF767FB0435AD006519686033786E
:1014E4003A780133B3FBF2F151435B1A33703D3464
:1014F40023789A4201D901332370F8BD020088B1E0
:1015040003003D331B78180063B113003C33197892
:101514004B1EDBB221B913003E331B78013BDBB217
:101524005B00985E70470200A8B103003D331B784E
:1015340000208B420FD913003C331878431A013B27
:101544000131DBB2884204D211003E3109785B18C4
:10155400DBB25B00985E704710B5040028B114221A
:1015640000210AF0CFFF0023A38710BDF0B587B098
:1015740003000490002865D03D331B780193022BAF
:1015840060D900241F0003940294251C019B049835
:10159400DE1B013FFFB23900FFF7C5FFF6B205902D
:1015A400300015F04FFF061C059815F0FDFE311CA8
:1015B4000590281C14F06CFF0599051C029814F082
:1015C40067FF05990290301C15F02AFB011C039853
:1015D40014F05EFF311C0390301C15F021FB011C3C
:1015E400201C14F055FF041C002FCFD1019815F0D6
:1015F40029FF211C061C15F013FB291C041C281CA4
:1016040015F00EFB011C201C15F05AFC0E49041C9D
:101614000AF026FE20B10D49201C0AF035FE88B9D7
:101624000399301C15F0FCFA0299061C281C15F0CD
:10163400F7FA011C301C15F043FC211C15F032F99B
:1016440007B0F0BD0020FBE76F12833A6F1283BA34
:10165400030030B588B102003D321278100062B147
:1016640051001800591800230025445F02301B194B
:101674008842F9D193FBF2F000B230BD030010B5FB
:1016840090B102003D32127872B15200821847F6CE
:10169400FF7019880C1C09B2814200DD041C02335E
:1016A40020B29342F5D110BD47F6FF70FBE703006B
:1016B40010B588B102003D3212786AB15200821826
:1016C400064819880C1C09B2814200DA041C023352
:1016D40020B29342F5D110BD0048FCE70080FFFF23
:1016E400030008B13D3318787047030040B102008D
:1016F40000203D323E3312781B789A424041C0B2FA
:101704007047F0B597B0019010B9002017B0F0BD44
:10171400019C3D342378022BF7D90029F5D0FFF73B
:1017240041FA0B90237800265B42DDB200230027A8
:101734000A93019B089609973C331493019B0696E0
:101744000797029603973E331593002D3ED10A9BCB
:101754000A9ADB1730003900019314F013FC029A43
:10176400039B0E900F911000190014F00BFC0E9CBB
:101774000F9D40F2E732241A8D41002312196B4168
:1017840011001BB940F2CE739942BED90898099949
:101794000A9A019B14F0F6FB069A079B109011918C
:1017A4000298039914F0EEFB109A119B121A8B41C4
:1017B4001900100014F02CFC2900061C200014F061
:1017C40027FC011C301C15F06DF89FE7E9430198D4
:1017D400C9B2FFF7A8FE149B0D906A421B78D2B2DF
:1017E400934253D3EB18DBB2019A04339B00D31812
:1017F4005C680B9BA3424DD31C1B3C23B4FBF3F24C
:10180400131C92B2782A00D97823244A9BB25B0035
:101814009B5A64420C930C9A0A9B94466344604618
:1018240022000A930021E317139314F0ABFB029AEE
:10183400039B049005910498059912184B41029258
:1018440003930D9B0D9ADB1700210C98129314F04F
:1018540099FB069A079B12184B4104980599069226
:1018640007930D9A129B14F08DFB089A099B12188A
:101874004B41200008920993049A059B139914F094
:1018840081FB013536184F41EDB25EE7159A1278A7
:101894009B18A7E70B9B024A9B18ADE7649A0108C3
:1018A40080510100F0B587B004900391002861D005
:1018B40002295FD90024002602940194251CF0B269
:1018C40015F0C0FD049A7300071CD05E15F06CFD82
:1018D400391C0590281C14F0DBFD0599051C0198A2
:1018E40014F0D6FD05990190381C15F099F9011CE6
:1018F400029814F0CDFD391C0290381C15F090F9B3
:10190400011C201C14F0C4FD0136039AF3B2041C1C
:101914009A42D4D8100015F095FD211C061C15F030
:101924007FF9291C041C281C15F07AF9011C201CC1
:1019340015F0C6FA0021041C0AF092FC80231B0651
:10194400E31800B9231C0C49181C0AF089FC88B957
:101954000299301C15F064F90199061C281C15F035
:101964005FF9011C301C15F0ABFA211C14F09AFF2E
:1019740007B0F0BD0020FBE76F12833A030010B5F7
:1019840098B13D331A780023022A0ED9FFF7EEFDF1
:101994000749041C0AF078FC012330B90549201CCE
:1019A4000AF05EFC431E98414300180010BDC04677
:1019B4000000A0400000A0C0030010B598B13D3362
:1019C4001A780023022A0ED9FFF79BFE0749041C4C
:1019D4000AF05AFC012330B90549201C0AF040FCE6
:1019E400431E98414300180010BDC0466F12033CCB
:1019F4006F1203BC030010B560B13D331A780023A5
:101A0400022A07D9FFF7B2FD03490AF029FC431E55
:101A140098414300180010BD000040C070B5040098
:101A2400D8B103003D331B780020022B15D92000C8
:101A3400FFF764FD05002000FFF7A0FF40F25912F4
:101A440003000320954208DD0238022B05D0313211
:101A54000330954201DC5B00D8B270BD03002AB1AB
:101A6400C017CA0F8B425041C0B27047C00FCA178B
:101A740099425041F8E7F0B50F0087B015000021F6
:101A84000C2201900AF03EFD002F68D03C003D344A
:101A94002378022B63D929003800FFF732FE009027
:101AA400FFF780F80025049026780295741EE4B2AE
:101AB400FF2C57D1300015F0C5FC041C011C029802
:101AC40014F0F0FE011C0290201C15F0A9F80299F4
:101AD40015F0A6F8011C281C15F0F2F97442002632
:101AE4000390E4B2002C55D1504903980AF0CCFB82
:101AF4000700002800D189E00399301C14F0D2FEBD
:101B0400011CFE20800515F0DBF90021051C0AF0FC
:101B1400A7FB00B10025FE21281C89050AF0B4FBAF
:101B240008B1FE25AD05424900982E1C0AF0ACFB15
:101B3400002862D13F4900980AF092FB00285CD14A
:101B4400281C3D490AF0A0FB050010B1E51E6B42BC
:101B54005D41019B009A5E601A601C725D7201987F
:101B640007B0F0BD21003800FFF7DDFC15F01CFCC8
:101B7400011C0390029814F08BFC03990290081C3A
:101B840015F04EF8011C281C14F082FC013C051CC5
:101B9400E4B28DE7E1433800C9B2FFF7C4FC3B006F
:101BA4003C331D786342DBB29D4221D315F0FCFB2C
:101BB4006519EDB20435AD007D19049B0590686884
:101BC4000134181A15F03EFC009915F029F8029911
:101BD40014F05EFC011C059815F072F9011C15F057
:101BE4001FF8011C301C14F053FCE4B2061C79E706
:101BF4003B003E331B78ED18D8E70324A0E7032409
:101C040000263D00A5E700262500A2E70849009824
:101C14000AF03AFB05000028F1D1064900980AF0C1
:101C24001FFB0028EFD00324002692E76F12833AAB
:101C34006F12033C6F1203BC3333333F012010B5E2
:101C4400FEF7E6FF40F60F63421E9A4201D8074BA7
:101C54001880FEF7A7FF064B186058609860D8609C
:101C640005201861FEF756FF10BDC0460000002095
:101C7400D4180020F7B56B466A469E1C002301ACBD
:101C8400D380551C537033802380FFF70BFA0A204E
:101C9400FFF73FF93000FFF78DFA2000FFF7AEFAA7
:101CA4000023E05E15F080FB134914F0FBFD071CD4
:101CB4000023F05E15F078FB0F4914F0F3FD391C96
:101CC40000F012FA6B462000991DFFF703FB280071
:101CD400FFF79CFB287815F0B5FB00F0ABFAFEF794
:101CE40061FF064B186058609860D860044B1888F0
:101CF400FEF710FFF7BDC0460000C842D41800200C
:101D04000000002040F6106210B5031C90420DD96B
:101D1400131C9CB2084A210001201380FEF754FFD3
:101D2400FEF734FF2000FEF7F5FE10BD82B2052A4F
:101D3400EFD20523EDE7C0460000002041F6204223
:101D4400031C904200D9131C9AB21E2A00D21E23EF
:101D5400014A53807047C04600000020014B188898
:101D64007047C0460000002010B50400FEF71AFFBB
:101D74000200601E002303280CD80F4B0AF00CFA53
:101D840002170C100D491B680988D21A00238A42D5
:101D94005B41DBB2180010BD08495B684988F4E771
:101DA4009B68D21A042393429B415B42F2E7DB68AF
:101DB400D21A40F25723F6E7D4180020000000207E
:101DC400F0B585B00700FEF7EDFE454D0400022F87
:101DD40000D172E00026042F02D1FFF74BFF012649
:101DE4000120FFF7C1FF019010B3002302AA9380E2
:101DF40003A8D380971DFFF7DDF9A0B90023F85E8F
:101E040015F0D2FA374914F04DFD02AB061C04203C
:101E1400185E15F0C9FA334914F044FD311C00F082
:101E240063F9019E2C603800FFF7E8F900B9EC6013
:101E34000220FFF799FF070050B1002302AA938004
:101E4400D380911D03A8FFF745FA08B93E00EC6062
:101E54000320FFF789FF019070B102AB9F1D00239F
:101E640038003B70FFF7D2FA30B9387815F0EAFA47
:101E740000F0E0F9019E6C600420FFF775FF58B193
:101E8400FFF728F9070030B10220FEF7C1FE391828
:101E94000220FEF799FEAC6000F002FA124B58885B
:101EA40040F25823984219D803002B61FEF732FE02
:101EB4000EB9FFF701F805B0F0BDFFF7F3F8FFF72F
:101EC40009F9060030B13800FEF7A2FE31183800D7
:101ED400FEF77AFEAC60FFF7B9F880E71800E4E794
:101EE400D41800200000C84200000020013800235C
:101EF40000B5032805D8074B0AF04EF90209050777
:101F04001B68180000BD5B68FBE79B68F9E7DB68AA
:101F1400F7E7C046D418002010B50220FEF778FE7B
:101F240010BDC04670B5184C0D00E278824220D234
:101F34000132111CD2B2824200D9011CC9B2022959
:101F440018D0032919D023780F4A0133DBB2137058
:101F5400012B0ED90020E170257120706070A070F3
:101F6400FEF732FEE378012B0AD0023B1E20012B40
:101F740007D970BD6378621CE7E7A378A21CE4E785
:101F84007820FFF7BFFEF4E7E8180020F8B53D4DD0
:101F9400EC7814B92C706C71F8BD2B79013CE4B267
:101FA400022B32D0032B4DD0012B0DD12F0008373B
:101FB4003800FFF7A3FA06003800FFF7DFFC012C16
:101FC40005D0022C03D0DCB100236B71E4E740F2AE
:101FD40059139E42F8DD0228F6D06B790133DBB247
:101FE400012BF2D9002021006871EC70FEF7ECFDA2
:101FF400EB78FBBB40F258202B71FFF783FECBE755
:1020040040F263139E42DFDD12E02F0008373800F0
:10201400FFF774FA06003800FFF7B0FC012C0AD071
:10202400022C08D0002CCFD140F27B139E42CBDC93
:102034000028D2D0C8E740F28A139E42C4DC0128AB
:10204400CBD1C1E72F0048373800FFF757FA060015
:102054003800FFF7CFFC012C09D0022C04D0002C4F
:10206400B2D140F2B633CDE740F25233B1E740F299
:102074008433AEE77820012BBFD0022B00D08BE74E
:102084001E20BAE7E818002070B5124C0A2120007F
:102094000830FFF703FA20000F4D0A214830FFF7FC
:1020A400FDF9280080220D4B0D490830D20500F0BF
:1020B400A1F90C4B0020AB61FEF7AAFD0023032815
:1020C40000D91800EB61E070237123706370A37072
:1020D40070BDC046E81800206819002000002041A7
:1020E4000AD7233C00001242F8B54A4B0D1C041CCD
:1020F40018600021281C0AF0BDF8B8B94649281C0C
:102104000AF0C2F890B9291C201C14F0D9FE4349E6
:10211400061C281C0AF0B8F8002835D08021301C91
:10212400C9050AF09DF8FE2100283AD13C4D211C36
:102134002800083000F066F93A4E3B49A86114F0D3
:102144006FFD370015F010F9083701B23800FFF7BA
:10215400B4F93549A86914F063FD15F005F940F2A6
:10216400087104B23800FFF727FC40F25913050048
:102174009C421CDC022802D0053B9C4222DC01214B
:102184000320FFF7CFFEF8BD2749281C0AF068F8A2
:102194000028CBD02449301C0AF076F80028C5D09A
:1021A400FC21201C890514F073F9041CBEE740F2DD
:1021B4008A139C4206DD012802D005339C4201DDCE
:1021C4000221DDE7300040F208710830FFF799FA88
:1021D4001649061C0AF044F810B101210800D0E7A2
:1021E4001349301C0AF050F810B102210120C8E74D
:1021F400A4B223005B3BFF3B042B04D8022DECD09C
:10220400FFF7C4FEBFE7853CFF3C062CF8D8012D40
:10221400F6D1EAE704000020000070420000F0411B
:1022240068190020E818002000002041CDCCCCBC67
:10223400CDCCCC3C174B70B51749586014F0F0FC6A
:1022440015F092F8154D04B2483521002800FFF727
:1022540034F92800FFF7CEFB40F252339C4206DCEF
:1022640002280BD103210800FFF75CFE70BD40F289
:1022740084339C4205DC03210228F5D0FFF786FE57
:10228400F4E740F2B6339C42F8DC0228F6D103218D
:102294000138E9E70400002000002041E81800208C
:1022A40070B51B4E88B0FEF77DFCF478022C03D089
:1022B400032C07D008B070BDFEF77EFDC820FEF7E2
:1022C40028FEF7E7134AD369C31A1D2BF2D9D0614C
:1022D400FEF736FD337901AD6B700F4B0F4918686B
:1022E4002C7014F09DFC13F07BFE02AC688023007C
:1022F400042229001020FDF744FF28B9E1782000CA
:102304000531C9B2FEF7F4FAFEF76CFDD2E7C04618
:10231400E818002068190020040000200000204173
:10232400014BD8787047C046E8180020014B187953
:102334007047C046E818002010B5040098B10A4858
:10234400C3782370037908306370084B1A685B689C
:102354006260A360FFF70AF9054BE060DB69236163
:10236400FEF716FD207510BDE818002004000020BB
:1023740068190020F7B505000E0070B169B10E4F61
:1023840038000830FFF7ACF9031C0A2800D90A23E7
:1023940000242B702B78A34200D8F7BD38006300CB
:1023A400F318210008300193FFF7BDF8019B0134B5
:1023B4001880E4B2EEE7C046E818002010B5002407
:1023C4000A4B2100DC701C711C705C709C70084B03
:1023D4002000DC61FEF7F8FB40F25820FFF792FC86
:1023E4002000FEF7DBFCFEF7C5FC10BDE81800205A
:1023F4006819002010B520B1002443600460816096
:10240400C26010BDF7B504000D1C10B307688168E5
:10241400406814F03DF8E168061C14F039F8011C1A
:10242400301C14F03FFA391C0190281C14F048FDAC
:10243400019914F0F5FB391C14F02AF82060051CEE
:10244400FE200199800514F03BFD311C14F0E8FBDB
:102454006060281CFEBD00001B4B10B5984225D0BF
:1024640007D89023DB05984210D0184B984216D019
:1024740010BD174B984220D0164B9842F8D140F625
:10248400162001F015FA40F6162005E040F611205A
:1024940001F00EFA40F6112001F00EFAE8E740F6DA
:1024A400122001F005FA40F61220F5E740F6132059
:1024B40001F0FEF940F61320EEE740F6142001F097
:1024C400F7F940F61420E7E7000800480004004844
:1024D400000C004800140048F0B585B001910327B2
:1024E4000021029203930268C36801248C40039D77
:1024F40025420AD03D004C00A540019EAA43AB43AF
:10250400029DA640A54032432B4301311029ECD152
:102514000260C36005B0F0BDF7B50192012916D180
:10252400416819430024012603274160816835006E
:10253400A5402B4206D03A006500AA409143019A77
:10254400AA4011430134102CF1D18160F7BD4168D8
:102554009943E7E781617047816270470AB18161FD
:1025640070478162FCE741617047036919400800C4
:10257400431E9841C0B27047006980B270474369F6
:1025840019400800431E9841C0B27047406980B2A8
:102594007047F7B5002401260F270091016A436AAA
:1025A40001923500A540019A2A4206D03A00A500BE
:1025B400AA409143009AAA4011430134082CF0D157
:1025C400002401260F27250032000835AA401500F3
:1025D400019A2A4206D03A00A500AA409343009AE1
:1025E400AA4013430134082CEDD101624362F7BDC4
:1025F40080235B020B43C361C161C361C369C369C7
:102604007047C16270474FF6FF73C3627047C0469C
:10261400104B10B598420ED00F4B984212D00F4B6E
:10262400984207D140F2154001F042F940F21540BA
:1026340001F042F910BD40F2164001F039F940F2C0
:102644001640F5E740F2184001F032F940F2184024
:10265400EEE7C0460058004000C00040005400406F
:1026640030B504690C4D2401240904610469120580
:102674002C4004610469094D09072C40F0252D0400
:102684002A401143F022046112031B04046913401D
:1026940019432143016130BDFFFF0FFFFFFFF0FF2E
:1026A4000368044A09021340036003681943016084
:1026B4007047C046FFF0FFFF41F200030268134376
:1026C400036070470368024A134003607047C046C2
:1026D400FFEFFFFF10B50369074C09062340FF24F1
:1026E400036103692240A34303610369090C114395
:1026F4001943016110BDC046FF00FFFF43689B0AF8
:102704009B02436043680B434360436803490B40A7
:1027140043604368134343607047C046FFFBFFFFB9
:1027240041F2000342681343436070474368024A1E
:10273400134043607047C046FFEFFFFF40F60003BD
:1027440042681343436070474368024A134043603E
:102754007047C046FFF7FFFF802342689B04134382
:10276400436070474368024A134043607047C04661
:10277400FFFFFFFD802302681B03134303607047C0
:102784000368024A134003607047C046FFFFF7FF27
:102794000368024A134003607047C046FFFFFDFF11
:1027A400802302689B0213430360704748F20003CE
:1027B4008905890D114381608268134383607047E2
:1027C40090300368034A1340036003680B430360BB
:1027D4007047C046FF01FFFF8368024A13408360CD
:1027E4007047C046FF7FFFFF10B5FE24C368214039
:1027F4001943C160C368064912020B40C360C36831
:102804001A4348F20003C260C2681343C36010BD98
:10281400FFF8FFFFC368024A1340C3607047C04615
:10282400FF7FFFFF80690002400E7047802302682B
:102834005B021343036070470368024A134003605A
:102844007047C046FFFFFEFF48F20003426813438F
:102854004360704780230268DB02134303607047C0
:102864000368024A134003607047C046FFFFFBFF42
:1028740001230268134303607047012203689343F2
:102884000360704742F20003426813434360704799
:1028940044F200034268134343607047C9B2816243
:1028A4007047406AC0B27047802342685B04134398
:1028B400436070474368024A134043607047C04610
:1028C400FFFFFFFE4368044A090413404360436862
:1028D400194341607047C046FFFF00FF026821B9F9
:1028E40044F2000313430360704748F20003F9E71E
:1028F400036819B9024A134003607047014AFAE7B2
:10290400FFBFFFFFFF7FFFFF80234268DB04134309
:1029140043607047802302681B04134303607047BD
:102924000368024A134003607047C046FFFF7FFFFD
:10293400006AC0B2704780230268DB03134303605C
:1029440070470368014A134003607047FFFFBFFFED
:10295400802302689B031343036070470368024AA1
:10296400134003607047C046FFFFDFFF8023026807
:102974005B031343036070470368024A1340036018
:102984007047C046FFFFEFFF802342691B061343D5
:102994004361704743695B005B084361704748F2D9
:1029A400000342691343436170474369014A13407A
:1029B40043617047FF7FFFFF4369054A09041340E1
:1029C4004361044A43691140194341617047C04659
:1029D400FFFF00F00000FF0F436909051B0B1B03F9
:1029E40043614369090D1943416170474369034ACF
:1029F4001340436143690B4343617047FFEFFFFF9B
:102A0400836919400800431E9841C0B27047C369E6
:102A14000B43C361704703680B430360704703684B
:102A24008B430360704701220B049B0D1B1870B588
:102A34001D688B0D1B181F240800160020408640BB
:102A44001B680020354206D0090C21408A401340FF
:102A54005A1E9341D8B270BD0123C902C90E8B40DE
:102A6400C2691343C361704744F20003402182B03A
:102A740001930B4B01201A680A420ED18022186878
:102A840002431A601868019A0840013A019212B18F
:102A94000028F7D040204006C00F02B07047C0465F
:102AA4000C2800408021024A13688B43136070474E
:102AB4000C28004048F2000313B5202101930E4B6B
:102AC40001201B680B4215D1CA230C4A0C4C13601D
:102AD400773B136023688B4323602068019B084085
:102AE400013B019313B10028F7D02020FF23800677
:102AF400C00F136016BDC0460828004024280040BB
:102B04000C28004044F20003F7B500220193274B40
:102B1400274D1A60CA232B60773B2B60254B264830
:102B24001968264F014019602549264E0A60264936
:102B34000A6026490A603A601A6825490A40042155
:102B44001A60326801980A400138019050B3002A93
:102B5400F7D007211A6800248A434FF6FF711A60E0
:102B64001C4A11601A681C60FFF77EFFB8B142F27C
:102B74000112194B1C60194B1A60194B194A1A603F
:102B8400072333600E4B1C60104B1C600E4B1C6003
:102B9400154B3C601C60154B1C60FFF78BFFFF233B
:102BA4002B6001E0002AD4D1FEBDC046402800407D
:102BB4002428004008280040FFFCFFFF482800406C
:102BC4001C2800400C2800402028004044280040D5
:102BD400FFFBFFFF142800400028004004280040A9
:102BE40010280040FF007F002C2800403C280040B3
:102BF400F0B5037887B00093C378294F01934378E5
:102C04000400029383780393C3680493437905799A
:102C14000593CA2386793B60773B3B60FFF724FF2B
:102C2400D0B3FE222389D2031B04134062892D04EE
:102C34005204520C13431B4A03991360FC239B0355
:102C44001D407F2347F600721E40049B1E43059BD4
:102C540035431B0213403F221D43134B11401D609B
:102C6400009B019A1B040B4341F600715207120C9E
:102C74001343029A12020A40402113430B4A136081
:102C84000B4B1A688A431A601A6821690A431A604E
:102C9400FFF708FFFFF70EFFFF233B6007B0F0BD0F
:102CA4002428004010280040002800400428004048
:102CB40008280040164B70B51A68164B16491B6855
:102CC400164C1D0C096824680570DD04ED0E457072
:102CD4003F251E001B045B0FC370130C2B402E40BA
:102CE40003714035130A2B40437113002B40837149
:102CF4000B0C2B4003818023DB031A40402349043F
:102D0400490C1C4086704181C260046170BDC0469C
:102D140000280040042800401028004008280040F3
:102D2400024B1868024B1B687047C04628280040B5
:102D340004280040CA2330B57F25134A1360773B2B
:102D440013604C680B682343CC682343CC7A2C4033
:102D5400FC2523430C7AAD0524062C40FC25234393
:102D64004C7AAD0324042C40234347F60074897A3B
:102D7400090221400B43012804D104490B60FF23BD
:102D8400136030BD0249F9E7242800401C280040A4
:102D94002028004010B5CA24064B11431C60773C20
:102DA4001C60012804D1044A1160FF221A6010BD7E
:102DB400024AF9E7242800404428004048280040FB
:102DC40001281AD10E4B1B680E4A3F201A400A6094
:102DD4008022D2031A40CA608022D2051A404A6077
:102DE4001A0E02400A721A0C02404A7240301A0A41
:102DF400024003408A72CB727047034BE3E7C0463C
:102E04001C2800408080808020280040012804D1B4
:102E1400034B18684004400C7047024BF9E7C04666
:102E24004428004048280040CA23094A1360773BDD
:102E34001360084B012807D140F2001118680143C0
:102E44001960FF231360704740F200211868F6E709
:102E5400242800400828004048F2000337B50193B5
:102E6400CA231449144C0B60773B0B60134B1A684C
:102E7400012810D1124D2A401A602368019A034098
:102E8400013A01920AB1002BF7D0FF220A605A1EC0
:102E94009341D8B23EBD02250A4802401A60236815
:102EA400019A2B40013A0192002AEED0002BF6D071
:102EB4000223EAE7242800400C28004008280040A8
:102EC400FFFEFFFFFFFDFFFFCA23084A10B5136092
:102ED400074C773B1360236806490B4040F600011A
:102EE40003430B432360FF23136010BD24280040D9
:102EF40008280040F7F7FFFFCA22064B06491A606C
:102F0400773A1A600A68054802400A60FF221A608C
:102F14007047C0462428004008280040FFF7FFFF00
:102F2400CA238021094A49041360773B1360084B84
:102F3400884205D1196808431860FF23136070475D
:102F44001968044801401960F7E7C0462428004086
:102F540008280040FFFFFFFE80210E4BC9031A68BA
:102F64000D4B11401B6810B58160D904C90E017066
:102F74003F211C001B045B0F8370130C0B400C409F
:102F8400C3704031130A0B400A404470037142710C
:102F940010BDC0463028004034280040014B18685A
:102FA4007047C046382800401D4B01681A688A43A0
:102FB4001A601A681B490A401A60826892B11A683A
:102FC40019490A401A60027C32BB48F200021968AF
:102FD4000A431A601A68C1680A431A601A68816849
:102FE4000A431A6001681A6849008A431A604268F1
:102FF40022B10268196852000A431A6080221968D3
:1030040091431960017E11B119680A431A601A6864
:1030140001680A431A6070471A684169D8E7C046D4
:1030240040280040FFE7FFFFFF00FFFF024A13684C
:10303400834313607047C04640280040044B054951
:103044001A680A401A601A6802431A607047C04638
:1030540040280040FFFF7FFC044B05491A680A40E2
:103064001A601A6802431A607047C046402800403C
:10307400FFFFC7FFCA230A4A10B50A491360773B0A
:103084001360094B0C6803402343E0240B60074B97
:10309400A4051968204008431860FF23136010BD7D
:1030A4002428004008280040FFFFFFC740280040B4
:1030B400CA220A4B10B51A60094C773A1A600949BA
:1030C400226801408A4308492260084C0A6820406B
:1030D40082430A60FF221A6010BDC04624280040C3
:1030E40008280040FBFFFFC74028004004000038C8
:1030F400034B1B681840431E9841C0B27047C0463A
:103104000C280040024A1368834313607047C0468A
:103114000C280040044A13685B005B0813601368C2
:10312400034313607047C04608280040CA2370B5A3
:103134000B4C0C4A2360773B236013680A4D0B4EFB
:103144002B4013600A4B1D6835401D60156805430C
:1031540015601A680A431A60FF23236070BDC046D5
:103164002428004008280040FFFF8FFFFFFFFBFFDB
:1031740040280040CA23084A10B51360773B136007
:10318400064B074C196821401960196801431960FE
:10319400FF23136010BDC0462428004008280040C7
:1031A400FFFF77FFCA22054B05491A60773A1A6078
:1031B4000A6802430A60FF221A607047242800400C
:1031C40008280040CA2370B50F4C02002360773BE7
:1031D4002360082641F200030C4D2868013B30406F
:1031E4000BB10028F9D11025094B1B682B40034370
:1031F400002033B94904074B490C11431960FFF708
:1032040059FCFF23236070BD242800400C28004093
:10321400082800402C280040CA22064B06491A60A0
:10322400773A1A600868333A02430A60FF221A6048
:103234007047C0462428004008280040CA22DF20E6
:10324400054B06491A60773A1A600A6802400A6018
:10325400FF221A607047C046242800400828004016
:10326400CA2370B5094D2B60773B2B60FFF7FCFB3D
:10327400040030B11023064A11680B431360FFF7B2
:1032840011FCFF2320002B6070BDC04624280040A1
:1032940008280040CA2370B5094D2B60773B2B608A
:1032A400FFF7E2FB040030B11021064A13688B4398
:1032B4001360FFF7F7FBFF2320002B6070BDC046AF
:1032C4002428004008280040CA22064B06491A60F8
:1032D400773A1A6040F20042086802430A60FF220B
:1032E4001A607047242800400828004044F2000374
:1032F40013B50193CA2304240B4A0C491360773B8A
:1033040013600B680A4803400B600A490868019B74
:103314002040013B019313B10028F7D00420FF2380
:103324004007C00F136016BD242800400828004041
:10333400FFFBFFFF0C28004037B544F20002019266
:10334400CA22030004250E490E4C0A60773A0A602B
:10335400226801982A400138019058B1002AF7D018
:103364000724094A1068A0431060106803431360DF
:10337400012001E0002AF3D1FF230B603EBDC046CB
:10338400242800400C2800400828004044F2000390
:1033940037B50193CA23010004250B4A0B4C136073
:1033A400773B1360236801982B400138019028B1C2
:1033B400002BF7D0064B0120196001E0002BF9D156
:1033C400FF2313603EBDC046242800400C28004063
:1033D40014280040014B186880B27047142800403C
:1033E4008023F7B50400CA2080279B0501930D4B69
:1033F4000D4E1860773818607F02356801983D409B
:103404000138019048B1002DF7D1D205D00D084301
:10341400064A20431060012001E0002DF5D0FF2270
:103424001A60FEBD242800400C2800403C280040BF
:103434008023034ADB0511680B4313607047C046C1
:1034440008280040024A034913680B401360704780
:1034540008280040FFFFFFBF10B540F21C4000F0F9
:1034640027FA40F21C4000F027FA10BD102210B5D4
:10347400E024074B1968914319601968A143196046
:1034840019680143196019680A431A6010BDC046DF
:10349400007000401021024A13688B431360704788
:1034A40000700040044B05491A680A401A601A6803
:1034B40002431A607047C04600700040FF3FFFFFA0
:1034C40041F20003024A11680B4313607047C0467F
:1034D40000700040024A034913680B4013607047B0
:1034E40000700040FFEFFFFF044B05491A680A40D3
:1034F4001A601A6802431A607047C04600700040A0
:10350400FFDFFFFF40F60003024A11680B4313601C
:103514007047C04600700040024A034913680B40DC
:103524001360704700700040FFF7FFFF10B50424DC
:103534000B4A1369A34313610A4B0B4C1A682240CC
:103544001A6040F60002904202D11A6810431860D3
:1035540009B930BF10BD40BF20BF20BFFAE7C04645
:1035640000ED00E000700040FCF7FFFF124B30B5A7
:103574001C68124D2C401C6040F20044A04203D150
:1035840012B91C68204318601868024304201A60AA
:103594000B4A14692043106149B930BF04201169F2
:1035A4008143116103211A688A431A6030BD40BF08
:1035B40020BF20BFF2E7C04600700040FCFBFFFFC5
:1035C40000ED00E003230F4A11680B43136004234A
:1035D4001168194311600C4A11690B4313610B4ABA
:1035E4000B4913680B4013600D220A4B52421A60B8
:1035F400094B0A4A1A600122094B52421A6030BF31
:103604007047C0460070004000ED00E010E000E0AC
:103614000400010080E100E084E100E0FFFDFFFF21
:1036240088E100E0024A1368034313607047C04610
:1036340004700040024A1368834313607047C04615
:103644000470004040F20013024A11680B431360F7
:103654007047C04600700040024A034913680B409B
:103664001360704700700040FFFEFFFF024A1368BA
:10367400034313607047C0460870004010B5FFF75D
:10368400F5FF10BD024A034913680B4013607047ED
:1036940008700040FFFFFEFF8023034A5B021168AD
:1036A4000B4313607047C04608700040044B054943
:1036B4001A680A401A601A6802431A607047C046C2
:1036C40008700040FFFFFDFF064B07491A6800041D
:1036D4000A40F8211A601A68490308401043186028
:1036E4007047C04610700040FFFFE0FF074B0849D9
:1036F4001A6840050A401A601A681043802218604C
:10370400196892050A431A607047C0461070004059
:10371400FFFF1FE0024A034913680B401360704720
:1037240010700040FFFFFFDF054B06491A680006D2
:103734000A401A601A68000C104318607047C046AB
:1037440010700040FF00FFFF8023034ADB0511686F
:103754000B4313607047C04610700040024A03498F
:1037640013680B401360704710700040FFFFFFBFE9
:10377400FF21064B1A688A431A601A6802431A60CA
:103784008022196812060A431A60704710700040BC
:10379400024A13685B005B081360704710700040B6
:1037A400002807DA054B1B6818404000431E984167
:1037B400C0B27047024B1B681840F7E70C7000401A
:1037C4000470004002280AD0094B98420BD001280B
:1037D40004D10423074A11680B4313607047054A58
:1037E40008231168F8E70221034A13688B43F4E7BE
:1037F40002000080007000400C7000400123124A57
:1038040011680B431360022311681942FCD0032092
:103814000E4B19688143196011680D48014011600D
:103824001A680C490A401A601A680B490A400F21A9
:103834001A600A4A13688B4313600023084A136012
:10384400084A13607047C04600100240041002404A
:10385400FFFFE2FE0C00FF88FFFF00772C10024000
:103864003010024008100240054B8209D2181F2371
:1038740018401E3B834011680B4313607047C046D9
:10388400001002401F21830908401E398140034A69
:103894009B181A688A431A607047C0460010024099
:1038A40010B5FFF7E1FF10BD10B5FFF7EBFF10BD3A
:1038B40010B5FFF7D9FF10BD10B5FFF7E3FF10BD3A
:1038C4008023034A5B0211680B4313607047C046B0
:1038D40020100240024A034913680B4013607047EA
:1038E40020100240FFFFFEFF802310B50B4A0C4955
:1038F4005B02984207D113681843106003220B68D7
:1039040093430B6010BD03240B68A34303430B6074
:10391400136804490B401360F4E7C0462C100240BE
:1039240004100240FFFFFEFF0C22054B1868054BF4
:10393400104080221B689202134018437047C0460F
:10394400041002402C100240F021034A13688B43F8
:10395400034313607047C04604100240034A0449FD
:1039640013680B40034313607047C04604100240C1
:10397400FFF8FFFF034A044913680B400343136035
:103984007047C04604100240FFC7FFFF1149124AA6
:103994000B6810B513400B60104B114C1A68224091
:1039A4001A600F280FD80C688207120C22430A6091
:1039B4001A6880088007104340F2001218601968E2
:1039C4000A431A6010BD1028FCD11A6805490A4040
:1039D400F7E7C04604100240FF3FFFFF30100240EB
:1039E400FFFEFF3FFFFEFFFF044A10B51368044CBF
:1039F40023400B430343136010BDC0460410024030
:103A0400FFFFFF08054A10B51368054C23401360F7
:103A140013680B430343136010BDC04604100240F7
:103A2400FFFF00FF10B1012809D070470320094BA4
:103A34001A6882431A601A680A431A60F5E7054B4C
:103A440005481A68090402401A601A68114319608B
:103A5400EBE7C04630100240FFFFFCFF01280BD00B
:103A6400022813D038B90D4B0C301A6882431A60FF
:103A74001A680A431A6070473020084B89001A6894
:103A840082431A601A6811431960F4E7C020034B9B
:103A940009011A6882431A601A68F4E73010024078
:103AA400044B05491A680A401A601A6802431A60EE
:103AB4007047C04630100240FFF9FFFF044B054930
:103AC4001A680A401A601A6802431A607047C046AE
:103AD40030100240FFE7FFFF044B05491A680A4013
:103AE4001A601A6802431A607047C04630100240D8
:103AF400FFFFE3FF044B05491A680A401A601A687D
:103B040002431A607047C04630100240FFDFFFFFD7
:103B1400044B05491A680A401A601A6802431A607D
:103B24007047C04620100240FFFCFFFF0F21034AEC
:103B340013688B43034313607047C0462C10024044
:103B44001821044B1A688A431A601A6802431A60DF
:103B54007047C046201002400721044B1A688A436C
:103B64001A601A6802431A607047C0462C1102405A
:103B740010B5FFF779FE10BD10B5FFF783FE10BD39
:103B8400102804D040F6000398420BD07047094B2C
:103B9400094819681A6802401A608022D2020A434E
:103BA4001A60F3E70120054B19681A6882431A600A
:103BB4000422F4E700100240FFFFFEFF2010024041
:103BC400102804D040F6000398420AD07047094BED
:103BD40009481A6819680140196008490A401A60BE
:103BE400F4E70120064B1A6819688143196004211F
:103BF4008A43F4E700100240FFFFFEFFFFFFFBFFD4
:103C040020100240F821034AC00013688B43184374
:103C140010607047001002408023034A1B031168A0
:103C24000B4313607047C04600100240024A034928
:103C340013680B401360704700100240FFFFF7FF4A
:103C44008023034ADB0311680B4313607047C046AB
:103C540000100240024A034913680B401360704786
:103C640000100240FFFFBFFF044B1A6800221A60D5
:103C74001968034A0A431A607047C046001102409B
:103C84004D3C2B1AF0B5A44F8BB006AE3900102270
:103C940010370400300008F0D3FC390008226846CD
:103CA40008F0CEFC3900082202A808F0C9FC39004B
:103CB4000427082204A808F0C3FC984A984910680D
:103CC4000B680007DB0B800F3B40184301386D463F
:103CD400032803D808F060FA48292426914B116878
:103CE40017680906090F715C1E00CE40116802A80E
:103CF4008904490F415C3000C84001000B2C00D9F5
:103D0400F9E0200008F052FA4B0036003200FF00C0
:103D140038007D00DB00EE00F9009700B100C4001C
:103D2400814BDCE747F60053D9E7402713681B02B1
:103D3400980E13685B0D3B4003439F1C0E2B00D968
:103D44005F1C0F231068096880031940800F01313C
:103D540020B9744BB3FBF1F37B43C0E7012801D1D5
:103D6400724BF7E7704BF5E7704BB8E77F057F0FB1
:103D7400EB5DDE40330012E06D4C2368DB0500D4BC
:103D8400BFE0032310682268800B1840920F0228BA
:103D940021D098422AD0012811D01AB94B08180012
:103DA4000BB0F0BD012A03D10A23B1FBF3F3F6E70C
:103DB400022A02D1B6FBF3F3F1E70B23FAE78B08EF
:103DC400002AECD0012A01D10C23EEE70523022AB4
:103DD400F0D00D23EEE70623002AE6D00E23012AB5
:103DE400E3D00723022AE5D00F23E3E7CB08002A18
:103DF400D5D00B09012AD2D00923022ADAD0112303
:103E0400D8E703244A48026822427CD00268224050
:103E1400012AC4D003682340022B79D0026800230E
:103E24002240A242BBD10368DB025B0F04AAD25C2E
:103E34003C4BD340B3E7C0213D4A89021068084295
:103E440000D193E78024106864020840A042A6D001
:103E54008020136880020B40834259D010680840C8
:103E6400002381429BD11368DEE741F60001304A0A
:103E74001068084200D179E740F600041068084051
:103E8400A04200D18BE7136841F200000B40E3E746
:103E940040F20060264A0B001468044200D17EE719
:103EA40040F20021136803408B422ED040F20041BF
:103EB400136803408B422BD011680140D0E70C20DB
:103EC4001B490A68024200D150E70A680240042AEA
:103ED40000D164E70A6800230240082A00D05EE7A4
:103EE4000B68A1E7124B1A6830231A4200D13DE750
:103EF4000F4B1A681B68002351E70D4B1A68C02347
:103F0400F3E7094B4BE70B0049E747F6005346E755
:103F140048F2000343E7C046569B010804100240E0
:103F24002C1002400024F400006CDC0200127A0021
:103F340030100240054A83099B181F221B68104059
:103F4400C3401800012318407047C04600100240C7
:103F540010B518284AD007D8102819D014283BD0F7
:103F640000282ED0002010BD40F6000398421CD03B
:103F74000133FF339842F5D1214C40F60110FFF78D
:103F8400D9FF10B9013C002CF7D140F6011009E02B
:103F94004FF6FF741120FFF7CDFF10B9013C002C40
:103FA400F8D11120FFF7C6FFDDE7164C40F60100FB
:103FB400FFF7C0FF10B9013C002CF7D140F6010017
:103FC400F0E740F200540120FFF7B4FF10B9013CC0
:103FD400002CF8D10120E5E7094C1520FFF7AAFFD2
:103FE40010B9013C002CF8D11520DBE7044C192052
:103FF400FFF7A0FF10B9013C002CF8D11920D1E73C
:10400400FFFF0F00FFFFFF038023034A5B041168D7
:104014000B4313607047C0462410024010B5FFF7ED
:1040240023FC10BD10B5FFF72DFC10BD10B5FFF734
:1040340081FF10BD10B5FFF717FC10BD164B10B56E
:10404400984221D006D8154B98420FD0144B984271
:1040540013D010BD134B9842FBD140F20E30FFF742
:1040640027FC40F20E30FFF727FCF2E740F2114044
:10407400FFF71EFC40F21140F5E740F21340FFF752
:1040840017FC40F21340EEE740F21440FFF710FC37
:1040940040F21440E7E7C0460050004000440040AE
:1040A400004C004000380140174B70B504000D006F
:1040B400984207D008D8154B98421CD0144B0020C6
:1040C4009C4208D1022004E0124B00209C4202D101
:1040D4000530FFF7D7FD22686B0812040DD54100A7
:1040E400C918B1FBF5F14FF6F0720B075B0F1140E5
:1040F4000B43E36070BD0920EBE7C018B0FBF5F19A
:1041040089B2E160F6E7C046005000400044004038
:10411400004C0040003801400122036893430360CF
:104124000368034A1340036003680B43036070474A
:10413400FFF9FFFF01220368934303600368034A06
:104144001340036003680B4303607047FFEFFFFFF6
:1041540001220368934303604368034A13404360A6
:1041640043680B4343607047FFCFFFFF012302689E
:10417400134303607047012203689343036070474D
:10418400082203689343036003680B43036070478A
:10419400042203689343036003680B43036070477E
:1041A40001220368934303604368054A1340802255
:1041B4004360436812031140194341607047C0468D
:1041C400FFFFF7FF0300080001211A6800B58A43C6
:1041D4001A6007280AD807F0DFFF040A0E1215191F
:1041E4001C2080225968D2020A435A6000BD5A68D2
:1041F4000B490A40F9E7802259689202F4E75A68A9
:104204000849F6E7802259685202EDE75A680649E0
:10421400EFE748F200025968E6E75A680349E8E71D
:10422400FFFFFBFFFFFFFDFFFFFFFEFFFF7FFFFF21
:1042340001220368934303608368024A1340836046
:104244007047C046FFEFFFFF0122036893430360FA
:1042540041F20003826813438360704701220368BC
:10426400934303600368034A1340036003680B43EA
:1042740003607047FF7FFFFF0122036893430360DD
:104284008368034A1340836083680B4383607047E9
:10429400FFF7FFFF802342681B041343436070470A
:1042A4004368024A134043607047C046FFFF7FFFE4
:1042B40043691B0E1B06436143690B43436170470B
:1042C400C905C90D81627047406AC005C00D7047B9
:1042D40083690B4383617047012203680906934392
:1042E400036043681B021B0A43604368194341602F
:1042F4007047012203689343036043680F3293437A
:1043040043604368114019434160704742F200031F
:1043140002681343036070470368024A1340036052
:104324007047C046FFDFFFFF012203689343036029
:104334000368034A1340036003680B430360704738
:10434400FFF7FFFF012203689343036044F2000375
:104354004268134343607047012203689343036038
:104364004368024A134043607047C046FFBFFFFFE3
:10437400012203689343036043681F3293434360FD
:104384004368114019434160704701220368934315
:104394000360082382681343836070470122036823
:1043A4009343036083680732934383607047012219
:1043B40003689343036040F6000342681343436079
:1043C400704701220368934303604368014A134022
:1043D40043607047FFF7FFFF30B501250468AC4325
:1043E400046044680A4D2C4040F20015446044685F
:1043F4002940214340F200244160416822400A439D
:1044040040F20041426042680B401343436030BDB8
:10441400FFF8FFFF01220368090693430360036961
:10442400034A090C1340036103691943016170478E
:10443400FF00FFFF01220368934303602023826887
:1044440013438360704701220368934303608368C6
:104454001F329343836070470122036893430360D0
:1044640010238268134383607047012203689343D7
:10447400036083680F329343836070470123D03015
:1044840002681343036070470122D03003689343EA
:1044940003607047012203684904934303608368FF
:1044A400044A1340E02283608368120311401943D5
:1044B40081607047FFFFF1FF436909061B021B0A75
:1044C400436143691943416170470122036893437F
:1044D40003600223826813438360704701220368E8
:1044E4009343036083689218934383607047012267
:1044F4000368934303600369FE32934303610369D2
:104504000B4303617047012203689343036083688C
:104514000332934383608368114019438160704779
:1045240001220368934303608368034A1340836052
:1045340083680B4383607047FFFEFFFF012203681B
:10454400934303608368034A1340836083680B4387
:1045540083607047FFFDFFFF0122C03003681140F4
:1045640093430360036819430160704701220368A1
:104574009343036044F200038268134383607047EB
:1045840001220368934303608368024A13408360F3
:104594007047C046FFBFFFFF0122036849059343EC
:1045A40003600368044A1340F8220360036892041A
:1045B4001140194301607047FFFF1FFC012203688B
:1045C4000904934303600368044A1340F822036018
:1045D400036852031140194301607047FFFFE0FF75
:1045E40001220368934303608368054A134048F239
:1045F4000002836083681140194381607047C0469C
:10460400FF7FFFFF402283689343836083680B43EB
:1046140083607047802283689343836083680B437D
:1046240083607047012203689343036042F20003EE
:1046340082681343836070470122036893430360D5
:104644008368024A134083607047C046FFDFFFFF60
:1046540002230268134303607047022203689343F2
:104664000360704701220368934303608368054A2B
:104674001340C02283608368920311401943816010
:104684007047C046FFFFCFFF40F20013D0300268EE
:10469400134303607047D0300368024A1340036039
:1046A4007047C046FFFEFFFFD03000684004400F53
:1046B40070478B091B1818681F231940C8401E3BFC
:1046C400184070471F2319401E3B8B40026A134356
:1046D400036270478B0918181F2319401E3B8B4037
:1046E40002681343036070471F228B0911401E3A6E
:1046F4008A40181803689343036070470B049B0DAA
:104704008A0D12181B1870B51B68166801221F2425
:104714001500080C2040854000202E4206D0214080
:104724008A4013401800431E9841C0B270BD084B24
:10473400994205D1D0300368064A1340036070479C
:104744000123C902C90E8B40026A13430362F6E7D0
:1047540009340F34FF7FFFFF30B5FF240322230009
:104764000240D200934089012140DB43914000285C
:1047740012DB40F200350E4C820892001219545993
:1047840023400B431F215351012201408A40430916
:1047940007499B005A5030BD0F2210400838054A83
:1047A400800880008018C26913400B43C361F2E79C
:1047B40000E100E000ED00E000280CDB1F224309CB
:1047C40010401E3A8240044920339B005A50BFF3E4
:1047D4004F8FBFF36F8F704700E100E0BFF34F8F3F
:1047E400034B044ADA60BFF34F8FC046FDE7C0466F
:1047F40000ED00E00400FA05034B1940034B0143AC
:104804009960BFF34F8F704780FFFF1F00ED00E0FA
:10481400024B1A69104318617047C04600ED00E06E
:10482400024A1369834313617047C04600ED00E0F8
:10483400054B1A68042802D11043186070470421FC
:104844008A431A60FAE7C04610E000E00023054AF4
:104854001360054A1360054A1360054A1360054A4C
:10486400136070470004014004040140080401403F
:104874000C04014010040140F7B5194E194D33687A
:104884000191834333602B68174C83432B60236867
:10489400C74383432360154B196881431960019909
:1048A40069B101290FD0012A11D0022A15D02AB9E1
:1048B4002268024322601A683A401A60F7BD3168E0
:1048C40001433160EFE7296801432960EBE722687F
:1048D4003A4022601A680243EFE722680243F8E78D
:1048E4000004014004040140080401400C04014098
:1048F400024A1368034313607047C0460004014032
:10490400024A1368834313607047C04600040140A1
:10491400024A1368034313607047C046040401400D
:10492400024A1368834313607047C046040401407D
:10493400024A1368034313607047C04610040140E1
:10494400024A1368834313607047C0461004014051
:10495400034B1B681840431E9841C0B27047C046C1
:1049640014040140014B18607047C0461404014010
:1049740010B5FFF7EDFF10BD014B18607047C0463E
:104984001404014010B50400E4680078A047431EF5
:104994009841C0B210BD10B5040024690078A04746
:1049A400431E9841C0B210BDF7B516006A461D00FB
:1049B4004BBA938040F20013C9B249190400022093
:1049C400994211DCFE3B6D212078276901AAB84782
:1049D4000300012043B92B00207832006F212469A1
:1049E400A047431E9841C0B2FEBDF7B516006A4603
:1049F4001D004BBA938040F20013C9B24919040058
:104A04000220994211DCFE3B6D212078276901AA1E
:104A1400B8470300012043B92B00207832006F21EE
:104A2400E468A047431E9841C0B2FEBD73B56A4610
:104A34000123382105320400FFF7A4FF20B1A36944
:104A440039489847012076BD6A4601232321200076
:104A54000632FFF797FF10B1A3693448F1E76B46BC
:104A6400DD1D2A0001236A212000FFF78BFF10B10E
:104A7400A3692F48E5E701AE3070012332003821E5
:104A84002000FFF788FF10B1A3692A48D9E73070E6
:104A94000123320023212000FFF77DFF10B1A36919
:104AA4002548CEE73F222B78134022002932127882
:104AB400012A0CD10B3213432B702A0001236A21E3
:104AC4002000FFF768FF20B1A3691C48B9E704225E
:104AD400F1E76369322098472200293212782B7853
:104AE400012A1ED1BF3213432B702A0001236A21ED
:104AF4002000FFF750FF0028E6D16A460123382141
:104B040020000532FFF747FF0028BDD16A46012384
:104B1400232120000632FFF73EFF002800D192E750
:104B2400BDE74022DFE7C0461E9C0108499C0108FE
:104B3400759C01089F9C0108CB9C0108F89C010806
:104B4400F0B589B00093012305AD2B800C0016004D
:104B540002232A006B210700FFF71DFF019020B1FB
:104B640001230093009809B0F0BDC8207B699847E1
:104B7400019B2A002B70382101233800FFF70BFF1B
:104B84000028EDD101232A0023213800FFF703FF79
:104B94000028E5D101232A006B213800FFF7FBFE32
:104BA4000028DDD101232A0024213800FFF7F3FE79
:104BB4000028D5D101232A006A213800FFF7EBFE33
:104BC4000028CDD10C232A002B706A2138000B3B1E
:104BD400FFF7E1FE0028C3D17B690F30984740F20C
:104BE400010C63462A002B701A2163463800FFF734
:104BF400D2FE0028B4D1287001232A0019213800DC
:104C0400FFF7C9FE0028ABD1009B03B1E03005AD2E
:104C1400287001232A001B213800FFF7BCFE00285E
:104C24009ED1009A182302B1E0332B702A0001238D
:104C34001C213800FFF7AFFE002800D090E7009B4E
:104C440013B17B69C830984740232A002B706A212E
:104C540038003F3BFFF79FFE002800D080E7782311
:104C64002A002B7023213800773BFFF794FE009035
:104C7400002800D074E732207B699847009B2A0003
:104C84002B70232101233800FFF785FE002800D074
:104C940066E702232A0072213800FFF773FE0090B2
:104CA400002800D05CE70C222B8820605BBA9BB202
:104CB400B3FBF2F3029303006060A06030607060A5
:104CC400B0600193019B029A934277D120688322BA
:104CD400C117030C090419430004002307F0E8FA80
:104CE4000023019A07F0E4FA206060688322C11768
:104CF400030C090419430004002307F0D9FA002324
:104D0400019A07F0D5FA6060A0688322C117030CEA
:104D1400090419430004002307F0CAFA0023019A86
:104D240007F0C6FAA0603168CC17080C23040343CB
:104D34000A04D9174905490D0291002103910298EB
:104D4400039912184B415905D00A0843019AD91204
:104D5400002307F0ADFA73683060DC171A0C1804EE
:104D6400002321041143CC176405620D12184B4132
:104D74005905D00A0843019AD912002307F098FA7A
:104D8400B3687060DC171A0C180400232104114363
:104D9400CC176405620D12184B415905D00A08431B
:104DA400019AD912002307F083FA80235B02C31807
:104DB400002801DD174BC318B360D3E605AD0C23FF
:104DC4002A0074213800FFF7DDFD002800D0C7E673
:104DD40028883368C0BA1B18698833607368C9BAF5
:104DE4005B18AA887360B368D2BA9B18B360E8886A
:104DF4002368C0BA1B18298923606368C9BA5B1881
:104E04006A896360A368D2BA9B18A360019B0133CB
:104E14009BB256E70000FFFF0022030082560020E9
:104E2400824210DC043072B901229A560338002AF7
:104E340009DC04303AB99B7803385BB2002B02DCFE
:104E44005A425341981D7047F0B50400022589B0B9
:104E540060B1030028331D78012D50D101331B7834
:104E6400002633B18369274898470335280009B0E1
:104E7400F0BD40F6F6339F1B102F00DD1027BBB2A8
:104E84000193214B3100F31800932000009ABBB228
:104E9400FFF78AFD18B1A3691C489847E6E731007B
:104EA4002000BBB204AAFFF7A0FD10B1A369184803
:104EB400F3E73A00009804A907F002FB20B1A369C4
:104EC400144898470525D1E7019B9E1940F6F53310
:104ED400B6B29E42CDD9042302AA938025697021DB
:104EE4002078023B03AAA847050020B1A3690A4819
:104EF40098470625BAE7012329342370B6E703252A
:104F0400B4E7C046239D01080C0000203D9D010824
:104F1400599D0108749D0108929D010837B504004C
:104F2400022074B1230028331B780130012B08D1EF
:104F3400230029331D78012D04D00C48A369984718
:104F440004203EBD1423B1FBF3F109BA0191200002
:104F540040F2C431103B01AAFFF726FD0028F0D02F
:104F64000348A36998472800EBE7C046B69D0108AB
:104F74003D9D010873B504000E00022570B10300C5
:104F840028331B780135012B08D1030029331D7800
:104F9400012D05D083690B4898470425280076BD68
:104FA400042340F2C43101AAFFF71FFD18B1A3691D
:104FB40005489847F2E71423019A050012BA5343AF
:104FC4003360EBE7B69D0108599D010837B504002D
:104FD400022074B1230028331B780130012B08D13F
:104FE400230029331D78012D04D00A48A36998476A
:104FF40004203EBD09BA0191042340F2603120002F
:1050040001AAFFF7D1FC0028F3D00348A36998470D
:105014002800EEE7B69D01083D9D010873B5040024
:105024000E00022570B1030028331B780135012BD3
:1050340008D1030029331D78012D05D083690A485E
:1050440098470425280076BD042340F2603101AA64
:10505400FFF7CBFC18B1A36904489847F2E7019B1A
:1050640005001BBA3360EDE7B69D0108599D0108A0
:1050740037B50400022074B1230028331B780130B3
:10508400012B08D1230029331D78012D04D00C48AD
:10509400A369984704203EBD0523B1FBF3F16B4699
:1050A40049BA99802000022340F2581101AAFFF75F
:1050B4007BFC0028EFD00348A36998472800EAE75F
:1050C400B69D01083D9D0108F7B504000E000225B8
:1050D40070B1030028331B780135012B08D103007C
:1050E40029331D78012D05D083690C489847042580
:1050F4002800FEBD01AF02233A0040F25811FFF729
:1051040074FC18B1A36906489847F1E705233A8867
:10511400050052BA53433380EAE7C046B69D0108FE
:10512400599D010837B50400022074B123002833C7
:105134001B780130012B08D1230029331D78012D60
:1051440004D00C48A369984704203EBD0523B1FB55
:10515400F3F16B4649BA99802000022340F25A11B8
:1051640001AAFFF721FC0028EFD00348A369984760
:105174002800EAE7B69D01083D9D0108F7B5040043
:105184000E00022570B1030028331B780135012B72
:1051940008D1030029331D78012D05D083690C48FB
:1051A400984704252800FEBD01AF02233A0040F2CF
:1051B4005A11FFF71AFC18B1A36906489847F1E79A
:1051C40005233A88050052BA53433380EAE7C046C0
:1051D400B69D0108599D010837B504000B00022053
:1051E40074B12200283212780130012A08D1220039
:1051F40029321578012D04D00B48A369984704205F
:105204003EBD4BF20271594309BA0191042340F2A5
:105214005C11200001AAFFF7C7FB0028F0D0034867
:10522400A36998472800EBE7B69D01083D9D010856
:10523400F7B504000F00022570B1030028331B7872
:105244000135012B08D1030029331D78012D05D028
:1052540083690E48984704252800FEBD042340F2C4
:105264005C1101AAFFF7C1FB060018B1A369084845
:105274009847F1E70198350000BA12F0E3F80549C0
:1052840011F010FB10F0ACFE3880E5E7B69D010884
:10529400599D0108D302374737B50400022074B181
:1052A400230028331B780130012B08D12300293334
:1052B4001D78012D04D00C48A369984704203EBDF5
:1052C4000523B1FBF3F16B4649BA99802000022310
:1052D40040F2DA1101AAFFF767FB0028EFD0034878
:1052E400A36998472800EAE7B69D01083D9D010897
:1052F400F7B504000E00022570B1030028331B78B3
:105304000135012B08D1030029331D78012D05D067
:1053140083690C48984704252800FEBD01AF022389
:105324003A0040F2DA11FFF760FB18B1A3690648AE
:105334009847F1E705233A88050052BA534333806E
:10534400EAE7C046B69D0108599D010837B5040037
:10535400022074B1230028331B780130012B08D1BB
:10536400230029331D78012D04D00C48A3699847E4
:1053740004203EBD0523B1FBF3F16B4649BA998085
:105384002000022340F2DE1101AAFFF70DFB0028E2
:10539400EFD00348A36998472800EAE7B69D0108BF
:1053A4003D9D0108F7B504000E00022570B103000D
:1053B40028331B780135012B08D1030029331D78CC
:1053C400012D05D083690C48984704252800FEBDAB
:1053D40001AF02233A0040F2DE11FFF706FB18B1D9
:1053E400A36906489847F1E705233A88050052BAAD
:1053F40053433380EAE7C046B69D0108599D01082E
:1054040037B50400022074B1230028331B7801301F
:10541400012B08D1230029331D78012D04D00F4816
:10542400A369984704203EBD0139C9B2032904D9B0
:105434000B48A36998470520F5E76B462000DA1D61
:1054440011702B0040F24F11FFF7AEFA0028EAD09A
:105454000448A36998472800E5E7C046B69D0108BB
:10546400D39D01083D9D0108F7B504000E000225F7
:1054740070B1030028331B780135012B08D10300D8
:1054840029331D78012D05D083690B4898470425DD
:105494002800FEBD6B46DF1D3A002B0040F24F1181
:1054A400FFF7A3FA18B1A36904489847F0E73B78DB
:1054B400050001333370EBE7B69D0108599D0108DF
:1054C40030B5040085B0022074B1230028331B7862
:1054D4000130012B08D1230029331D78012D05D07B
:1054E4001748A3699847042005B030BD0922A9B123
:1054F400144901A807F0A4F8092340F2B841200098
:1055040001AAFFF751FA20B10F48A3699847280070
:10551400EAE72023A28D1343A385E5E70B4901A8FD
:1055240007F08EF8092340F2B841200001AAFFF7E2
:105534003BFA0028E8D12022A38D9343ECE7C04630
:10554400B69D0108FA9D01083D9D0108049E0108CD
:1055540037B50400022074B1230028331B780130CE
:10556400012B08D1230029331D78012D04D01A48BA
:10557400A369984704203EBDD1B1184B40F6982149
:1055840001932000042301AAFFF70EFA20B1A369B6
:10559400134898472800EEE72000FFF747FA10B1B8
:1055A400A3691048F5E70423A28D1343A385E2E71A
:1055B4000D4B40F6982101932000042301AAFFF724
:1055C400F3F90028E3D12000FFF730FA0028E7D1EF
:1055D4000422A38D9343E9E7B69D0108C0C2C4C663
:1055E4003D9D01080E9E01088B8B8B8B37B5040003
:1055F400022074B1230028331B780130012B08D119
:10560400230029331D78012D04D01A48A369984733
:1056140004203EBDD1B1184B40F69E2101932000D9
:10562400042301AAFFF7C0F920B1A36913489847DE
:105634002800EEE72000FFF7F9F910B1A36910483C
:10564400F5E71023A28D1343A385E2E70D4B40F643
:105654009E2101932000042301AAFFF7A5F9002845
:10566400E3D12000FFF7E2F90028E7D11022A38D4F
:105674009343E9E7B69D0108202830383D9D010891
:105684000E9E0108A3A3A3A330B5040085B0022095
:1056940074B1230028331B780130012B08D1230077
:1056A40029331D78012D05D00D48A369984704209E
:1056B40005B030BD0B2289B90A4901A806F0C0FF24
:1056C4000B2340F68221200001AAFFF76DF9002880
:1056D400EED00548A36998472800E9E70349ECE7B9
:1056E400B69D01082B9E01083D9D0108379E0108C7
:1056F400F7B50400022074B1230028331B7801306D
:10570400012B08D1230029331D78012D04D02E4804
:10571400A36998470420FEBD638D03261A00324016
:10572400920050585A0700D54042DA08324092009D
:1057340057589A0600D57F421A06920F920056587F
:10574400DB0500D576420023204AC11710F01AFC6D
:105754008900800F084300BA0190042340F2D0313D
:10576400200001AAFFF720F920B11948A36998473E
:105774002800D0E70023154A3800F91710F002FC7E
:105784008900800F084300BA0190042340F2D43109
:10579400200001AAFFF708F90028E6D100230B4AEC
:1057A4003000F11710F0EEFB8900800F084300BAB7
:1057B4000190042340F2D831200001AAFFF7F4F845
:1057C4000028A8D0D1E7C046B69D010809E3CA0263
:1057D4003D9D0108F0B504000E00022087B07CB1A5
:1057E400230028331B780130012B09D123002933EE
:1057F4001B780193012B05D03248A36998470420F4
:1058040007B0F0BD02ABDD1C2A001C212000019B67
:10581400FFF7B8F820B1A3692B4898470198EFE740
:105824002B78DB069B0F032B47D0284A9B009D58FF
:10583400EB170093638D03211A000A4092009059DC
:105844005A0700D54042DA080A40920097599A064E
:1058540000D57F421A06920F92009659DB0500D5B7
:1058640076422A00009BC11710F08CFB8900800F40
:10587400084300BA2A00009B0390F917380010F07F
:1058840081FB8900800F084300BA2A00009B049022
:10589400F117300010F076FB8900800F084300BA3E
:1058A40005900C2340F29421200003AAFFF77CF812
:1058B4000028A5D0A3690648AFE780250090ED0431
:1058C400B8E7C046B69D0108439E0108709B0108D5
:1058D4003D9D0108F0B5514B8BB00693504B04002D
:1058E4000793504B0F0008934F4B06AE09930223C6
:1058F400019388B10300032228331B780192012B02
:105904000AD1030029331B780193012B07D0836943
:10591400464898470423019301980BB0F0BD080052
:10592400FFF77AFA0290F81CFFF776FA0500B81D23
:10593400FFF772FAED00029B800105431D432BB271
:105944000293ABB20325029903932940735C04AF1D
:105954003B70039BDA082A40B35C7B70039B9B0972
:105964002B40F05C9C46B8700C203B18595C3B18EB
:105974009A5C05AE727062463B189B5C3170B370E2
:105984003A002B0040F226412000FFF70DF818B131
:10599400A36927489847BFE72B00320040F22A4109
:1059A4002000FFF701F80028F2D12A00380008A9E6
:1059B40006F046FE04AB9B8A338004AB9B7DB37038
:1059C400029B5B0703D537233B70103B3370029B6C
:1059D4009B0604D5572304AA5370103B5371029BB2
:1059E400DB0504D5772304AA9370103B937103233A
:1059F40040F24041200004AAFEF7D6FF0028C7D198
:105A0400032340F23141200005AAFEF7CDFF002810
:105A1400BED1039B019063857EE7C0464CCD6C00EC
:105A24000CC92C003656760026466600B69D010841
:105A34003D9D0108F0B504000E00022789B070B145
:105A4400030028331B780137012B08D103002933C5
:105A54001F78012F06D08369C74898470427380068
:105A640009B0F0BDC54B05AD05932A000423682198
:105A7400FEF79AFF10B1A369C1486DE073066DD4B7
:105A8400A322100011006A70E97040F28012310004
:105A9400A32311402B70A8700191164262D1190002
:105AA4001A002B71A323EB71B64B6971AA712B8178
:105AB4002A000A2340F6A7212000FEF775FF0028DC
:105AC400D9D1D823B20700D0B83B2B702A000123C8
:105AD40040F6B6212000FEF767FF0028CBD109224B
:105AE400B30643D5A84902A806F0AAFD092340F24B
:105AF400B841200002AAFEF757FF0028BBD1019B42
:105B040093B1F30534D4C0208021C222902328709D
:105B14006970AA70EB702A00042340F6A2212000C9
:105B2400FEF742FF0028A6D101231E4200D1FCE06B
:105B3400F7332B702A0040F6B0012000F73BFEF744
:105B440033FF002897D101231C21200002AAFEF76D
:105B540019FF90B1A3698D48984780E7C022C820F7
:105B6400C22190E7C423CC21C6229AE78849BAE728
:105B7400B2208B21B6229B23C9E702AB1B78DB063C
:105B84009B0F032B00D1CBE0824A82495B009A1819
:105B9400123192895B5A120A2A7000225BBA6A7027
:105BA4006B802A00022340F2D4112000FEF7FCFE91
:105BB400002800D05FE70E2202A95218022340F207
:105BC40024112000FEF7F0FE002800D053E7022342
:105BD4002A0040F2D8112000FEF7E6FE002800D08B
:105BE40049E70E2202A95218022340F2281120008C
:105BF400FEF7DAFE002800D03DE702232A0040F237
:105C0400DC112000FEF7D0FE002800D033E70E227E
:105C140002A95218022340F22C112000FEF7C4FE00
:105C2400002800D027E73F232A002B7040F24811B8
:105C340020003E3BFEF7B8FE002800D01BE728708A
:105C440001232A0040F24F112000FEF7ADFE002888
:105C540000D010E741F200432A002B8040F2DE110D
:105C640002232000FEF7A0FE002800D003E742F63E
:105C740000032A002B8040F2DA1102232000FEF7F1
:105C840093FE002800D0F6E6434B40F25C110593E6
:105C94002000042305AAFEF787FE002800D0EAE6C8
:105CA40040F6000302AA938140F25A110223200015
:105CB40005AAFEF779FE002800D0DCE640F20023B6
:105CC40040F2581102AA9381FF3BFF3B05AA200032
:105CD400FEF76AFE002800D0CDE6B307DB0FD83309
:105CE40005AA137040F23D7101232000FEF75CFE0B
:105CF400002800D0BFE604231E421DD0274A02928A
:105D040040F69821200002AAFEF74EFE002800D09B
:105D1400B1E62000FEF78AFE80B1A36920481BE7A4
:105D240040F2807340F6002235E7D8232A002B7016
:105D340040F6B001D73BCAE71A4AE0E7F30618D5A4
:105D4400194B029340F69E210423200002AAFEF779
:105D54002BFE002800D08EE62000FEF767FE002808
:105D6400DBD1082333432000A385FEF75FFE070041
:105D740075E60E4BE5E7C046B69D010802CAE30985
:105D84003D9D0108A3A3FFFFFA9D0108439E01085E
:105D9400049E0108709B0108008EF990C0C2C4C61D
:105DA4000E9E01088B8B8B8B20283038A3A3A3A3D2
:105DB4007FB504000E000C221D4901A806F040FC2A
:105DC400022074B1230028331B780130012B08D141
:105DD400230029331D78012D05D01648A36998475F
:105DE400042004B070BDC82E04D91348A369984791
:105DF4000520F6E7C82191FBF6F16A460023013934
:105E040013705170200040F216210233FEF7CCFDCE
:105E140020B10A48A36998472800E2E70C2340F61A
:105E2400C121200001AAFEF7BFFD0028D9D0F0E768
:105E3400859E0108B69D01086F9E01083D9D0108DD
:105E4400F7B504000D00022670B1030028331B7857
:105E54000136012B08D1030029331E78012E05D009
:105E640083690D48984704263000FEBD01AF022324
:105E74003A0040F21621FEF7B8FD18B1A3690748AD
:105E84009847F1E7C8223B8806005BBA9BB201330E
:105E940092FBF3F32B80E7E7B69D0108599D0108B7
:105EA400F0B5040085B00D000220019274B1230006
:105EB40028331B780130012B08D1230029331F78A4
:105EC400012F05D01748A3699847042005B0F0BDF9
:105ED40002ABDE1D32003B0040F248112000FEF709
:105EE40084FD20B1A369104898473800EEE70322E7
:105EF400053D33786D00EDB2AA4019000198914335
:105F0400012801D11343D9B231700123320040F288
:105F140048112000FEF748FD0028D7D0A3690348A4
:105F2400E2E7C046B69D0108599D01083D9D010860
:105F3400F0B585B0050016000224019170B103008C
:105F440028331B780134012B08D1030029331C7832
:105F5400012C06D08369104898470424200005B01A
:105F6400F0BD02ABDF1D3A00230040F24811FEF7FA
:105F74003CFD18B1AB6909489847EFE7019B3A78B3
:105F8400053B5B00DBB21A41D3439B0702D134705B
:105F94000024E3E73070FBE7B69D0108599D010832
:105FA400F0B585B0040015000227019170B103001B
:105FB40028331B780137012B08D1030029331F78BC
:105FC400012F06D083694D4898470427380005B04F
:105FD400F0BD40F240639A4204D983694848984727
:105FE4000527F3E702AA3B001C210332FEF7CAFC93
:105FF40018B1A36943489847E8E7280011F022FA4A
:10600400414910F04FFC02ABDB78061CDB069B0F0A
:1060140003BB8D21C90510F003FE0FF0E1FF3B49DE
:1060240085B2301C10F0FCFD0FF0DAFF80B202AB39
:106034006DBA40BA9D80D880019B072B35D140F2C0
:10604400D4112000053B03AAFEF7AEFC08B3A369F4
:106054002F48D0E7012B08D18C21C90510F0E0FDB1
:106064000FF0BEFF2B4985B2DBE7022B08D18B2151
:10607400C90510F0D5FD0FF0B3FF274985B2D0E76D
:106084008A21C90510F0CCFD0FF0AAFF234985B27F
:10609400C7E7022340F2241102AA06322000FEF7C9
:1060A40083FC0028D3D1002790E7019B062B0ED157
:1060B40040F2D8112000043B03AAFEF775FC002827
:1060C400C5D102AA022340F228110632E6E7019B59
:1060D400052B0ED140F2DC112000033B03AAFEF78E
:1060E40063FC0028B3D102AA022340F22C11063229
:1060F400D4E7A3690A489847062767E7B69D0108CD
:10610400929E0108439E0108000048430000404657
:106114003D9D01080000C045000040450000C0440A
:10612400AA9E0108F0B585B004000225019270B161
:10613400030028331B780135012B08D103002933D0
:106144001D78012D06D08369274898470425280027
:1061540005B0F0BD07290BD1022303AACE312000DC
:10616400FF31FEF742FCA0B1A36920489847EEE74F
:10617400062903D1022303AAD331F0E7052903D169
:10618400022303AAD831EAE7836919489847052509
:10619400DDE703AB1E8802ABDF1C3A0001231C21A0
:1061A4002000FEF7EFFB10B1A3691248DEE73C784C
:1061B40070BAE40680B2A40F11F0F6F8E22134B10B
:1061C400E421012C03D0E621022C00D0E82189052A
:1061D40010F026FD084910F023FD0FF001FF019B8C
:1061E40000251880B3E7C046B69D0108599D0108F3
:1061F400AA9E0108439E010800004843F0B591B0EF
:106204000D93022307000C910A92029388B10300B4
:10621400032228331B780292012B0AD1030029336D
:106224001B780793012B07D08369BA489847042346
:106234000293029811B0F0BD0EAB9C1C22003A21CF
:10624400079BFEF79FFB20B1BB69B3489847079BA8
:10625400EEE72378DB0607D5BB69B04898473800DA
:10626400FEF7E4FB0623E3E7BB8D4022190011404F
:106274000091134201D03A3A009240F28012134244
:1062840003D0009A063292B200921422134203D031
:10629400009A103292B200929B070ED0009B0433F6
:1062A4009BB200930FAC0223220072213800FEF748
:1062B40069FB50B1BB699A48C8E7009B002BF1D138
:1062C400BB69984898470823B2E740F20042238804
:1062D4005BBA99B2914200D9131C1B9A0099128897
:1062E4009BB24A43934200DD1300009A9BB2B3FB76
:1062F400F2F314001B9A5C4313803B002E33099382
:10630400A4B2230074213800099AFEF73BFB0290E3
:1063140010B1BB69844899E7029B03930193009BE6
:106324009C4200D3F7E1BB698048984707237FE785
:1063340011F03AF8C221890510F072FC0490300083
:1063440011F032F8C221890510F06AFC0390200094
:1063540011F02AF8C221890510F062FC041C2800FF
:1063640011F022F8C221890510F05AFCC0210590D1
:106374000906039810F054FC04990B90081C10F0C3
:1063840087F80599051C0B9810F04AFC211C061C83
:10639400281C10F045FC011C301C10F079F80FF09B
:1063A400ADF9019B62499E0010F03AFC189B211C38
:1063B4009851201C089610F06BF80399061C0B9852
:1063C40010F02EFC211C0B90301C10F029FC011C39
:1063D4000B9810F075FDFE21890510F059F8059908
:1063E4000B90301C10F01CFC0399061C281C10F0A8
:1063F40017FC011C301C10F04BF80B990FF09EF9A0
:106404004B4910F00DFC199B089A04999850081CEC
:1064140010F006FC0399051C081C10F001FC011C7B
:10642400281C10F035F8211C051C201C10F0F8FB6A
:10643400011C281C10F044FD0599051C081C10F0D3
:10644400EFFB011C281C10F03BFD211C051C0398CC
:1064540010F0E6FB0599041C049810F0E1FB011C04
:10646400201C10F015F8011C10F012F8291C0FF074
:1064740065F92F4910F0D4FB1A9B089A9850102301
:1064840003930623019A06995A430C9B08929D187C
:106494004022069B1340114200D1E2E00199009A88
:1064A400039B4A43FB189B181A002E3211780132C1
:1064B400127809020A432A801A0030321178013214
:1064C400127809020A436A801A003232127833338E
:1064D4001B7812021343AB80039B1C210633DBB2EF
:1064E40003930EABDC1C220001233800FEF74AFAAA
:1064F40010B3BB690F48A9E6136053609360D3607F
:106504000022019B18999B00CA501999CA501A99E4
:10651400CA50B6E7B69D0108C29E0108E49E010870
:10652400109F0108FD9E0108329F0108499F010840
:1065340033336542889F01080023E85E10F034FF7E
:1065440004900223E85E10F02FFF061C0423E85E8B
:1065540010F02AFF0C23019A24785343E4060A9A84
:10656400A40F0590D518002C4DD1E221049889057B
:1065740010F056FBE221041C8905301C10F050FB7E
:10658400E221061C0598890510F04AFB2C606E6018
:10659400A8600D9BB98D9C4640F280120B00089DAB
:1065A40013406544114200D15DE10199009A039BB7
:1065B4004A43FB189B181A002E32117801321278C4
:1065C40009020A432A801A00303211780132127803
:1065D40009020A436A801A003232127833331B7874
:1065E40012021343AB80039B1B210633DBB20393DC
:1065F4000EABDC1C220001233800FEF7C3F9E8B31C
:10660400BB699F4822E6012C0DD1E4210498890539
:1066140010F006FBE421041C8905301C10F000FB7B
:10662400E421061CAEE7022C0DD1E621049889056D
:1066340010F0F6FAE621041C8905301C10F0F0FA7B
:10664400E621061C9EE7E8210498890510F0E8FA83
:10665400E821041C8905301C10F0E2FAE821061C2C
:1066640090E72B806B80AB800C23019A53430A9AEA
:10667400D31800221A605A609A608AE70023E85E01
:1066840010F092FE04900223E85E10F08DFE061CCA
:106694000423E85E10F088FE0C23019A2478534307
:1066A400E406169AA40F0590D518002C00D0B2E089
:1066B4007449049810F0F6F87249041C301C10F068
:1066C400F1F87049061C059810F0ECF82C606E6027
:1066D400A860BB8D9B071AD0019B009C5C43039B65
:1066E400E418099B1C196378E578DB0708D53B6A35
:1066F40033B107222900E8081140013110409847BE
:1067040063781B0703D57B6A0BB1A8099847019BE3
:1067140001339BB201931B9B019A1B88934200D8BF
:1067240087E51421BB8D179A0693019B06981B01DC
:10673400D218069B0B40084200D1DDE60199009B6C
:106744004B43FB1819002E310878033109780006F1
:10675400084319002F3109781C0009040843190063
:10676400303109783334090208431900323126786C
:106774000978360409060E431900353109780434C2
:106784000E43190034310978247809020E431900A4
:1067940036310978240409060C4319003931097883
:1067A4001D000C431900383109783B3509020C43AC
:1067B40019003A3109782D7809062D040D43190082
:1067C4003C333D3109781B780D431B021D43106097
:1067D40056609460D5603214944603145B4303936B
:1067E40063465B439C46211449432A145243039B4A
:1067F40063445B189B18F12212069B1880229204B2
:10680400934200D894E5BB691F4898473800FEF7C7
:106814000DF905230CE5012C0BD11C49049810F04B
:1068240041F81A49041C301C10F03CF81749061CA6
:1068340049E7022C0BD11649049810F033F8144997
:10684400041C301C10F02EF81149061C3BE71149BA
:10685400049810F027F80F49041C301C10F022F89B
:106864000C49061C2FE72B806B80AB800C23019A0C
:106874005343169AD31800221A605A609A6028E784
:10688400AC9F0108000003436C9F01080000834291
:106894003333034233338341030010B5022073B111
:1068A4001A00283212780130012A08D11A0029323C
:1068B4001278012A04D004489B699847042010BD2B
:1068C40000201962FBE7C046B69D0108030010B51D
:1068D400022073B11A00283212780130012A08D13B
:1068E4001A0029321278012A04D004489B69984777
:1068F400042010BD00205962FBE7C046B69D010884
:10690400F7B504000E00022074B1230028331B786D
:106914000130012B08D1230029331D78012D04D027
:106924001148A36998470420FEBD6B46DF1D3A0059
:106934002B006A212000FEF725F820B1A3690B483B
:1069440098472800F0E77F223B78F60113401E4366
:106954003A002B006A2120003E70FEF71CF8002844
:10696400E2D0A3690248EBE7B69D0108CF9F010876
:10697400F09F0108F0B51C00022385B007000E004B
:1069840015000193E0B10300032228331B78019220
:10699400012B15D1030029331B780193012B05D05A
:1069A40083697B4898470423019309E002AA1C21C8
:1069B400019B0632FDF7E6FF28B1BB69754898478D
:1069C400019805B0F0BD02AA1B213800019B0732D3
:1069D400FDF7D8FF10B1BB696F48F0E702AB9F79B0
:1069E400032302AAD279FF08DA401F401A4028681C
:1069F400019210F0D9FCEFBB8D21C90510F010F9FC
:106A040010F0B2FC0A9B1860686810F0CDFC8D2170
:106A1400C90510F005F910F0A7FC0A9B5860A86896
:106A240010F0C2FC8D21C90510F0FAF810F09CFC9E
:106A34000A9B9860306810F0B7FC019B002B65D16D
:106A4400564910F0EDF810F08FFC2060706810F0DB
:106A5400ABFC524910F0E4F810F086FC6060B068BA
:106A640010F0A2FC4D4910F0DBF810F07DFC00237F
:106A7400A06099E7012F17D18C21C90510F0D0F837
:106A840010F072FC0A9B1860686810F08DFC8C2171
:106A9400C90510F0C5F810F067FC0A9B5860A86897
:106AA40010F082FC8C21BEE7022F17D18B21C9057F
:106AB40010F0B6F810F058FC0A9B1860686810F0E3
:106AC40073FC8B21C90510F0ABF810F04DFC0A9B48
:106AD4005860A86810F068FC8B21A4E78A21C905D6
:106AE40010F09EF810F040FC0A9B1860686810F0E3
:106AF4005BFC8A21C90510F093F810F035FC0A9B61
:106B04005860A86810F050FC8A218CE7019B012B87
:106B140013D1234910F084F810F026FC206070682B
:106B240010F042FC1E4910F07BF810F01DFC606070
:106B3400B06810F039FC1A4995E7019B022B13D178
:106B4400184910F06DF810F00FFC2060706810F018
:106B54002BFC144910F064F810F006FC6060B06877
:106B640010F022FC0F497EE70F4910F059F810F09D
:106B7400FBFB2060706810F017FC0B4910F050F814
:106B840010F0F2FB6060B06810F00EFC06496AE792
:106B9400B69D0108889F0108AC9F010800000343CB
:106BA4000000834233330342333383410300022022
:106BB4000BB10020197070470300022013B10020AC
:106BC4001B780B70704773B50400022034B1A369BD
:106BD4001BB162681AB930489847032076BDA16892
:106BE40009B92E48F8E7E16809B92D48F4E72169A5
:106BF40009B92C48F0E7616909B92B48ECE7E16968
:106C040009B92A48E8E7904720B12948A369984779
:106C14000120E3E76B46DD1D2A00012375212000D6
:106C2400FDF7B0FE30B1A36922489847A36898479E
:106C34000520D3E72B78682B02D0A3691E48F4E71C
:106C440080232A002B706B2120007F3BFDF7A3FEDD
:106C5400642630B1A36919489847A368984704206B
:106C6400BCE70A206369984701232A006B212000AE
:106C7400FDF788FE10B1A3691148EDE72B787F2B4F
:106C840002D801232385A9E7013E002EE9D1A36997
:106C94000C489847E3E7C04612A001082EA001085B
:106CA4004CA0010868A0010885A00108A1A0010862
:106CB400C5A00108E0A0010800A1010819A101086C
:106CC4003CA101085EA1010837B50400022588B182
:106CD400030028331D78012D1BD14F236A466B21F5
:106CE400D3712B000732FDF756FE28B1A3690A4879
:106CF4009847033528003EBD63690A209847A36876
:106D0400984718B1A36905489847F3E7050020851B
:106D1400F0E70325EEE7C04619A1010876A10108B2
:106D2400F0B58FB0059302230400019104920093FF
:106D340010B3030028331D7803230093012D1BD1C6
:106D4400159B1B882BB98369C74898470423009374
:106D540012E0030029331B7823B18369C3489847A1
:106D64000523F4E72B006A210CAAFDF70BFE30B1D2
:106D7400A369BF489847009500980FB0F0BD0CABCD
:106D84005E1C32002B001C212000FDF7FBFD10B11E
:106D9400A369B848EEE70CAB9F1C3A002B001B21FB
:106DA4002000FDF7EFFD10B1A369B348E2E7032229
:106DB4003378DB08134033703B78D34013403B7087
:106DC4000CAB1B785B0600D43FE10CAB9E18320081
:106DD4002B0023212000FDF7D5FD10B1A369A7489E
:106DE400C8E73378782B04D0A369A54898470623CD
:106DF400ADE70DAE0223320072212000FDF7C2FD83
:106E040010B1A3699F48B5E740F20043328852BAF3
:106E140091B2994200D91A1C159B92B219880C237D
:106E240059438A4200DD0A0092B2B2FBF3F215998B
:106E340053430A802200742120009BB22E32FDF7B6
:106E4400A1FD0090002800D00AE10CAB01331B78AF
:106E540006930CAB02331B78079303000293159B34
:106E6400029A1B88934200D886E70C23029A5A435D
:106E740003920622029B5A43019B9F18039BE3182B
:106E840019002E3108780131097800020143398054
:106E94001900303108780131097800020143798002
:106EA4001900323108780131097800020143B980B0
:106EB40005998A18190034310878013109780002DB
:106EC400014309B211800991190036310878013162
:106ED40009780002014309B251800A91190038313E
:106EE400097839331B7809020B431BB293800B9347
:106EF4000023F85E10F058FA039A049B9446634406
:106F04000893061C0223F85E10F04EFA051C0423B5
:106F1400F85E10F049FA069B071CE3BBE221301C23
:106F240089050FF07DFEE221061C8905281C0FF05F
:106F340077FEE221051C8905381C0FF071FE089BC1
:106F44001E605D609860099810F02EFA149B039FF0
:106F54009C46061C0A98674410F026FA051C0B98F8
:106F640010F022FA079B0390002B44D14649301CB1
:106F74000FF098FC4449061C281C0FF093FC42496E
:106F8400051C03980FF08EFC029B3E6001337D606C
:106F9400B8609BB262E7069B012B0DD1E421301C43
:106FA40089050FF03DFEE421061C8905281C0FF01D
:106FB40037FEE421051CBEE7069B022B0DD1E6211A
:106FC400301C89050FF02CFEE621061C8905281CBF
:106FD4000FF026FEE621051CADE7E821301C8905EB
:106FE4000FF01EFEE821061C8905281C0FF018FE70
:106FF400E821051C9FE7079B012B0BD12349301C7B
:107004000FF050FC2149061C281C0FF04BFC1F49B3
:10701400051CB6E7079B022B0BD11D49301C0FF052
:1070240041FC1B49061C281C0FF03CFC1849051C9C
:10703400A7E71849301C0FF035FC1649061C281C1C
:107044000FF030FC1349051C9BE72200159B3B21E4
:107054001D8020000E232E32FDF794FC0090E8B131
:10706400A3690D4886E6C04693A10108239D010843
:10707400CF9F0108889F0108AC9F0108ADA10108BA
:10708400D0A10108109F01080000034300008342BF
:107094003333034233338341329F0108E38D019A32
:1070A4005BBA1380238E37785BBA5380638E5BBAE6
:1070B4009380E38E5ABADBBA0293059B1A80238F1E
:1070C4005ABADBBA0393059B5A80638F5ABADBBA68
:1070D4000693059B9A80019B0020185E10F064F9CA
:1070E400019B061C0220185E10F05EF9019B051C32
:1070F4000420185E10F058F9041CBFBBE221301CB8
:1071040089050FF08DFDE221061C8905281C0FF06E
:1071140087FDE221051C8905201C0FF081FD049BDD
:107124001E605D6098600CAB02989C7810F03CF98E
:10713400051C039810F038F9061C069810F034F971
:10714400071C002C40D13449281C0FF0ABFB3249FA
:10715400041C301C0FF0A6FB2F49051C381C0FF033
:10716400A1FB149B1C605D60986005E6012F0DD1A6
:10717400E421301C89050FF053FDE421061C890528
:10718400281C0FF04DFDE421051CC4E7022F0DD18E
:10719400E621301C89050FF043FDE621061C890514
:1071A400281C0FF03DFDE621051CB4E7E821301C46
:1071B40089050FF035FDE821061C8905281C0FF010
:1071C4002FFDE821051CA6E7012C0BD11349281C2F
:1071D4000FF068FB1149041C301C0FF063FB0F49CE
:1071E400051CBBE7022C0BD10D49281C0FF05AFBE0
:1071F4000B49041C301C0FF055FB0949051CADE775
:107204000849281C0FF04EFB0649041C301C0FF0E3
:1072140049FB0449051CA1E7000003430000834225
:107224003333034233338341F0B585B00500160090
:107234000224019180B1030028331B780134012B0F
:107244000AD103AF3A0041210133FDF79BFB04004F
:1072540028B1AB6909489847200005B0F0BD3888CB
:10726400019A43BA1380C0BA10F09EF804490FF093
:1072740019FB04490FF00CF93060EDE7329F010867
:107284000000AA43B81E124273B50400022580B15F
:10729400030028331B780135012B0AD16A46D61D19
:1072A40032003A21FDF76EFB050020B1A3691648B0
:1072B4009847280076BD33785B0603D5E3690BB1A4
:1072C400062098473378DB0606D5E3690BB1042022
:1072D40098472000FDF7AAFB33781B0703D5E36921
:1072E4000BB10320984733789B0703D5E3690BB1AF
:1072F400012098473378DB07DBD5E369002BD8D02E
:1073040000209847D5E7C046C29E0108F7B504009F
:107314000E00022094B1230028331D780130012D82
:107324000CD16B46DF1D3A002B006A212000FDF7CB
:1073340029FB20B1A3690A4898472800FEBD4022D2
:107344003B78B60193431E433A002B006A21200088
:107354003E70FDF720FB0028F0D0A3690148EBE75D
:10736400CF9F0108F09F0108F0B585B00500022405
:10737400019188B1030028331E780134012E0BD10A
:1073840002ABDF1D3A0033006A21FDF7FBFA04006B
:1073940028B1AB6905489847200005B0F0BD3B789B
:1073A400019A9B0933401370F6E7C046CF9F01084A
:1073B40070B50500022460B1030028331B78013442
:1073C400012B06D1FDF732FB040010B1AB69024872
:1073D4009847200070BDC046EEA10108F7B504002F
:1073E4000E00022094B1230028331D780130012DB2
:1073F4000CD16B46DF1D3A002B006A212000FDF7FB
:10740400C1FA20B1A3690A4898472800FEBD20228A
:107414003B78760193431E433A002B006A212000F7
:107424003E70FDF7B8FA0028F0D0A3690148EBE7F5
:10743400CF9F0108F09F0108F0B585B00500022434
:10744400019188B1030028331E780134012E0BD139
:1074540002ABDF1D3A0033006A21FDF793FA040002
:1074640028B1AB6905489847200005B0F0BD3B78CA
:10747400019A5B0933401370F6E7C046CF9F0108B9
:1074840073B50400022094B1230028331D78013021
:10749400012D0CD16B46DE1D32002B006A21200029
:1074A400FDF770FA20B1A36909489847280076BD12
:1074B400042332786A211343337032002B002000F6
:1074C400FDF769FA0028F2D0A3690248EDE7C04647
:1074D400CF9F0108F09F0108F0B585B00500022494
:1074E400019188B1030028331E780134012E0BD199
:1074F40002ABDF1D3A0033006A21FDF743FA0400B2
:1075040028B1AB6905489847200005B0F0BD3B7829
:10751400019A9B0833401370F6E7C046CF9F0108D9
:1075240073B50400022094B1230028331D78013080
:10753400012D0CD16B46DE1D32002B006A21200088
:10754400FDF720FA20B1A36909489847280076BDC1
:10755400022332786A211343337032002B00200057
:10756400FDF719FA0028F2D0A3690248EDE7C046F6
:10757400CF9F0108F09F0108F0B585B005000224F3
:10758400019188B1030028331E780134012E0BD1F8
:1075940002ABDF1D3A0033006A21FDF7F3F9040062
:1075A40028B1AB6905489847200005B0F0BD3B7889
:1075B400019A5B0833401370F6E7C046CF9F010879
:1075C40073B50400022094B1230028331D780130E0
:1075D400012D0CD16B46DE1D32002B006A212000E8
:1075E400FDF7D0F920B1A36908489847280076BD73
:1075F400337832002B4333706A212B002000FDF7CF
:10760400CAF90028F3D0A3690148EEE7CF9F010827
:10761400F09F0108F0B585B005000224019188B1FE
:10762400030028331E780134012E0BD102ABDF1D79
:107634003A0033006A21FDF7A5F9040028B1AB69CB
:1076440004489847200005B0F0BD3B78019A3340C8
:107654001370F7E7CF9F010873B50400022578B1D2
:10766400030028331D78012D21D16B46DE1D320025
:107674002B006B21FDF786F920B1A3690D489847CB
:10768400280076BD802332785B4213433370320086
:107694002B006B212000FDF77EF9060010B1A369D1
:1076A4000548ECE70A20636998473500E8E70325B5
:1076B400E6E7C04611A201083BA20108F7B50500A0
:1076C4000E00022480B1030028331B780134012BFF
:1076D4000AD16A46D71D3A006B21FDF753F904001D
:1076E40020B1AB69034898472000FEBD3B78DB0915
:1076F4003370F9E711A20108F7B504000E00022067
:1077040094B1230028331D780130012D0CD16B4630
:10771400DF1D3A002B006B212000FDF733F920B167
:10772400A3690A4898472800FEBD07223B786B21CD
:1077340093431E433A002B0020003E70FDF72BF9C3
:107744000028F1D0A3690248ECE7C04611A2010861
:107754003BA20108F7B505000E00022480B1030026
:1077640028331B780134012B0AD16A46D71D3A000D
:107774006B21FDF707F9040020B1AB690448984771
:107784002000FEBD07223B7813403370F8E7C04663
:1077940011A20108F7B504000E00022094B12300E1
:1077A40028331D780130012D0CD16B46DF1D3A00C2
:1077B4002B006B212000FDF7E5F820B1A3690B48ED
:1077C40098472800FEBD08223B786B219343724200
:1077D4005641F6001E433A002B0020003E70FDF790
:1077E400DAF80028EED0A3690148E9E711A20108FC
:1077F4003BA20108F0B585B005000224019188B1CF
:10780400030028331E780134012E0BD102ABDF1D97
:107814003A0033006B21FDF7B5F8040028B1AB69D9
:1078240005489847200005B0F0BD3B78DB089E432F
:10783400019B1E70F6E7C04611A20108F7B50400CB
:107844000E00022094B1230028331D780130012D4D
:107854000CD16B46DF1D3A002B006B212000FDF795
:1078640091F820B1A3690A4898472800FEBD202258
:107874003B78760193431E433A002B006B21200092
:107884003E70FDF788F80028F0D0A3690148EBE7C3
:1078940011A201083BA20108F0B585B0050002243D
:1078A400019188B1030028331E780134012E0BD1D5
:1078B40002ABDF1D3A0033006B21FDF763F80400CF
:1078C40028B1AB6905489847200005B0F0BD3B7866
:1078D400019A5B0933401370F6E7C04611A2010810
:1078E400F7B504000E00022094B1230028331D785C
:1078F4000130012D0CD16B46DF1D3A002B006B21AA
:107904002000FDF73FF820B1A3690A4898472800F2
:10791400FEBD40223B78B60193431E433A002B0040
:107924006B2120003E70FDF736F80028F0D0A369E3
:107934000148EBE711A201083BA20108F0B585B0AC
:1079440005000224019188B1030028331E78013414
:10795400012E0BD102ABDF1D3A0033006B21FDF782
:1079640011F8040028B1AB6905489847200005B018
:10797400F0BD3B78019A9B0933401370F6E7C0468B
:1079840011A20108F0B5040085B00F000220019295
:1079940094B1230028331D780130012D0CD102ABA2
:1079A400DE1D32002B006C212000FCF7EBFF28B118
:1079B400A3690C489847280005B0F0BD2A00BA40D6
:1079C40033786C219343019A2000BA4013433370F7
:1079D40032002B00FCF7DFFF0028EDD0A36902483A
:1079E400E8E7C04666A2010890A20108F0B585B098
:1079F400050002240091019288B1030028331E7807
:107A04000134012E0BD102ABDF1D3A0033006C218F
:107A1400FCF7B8FF040028B1AB690648984720007A
:107A240005B0F0BD009A3B781341019A33401370BE
:107A3400F5E7C04666A20108F7B504000E0002206F
:107A440094B1230028331D780130012D0CD16B46ED
:107A5400DF1D3A002B006C212000FCF793FF20B1BE
:107A6400A3690A4898472800FEBD3F223B78B60127
:107A740013401E433A002B006C2120003E70FCF79B
:107A84008AFF0028F0D0A3690148EBE766A2010849
:107A940090A20108F7B505000E00022480B103008E
:107AA40028331B780134012B0AD16A46D71D3A00CA
:107AB4006C21FCF767FF040020B1AB6903489847C9
:107AC4002000FEBD3B789B093370F9E766A20108EC
:107AD400F7B505000E00022480B1030028331B789B
:107AE4000134012B0AD101AF3A0072210133FCF7B2
:107AF40049FF040020B1AB69034898472000FEBD4C
:107B04003B885BBA3380F9E7109F010870B5130016
:107B14000500022470B10200283212780134012ACF
:107B240008D10A007421FCF72DFF040010B1AB69E1
:107B340001489847200070BDBBA2010870B513002E
:107B44000500022470B10200283212780134012A9F
:107B540008D10A007421FCF71EFF040010B1AB69C0
:107B640001489847200070BDD7A20108F7B504006A
:107B74000E00022094B1230028331D780130012D1A
:107B84000CD16B46DF1D3A002B0068212000FCF766
:107B9400F9FE20B1A3690A4898472800FEBD2B00CE
:107BA400B3403A7868219A4313433B703A002B0060
:107BB4002000FCF7F0FE0028F0D0A3690148EBE7B1
:107BC400F4A201081DA3010837B56B460500DA1DB0
:107BD4000224117068B1030028331B780134012B8F
:107BE40007D11921FCF7D7FE040010B1AB69024894
:107BF400984720003EBDC04647A3010870B50A005F
:107C04000500022468B1030028331B780134012BDA
:107C140007D11921FCF7B6FE040010B1AB69024884
:107C24009847200070BDC04669A30108F7B5040059
:107C34000E00022094B1230028331D780130012D59
:107C44000CD16B46DF1D3A002B001A212000FCF7F3
:107C540099FE20B1A3690A4898472800FEBD38223E
:107C64003B78F60093431E433A002B001A21200070
:107C74003E70FCF790FE0028F0D0A3690148EBE7C2
:107C84008AA30108A8A30108F7B505000E00022481
:107C940080B1030028331B780134012B0AD16A46D2
:107CA400D71D3A001A21FCF76DFE040020B1AB6920
:107CB400044898472000FEBD3B789B065B0F337059
:107CC400F8E7C0468AA30108F7B504000E000220B5
:107CD40094B1230028331D780130012D0CD16B465B
:107CE400DF1D3A002B001A212000FCF74BFE20B1C7
:107CF400A3690A4898472800FEBD07223B781A2149
:107D040093431E433A002B0020003E70FCF743FED1
:107D14000028F1D0A3690248ECE7C0468AA3010811
:107D2400A8A30108F7B505000E00022480B10300E2
:107D340028331B780134012B0AD16A46D71D3A0037
:107D44001A21FCF71FFE040020B1AB6904489847D0
:107D54002000FEBD07223B7813403370F8E7C0468D
:107D64008AA30108F0B5040085B00F000220019237
:107D740094B1230028331D780130012D0CD102ABBE
:107D8400DE1D32002B001B212000FCF7FBFD28B177
:107D9400A3690C489847280005B0F0BD2A00BA40F2
:107DA40033781B219343019A2000BA401343337064
:107DB40032002B00FCF7EFFD0028EDD0A369024848
:107DC400E8E7C046C7A30108EFA30108F0B585B0F2
:107DD400050002240091019288B1030028331E7823
:107DE4000134012E0BD102ABDF1D3A0033001B21FD
:107DF400FCF7C8FD040028B1AB6906489847200089
:107E040005B0F0BD009A3B781341019A33401370DA
:107E1400F5E7C046C7A30108F7B504000E00022029
:107E240094B1230028331D780130012D0CD16B4609
:107E3400DF1D3A002B001B212000FCF7A3FD20B11D
:107E4400A3690A4898472800FEBD18223B78F6002B
:107E540093431E433A002B001B2120003E70FCF785
:107E64009AFD0028F0D0A3690148EBE7C7A30108F5
:107E7400EFA30108F7B505000E00022480B103004A
:107E840028331B780134012B0AD16A46D71D3A00E6
:107E94001B21FCF777FD040020B1AB690448984727
:107EA4002000FEBD3B78DB069B0F3370F8E7C0462D
:107EB400C7A30108F0B5040085B00F0002200192A9
:107EC40094B1230028331D780130012D0CD102AB6D
:107ED400DE1D32002B001C212000FCF753FD28B1CD
:107EE400A3690C489847280005B0F0BD2A00BA40A1
:107EF40033781C219343019A2000BA401343337012
:107F040032002B00FCF747FD0028EDD0A36902489E
:107F1400E8E7C046439E010818A40108F0B585B0FF
:107F2400050002240091019288B1030028331E78D1
:107F34000134012E0BD102ABDF1D3A0033001C21AA
:107F4400FCF720FD040028B1AB69064898472000DF
:107F540005B0F0BD009A3B781341019A3340137089
:107F6400F5E7C046439E0108F7B504000E00022061
:107F740094B1230028331D780130012D0CD16B46B8
:107F8400DF1D3A002B001C212000FCF7FBFC20B174
:107F9400A3690A4898472800FEBD18223B78F600DA
:107FA40093431E433A002B001C2120003E70FCF733
:107FB400F2FC0028F0D0A3690148EBE7439E0108D6
:107FC40018A40108F7B505000E00022480B10300CF
:107FD40028331B780134012B0AD16A46D71D3A0095
:107FE4001C21FCF7CFFC040020B1AB69044898477E
:107FF4002000FEBD3B78DB069B0F3370F8E7C046DC
:10800400439E0108F0B5040085B00F0002200192E0
:1080140094B1230028331D780130012D0CD102AB1B
:10802400DE1D32002B0023212000FCF7ABFC28B11D
:10803400A3690C489847280005B0F0BD2A00BA404F
:10804400337823219343019A2000BA4013433370B9
:1080540032002B00FCF79FFC0028EDD0A3690248F6
:10806400E8E7C04645A401086FA40108F0B585B04F
:10807400050002240091019288B1030028331E7880
:108084000134012E0BD102ABDF1D3A003300232152
:10809400FCF778FC040028B1AB6906489847200037
:1080A40005B0F0BD009A3B781341019A3340137038
:1080B400F5E7C04645A40108F7B504000E00022008
:1080C40094B1230028331D780130012D0CD16B4667
:1080D400DF1D3A002B0037212000FCF753FC20B1B0
:1080E400A3690A4898472800FEBD7F223B78F60121
:1080F40013401E433A002B00372120003E70FCF74A
:108104004AFC0028F0D0A3690148EBE79AA40108CF
:10811400BFA40108F7B505000E00022480B10300D6
:1081240028331B780134012B0AD16A46D71D3A0043
:108134003721FCF727FC040020B1AB6903489847BA
:108144002000FEBD3B78DB093370F9E79AA40108EF
:10815400F7B504000E00022094B1230028331D78E3
:108164000130012D0CD16B46DF1D3A002B00372165
:108174002000FCF707FC20B1A3690A4898472800AF
:10818400FEBD40223B78B60193431E433A002B00C8
:10819400372120003E70FCF7FEFB0028F0D0A369D5
:1081A4000148EBE79AA40108BFA40108F0B585B023
:1081B40005000224019188B1030028331E7801349C
:1081C400012E0BD102ABDF1D3A0033003721FCF73F
:1081D400D9FB040028B1AB6905489847200005B0D5
:1081E400F0BD3B78019A9B0933401370F6E7C04613
:1081F4009AA40108F7B504000E00022094B12300EC
:1082040028331D780130012D0CD16B46DF1D3A0057
:108214002B0037212000FCF7B5FB20B1A3690B48E4
:1082240098472800FEBD20223B78372193437242B1
:10823400564176011E433A002B0020003E70FCF7A5
:10824400AAFB0028EED0A3690148E9E79AA4010833
:10825400BFA40108F0B585B005000224019188B1DE
:10826400030028331E780134012E0BD102ABDF1D2D
:108274003A0033003721FCF785FB040028B1AB69D1
:1082840005489847200005B0F0BD3B785B099E4344
:10829400019B1E70F6E7C0469AA40108F7B50400D6
:1082A4000E00022094B1230028331D780130012DE3
:1082B4000CD16B46DF1D3A002B0037212000FCF760
:1082C40061FB20B1A3690A4898472800FEBD10222B
:1082D4003B78360193431E433A002B00372120009C
:1082E4003E70FCF758FB0028F0D0A3690148EBE787
:1082F4009AA40108BFA40108F0B585B005000224C2
:10830400019188B1030028331E780134012E0BD16A
:1083140002ABDF1D3A0033003721FCF733FB0400C6
:1083240028B1AB6905489847200005B0F0BD3B78FB
:10833400019A1B0933401370F6E7C0469AA401085A
:10834400F7B504000E00022094B1230028331D78F1
:108354000130012D0CD16B46DF1D3A002B00372173
:108364002000FCF70FFB20B1A3690A4898472800B6
:10837400FEBD08223B78F60093431E433A002B00CF
:10838400372120003E70FCF706FB0028F0D0A369DB
:108394000148EBE79AA40108BFA40108F0B585B031
:1083A40005000224019188B1030028331E780134AA
:1083B400012E0BD102ABDF1D3A0033003721FCF74D
:1083C400E1FA040028B1AB6905489847200005B0DC
:1083D400F0BD3B78019ADB0833401370F6E7C046E2
:1083E4009AA40108F7B504000E00022094B12300FA
:1083F40028331D780130012D0CD16B46DF1D3A0066
:108404002B0037212000FCF7BDFA20B1A3690A48EC
:1084140098472800FEBD04223B78B60093431E43D0
:108424003A002B00372120003E70FCF7B4FA0028F4
:10843400F0D0A3690148EBE79AA40108BFA401089E
:10844400F0B585B005000224019188B103002833FA
:108454001E780134012E0BD102ABDF1D3A0033002C
:108464003721FCF78FFA040028B1AB690548984717
:10847400200005B0F0BD3B78019A9B08334013708F
:10848400F6E7C0469AA40108F7B504000E000220DE
:1084940094B1230028331D780130012D0CD16B4693
:1084A400DF1D3A002B0037212000FCF76BFA20B1C6
:1084B400A3690A4898472800FEBD02223B7876004B
:1084C40093431E433A002B00372120003E70FCF7F3
:1084D40062FA0028F0D0A3690148EBE79AA40108E6
:1084E400BFA40108F0B585B005000224019188B14C
:1084F400030028331E780134012E0BD102ABDF1D9B
:108504003A0033003721FCF73DFA040028B1AB6987
:1085140005489847200005B0F0BD3B78019A5B08F8
:1085240033401370F6E7C0469AA40108F0B504007E
:1085340085B00F000220019294B1230028331D78E6
:108544000130012D0CD102ABDE1D32002B0038218D
:108554002000FCF717FA28B1A3690C4898472800B3
:1085640005B0F0BD2A00BA40337838219343019A0C
:108574002000BA401343337032002B00FCF70BFA8F
:108584000028EDD0A3690248E8E7C046E5A4010845
:108594000DA50108F0B585B00500022400910192F3
:1085A40088B1030028331E780134012E0BD102ABAD
:1085B400DF1D3A0033003821FCF7E4F9040028B148
:1085C400AB6906489847200005B0F0BD009A3B7897
:1085D4001341019A33401370F5E7C046E5A401083E
:1085E40070B50A000500022468B1030028331B7823
:1085F4000134012B07D13A21FCF7C4F9040010B16E
:10860400AB6902489847200070BDC04636A50108F2
:10861400F7B504000E0002205CB1230028331D7856
:108624000130012D05D11F2904D91148A3699847A8
:108634000420FEBD6B46DF1D3A002B000D212000F7
:10864400FCF7A0F920B1A3690A4898472800F0E78D
:108654001F223B780D2193431E433A002B00200038
:108664003E70FCF798F90028E3D0A3690248ECE7D0
:108674005EA501087BA501089EA5010870B505004B
:108684000E00022470B1030028331B780134012B3F
:1086940008D10A000D21FCF775F9040020B1AB697B
:1086A40004489847200070BD1F223378134033706C
:1086B400F8E7C0467BA50108F7B504000E000220C8
:1086C4005CB1230028331D780130012D05D11F2909
:1086D40004D91148A36998470420FEBD6B46DF1DE9
:1086E4003A002B000E212000FCF74CF920B1A369BD
:1086F4000A4898472800F0E71F223B780E2193434D
:108704001E433A002B0020003E70FCF744F9002879
:10871400E3D0A3690248ECE75EA50108C2A50108FD
:10872400E5A5010870B505000E00022470B1030030
:1087340028331B780134012B08D10A000E21FCF7E1
:1087440021F9040020B1AB6904489847200070BDAA
:108754001F22337813403370F8E7C046C2A50108DE
:10876400F7B504000E0002205CB1230028331D7805
:108774000130012D05D11F2904D91148A369984757
:108784000420FEBD6B46DF1D3A002B000F212000A4
:10879400FCF7F8F820B1A3690A4898472800F0E7E5
:1087A4001F223B780F2193431E433A002B002000E5
:1087B4003E70FCF7F0F80028E3D0A3690248ECE728
:1087C4005EA5010809A601082CA6010870B50500DC
:1087D4000E00022470B1030028331B780134012BEE
:1087E40008D10A000F21FCF7CDF8040020B1AB69D1
:1087F40004489847200070BD1F223378134033701B
:10880400F8E7C04609A60108F7B504000D000220E8
:108814005CB1230028331E780130012E05D11F29B5
:1088240004D92048A36998470420FEBD6B46DF1D88
:108834003A0033000D212000FCF7A4F820B1A3690D
:10884400194898473000F0E71F223B780D21134068
:10885400AA08520113433B703A0033002000FCF78E
:108864009AF810B1A3691148EBE733003A001021DC
:108874002000FCF787F810B1A3690D48E1E7302226
:108884003B782D01934315402B433B703A00330052
:1088940010212000FCF77FF80028C6D0A369054802
:1088A400CFE7C0465EA501087BA501089EA5010887
:1088B40050A6010873A60108F0B585B0040002258E
:1088C400019178B1030028331D78012D24D102AB26
:1088D4009F1D3A002B000D21FCF754F828B1A36921
:1088E4000E489847280005B0F0BD02ABDE1D3200EB
:1088F4002B0010212000FCF745F810B1A3690848AB
:10890400EFE73B7832785B099206920F9B001343A2
:10891400019A05001370E5E70325E3E77BA5010849
:1089240050A60108F7B504000D0002205CB1230035
:1089340028331E780130012E05D11F2904D920487F
:10894400A36998470420FEBD6B46DF1D3A0033003F
:108954000E212000FCF716F820B1A36919489847A6
:108964003000F0E71F223B780E211340AA08520181
:1089740013433B703A0033002000FCF70CF810B1AD
:10898400A3691148EBE733003A0010212000FBF7FC
:10899400F9FF10B1A3690D48E1E70C223B78AD0063
:1089A400934315402B433B703A00330010212000C1
:1089B400FBF7F1FF0028C6D0A3690548CFE7C046FE
:1089C4005EA50108C2A50108E5A5010850A6010895
:1089D40073A60108F0B585B004000225019178B1B1
:1089E400030028331D78012D24D102AB9F1D3A00CA
:1089F4002B000E21FBF7C6FF28B1A3690E48984748
:108A0400280005B0F0BD02ABDE1D32002B001021A2
:108A14002000FBF7B7FF10B1A3690848EFE73B78E4
:108A240032785B091207920F9B001343019A0500E9
:108A34001370E5E70325E3E7C2A5010850A6010882
:108A4400F7B504000E0002205CB1230028331D7822
:108A54000130012D05D11F2904D91F48A369984766
:108A64000420FEBD6B46DF1D3A002B000F212000C1
:108A7400FBF788FF20B1A369184898472800F0E75E
:108A84001F223B780F211340B208520113433B705D
:108A94003A002B002000FBF77EFF10B1A3691048B9
:108AA400EBE72B003A0010212000FBF76BFF10B11D
:108AB400A3690C48E1E703223B78164093431E4325
:108AC4003A002B00102120003E70FBF764FF0028C1
:108AD400C7D0A3690448D0E75EA5010809A6010828
:108AE4002CA6010850A6010873A60108F0B585B0AC
:108AF40004000225019178B1030028331D78012D6B
:108B040024D102AB9F1D3A002B000F21FBF73AFF43
:108B140028B1A3690E489847280005B0F0BD02AB00
:108B2400DE1D32002B0010212000FBF72BFF10B1BB
:108B3400A3690848EFE703213B7832785B090A40D0
:108B44009B001343019A05001370E5E70325E3E74F
:108B540009A6010850A6010837B56B460500DA1DC1
:108B64000224117068B1030028331B780134012BEF
:108B740007D11F21FBF70FFF040010B1AB690248B6
:108B8400984720003EBDC04697A6010870B50A006C
:108B94000500022468B1030028331B780134012B3B
:108BA40007D11F21FBF7EEFE040010B1AB690248A8
:108BB4009847200070BDC046C0A60108030070B5E8
:108BC400081C1500022463B128331B780134012BDF
:108BD40007D1F42189050EF023F80DF001FA0024E1
:108BE4002870200070BD030070B508001500022431
:108BF40063B128331B780134012B07D10EF022FC1A
:108C04008421C9050EF00CF800242860200070BDF2
:108C140037B56B460500DA1D0224117068B10300F4
:108C240028331B780134012B07D12021FBF7B3FE35
:108C3400040010B1AB690248984720003EBDC0460D
:108C4400E8A6010870B50A000500022468B1030013
:108C540028331B780134012B07D12021FBF792FE26
:108C6400040010B1AB6902489847200070BDC046AB
:108C740010A701080300022033B128331B78013008
:108C8400012B01D10020117070470300022033B181
:108C940028331B780130012B01D10020117070475B
:108CA400F7B504000E000220ACB1230028331D7870
:108CB4000130012D0FD16369023098476B46DF1DE7
:108CC4003A002B001C212000FBF75CFE20B1A369B5
:108CD4000B4898472800FEBD3A78072113008B43C0
:108CE400012E01D10B0013433B703A0001231C21D8
:108CF4002000FBF750FE0028EDD0A3690148E8E707
:108D0400889F010837A70108F0B593B00700022532
:108D14000491059270B1030028331B780135039345
:108D2400012B07D10023FBF70BFF30B1BB6985484A
:108D34009847039D280013B0F0BD3800039B0CAA8C
:108D440009A9FBF7FDFE0028F0D108AE0423320088
:108D54000D213800FBF716FE0190002858D11C2184
:108D6400F27833781011DB1028400B4007AC034332
:108D7400237073789010DB100B402840034363701A
:108D8400B3782A40DB100B401343A370019B0FAE52
:108D940002932578002D48D100233360029B0134CF
:108DA4000133DBB202930436032BF2D10025059B79
:108DB400AE0098590CABF3580FACC01AC317C018C7
:108DC40058400EF0F1FADE2189050DF029FF3659DD
:108DD400029070005C49400803F056FA38B3311C25
:108DE40002980DF05FFDFE2189050EF069F85749E0
:108DF4004000400803F048FA28B10123AB40019A2F
:108E04001A43D3B201930135032DD0D1019BBBB1D9
:108E1400BB694F488CE74F490DF002FF013DEDB2AD
:108E24003060002DF7D12570B8E74B48F6E74B4981
:108E3400029803F015FA0028DFD149490298D9E7CE
:108E44002B0022000D213800FBF79CFD05000028B3
:108E540041D11F2241F61F71A37802941340228846
:108E6400A3700A402280019C049AA300D05809AA46
:108E74009B58C01AC317C01858400EF095FADE214B
:108E840089050DF0CDFE029B01901E7836B335485E
:108E940002E035490DF0C4FE013EF6B2002EF8D1D1
:108EA400029B011C1E7001980DF0FCFCFE2189053B
:108EB4000EF006F825494000400803F0E5F918B122
:108EC4000123A3401D43EDB2029B013401330293FD
:108ED400032CC9D15DB1BB69244829E72449019811
:108EE40003F0BEF90028EBD122490198E5E780237D
:108EF4000FAC237022006B2138007F3BFBF74BFD46
:108F040010B1BB691C4813E764207B6998470123AF
:108F140022006B213800FBF735FD10B1BB691748FF
:108F240006E7402223786B21934323702200012318
:108F34003800FBF730FD0500002800D1FAE6BB69D4
:108F44000F48F5E65CA70108BD378635295C0F3E5E
:108F54007CA701081D5A843F7B14AE3E9A99993E22
:108F64003333733F0000C84154E3853F9EA7010893
:108F7400000020410000D24219A1010811A20108F9
:108F84003BA20108F7B504000E00022094B12300AF
:108F940028331D780130012D0CD16B46DF1D3A00BA
:108FA4002B0024212000FBF7EDFC20B1A3690A4823
:108FB40098472800FEBD0F223B78242193431E438B
:108FC4003A002B0020003E70FBF7E5FC0028F1D0AE
:108FD400A3690248ECE7C046BFA70108E3A701085C
:108FE400F7B505000E00022480B1030028331B7876
:108FF4000134012B0AD16A46D71D3A002421FBF71C
:10900400C1FC040020B1AB69044898472000FEBDB0
:109014000F223B7813403370F8E7C046BFA701081E
:10902400F7B504000E00022094B1230028331D7804
:109034000130012D0CD16B46DF1D3A002B00242199
:109044002000FBF79FFC20B1A3690A489847280039
:10905400FEBD7F223B78F60113401E433A002B00ED
:10906400242120003E70FBF796FC0028F0D0A36971
:109074000148EBE7BFA70108E3A70108F7B505001E
:109084000E00022480B1030028331B780134012B25
:109094000AD16A46D71D3A002421FBF773FC040069
:1090A40020B1AB69034898472000FEBD3B78DB093B
:1090B4003370F9E7BFA70108F7B504000E000220DA
:1090C40094B1230028331D780130012D0CD16B4657
:1090D400DF1D3A002B0024212000FBF753FC20B1B4
:1090E400A3690A4898472800FEBD40223B78B60190
:1090F40093431E433A002B00242120003E70FBF7CB
:109104004AFC0028F0D0A3690148EBE7BFA7010897
:10911400E3A70108F0B585B005000224019188B1E8
:10912400030028331E780134012E0BD102ABDF1D5E
:109134003A0033002421FBF725FC040028B1AB6975
:1091440005489847200005B0F0BD3B78019A9B097B
:1091540033401370F6E7C046BFA70108F7B5040013
:109164000E00022094B1230028331D780130012D14
:109174000CD16B46DF1D3A002B0024212000FBF7A5
:1091840001FC20B1A3690A4898472800FEBD1022BB
:109194003B78360193431E433A002B0024212000E0
:1091A4003E70FBF7F8FB0028F0D0A3690148EBE719
:1091B400BFA70108E3A70108F0B585B005000224A4
:1091C400019188B1030028331E780134012E0BD19C
:1091D40002ABDF1D3A0033002421FBF7D3FB04006C
:1091E40028B1AB6905489847200005B0F0BD3B782D
:1091F400019A1B0933401370F6E7C046BFA7010864
:10920400F0B585B004000E000225019210B30300EE
:1092140028331D78012D47D1022921D802ABDF1D47
:109224003A002B002321FBF7ADFB18B1A3691F48BB
:1092340098470FE02A00B2403B7823219343019AD8
:109244002000B24013433B703A002B00FBF7A3FB12
:1092540018B90025280005B0F0BDA3691448E7E754
:1092640003291CD102ABDE1D32002B002421FBF7A5
:1092740089FB10B1A3690F48DAE72022337824214F
:109284009343019A200052011343337032002B00A0
:10929400FBF781FB0028DCD0A3690748C8E7836992
:1092A400064898470425D5E70325D3E7ADA101086F
:1092B40008A80108BFA70108E3A701082CA8010812
:1092C400F7B505000E0017000224B8B103002833D7
:1092D4001C78012C29D1022912D86A4623002321A3
:1092E4000732FBF74FFB18B1AB691148984705E00B
:1092F4006B46DB793341234000243B702000FEBDE4
:1093040003290DD16B46DE1D320023002421FBF717
:1093140039FB10B1AB690748E8E733785B09EAE742
:109324008369054898470424E8E70324E6E7C04630
:10933400ADA10108BFA701082CA80108F7B50400D6
:1093440016000800022744B3230028331F78012F96
:1093540000D090E0042900D988E06B46DD1D2A0086
:10936400012302F019FF031F38516A002521200050
:10937400FBF708FB18B1A369404898470DE07F222A
:109384002B78F60113401E432A00012325212000D7
:109394002E70FBF700FB10B900273800FEBDA3694F
:1093A4003748EAE728212000FBF7ECFA10B1A3695B
:1093B4003448E2E77F222B78F60113401E432A004B
:1093C4000123282120002E70FBF7E5FA0028E3D0C2
:1093D400A3692D48D1E72B212000FBF7D3FA10B164
:1093E400A3692A48C9E77F222B78F60113401E435C
:1093F4002A0001232B2120002E70FBF7CCFA002831
:10940400CAD0A3692248B8E72E212000FBF7BAFA94
:1094140010B1A3691F48B0E77F222B78F6011340EF
:109424001E432A0001232E2120002E70FBF7B3FADD
:109434000028B1D0A36918489FE731212000FBF729
:10944400A1FA10B1A369154897E77F222B78F6019A
:10945400134033432B702A00012331212000FBF7F2
:109464009AFA002898D0A3690D4886E7A3690D48A5
:109474009847042791E703278FE7C04645A80108CA
:109484006AA8010890A80108B5A80108DBA801088A
:1094940000A9010826A901084BA9010871A901081E
:1094A40096A901082CA80108F7B5040016000800C5
:1094B4000227E4B1230028331F78012F42D1042965
:1094C4003BD86B46DD1D2A00012302F065FE031222
:1094D4001B242D0025212000FBF754FA18B1A369A1
:1094E4001948984703E000272B78DB0933703800CC
:1094F400FEBD28212000FBF745FA0028F3D0A3691C
:109504001248EEE72B212000FBF73CFA0028EAD0B2
:10951400A3690F48E5E72E212000FBF733FA002862
:10952400E1D0A3690B48DCE731212000FBF72AFADC
:109534000028D8D0A3690848D3E7A3690748984707
:109544000427D4E70327D2E745A8010890A8010817
:10955400DBA8010826A9010871A901082CA80108A3
:10956400F7B5040016000800022744B3230028338B
:109574001F78012F00D090E0042900D988E06B46C1
:10958400DD1D2A00012302F007FE031F38516A0083
:1095940025212000FBF7F6F918B1A3694048984744
:1095A4000DE07F222B7825219343324013432B7007
:1095B4002A0001232000FBF7EEF910B90027380038
:1095C400FEBDA3693748EAE728212000FBF7DAF952
:1095D40010B1A3693448E2E77F222B782821934312
:1095E400324013432B702A0001232000FBF7D3F9E8
:1095F4000028E3D0A3692D48D1E72B212000FBF7F5
:10960400C1F910B1A3692A48C9E77F222B782B211D
:109614009343324013432B702A0001232000FBF7AD
:10962400BAF90028CAD0A3692248B8E72E2120003D
:10963400FBF7A8F910B1A3691F48B0E77F222B7884
:109644002E219343324013432B702A000123200020
:10965400FBF7A1F90028B1D0A36918489FE731218D
:109664002000FBF78FF910B1A369154897E77F2213
:109674002B781640934333432B702A000123312166
:109684002000FBF788F9002898D0A3690D4886E7E5
:10969400A3690D489847042791E703278FE7C0463D
:1096A40045A801086AA8010890A80108B5A80108FE
:1096B400DBA8010800A9010826A901084BA9010893
:1096C40071A9010896A901082CA80108F7B504009E
:1096D400160008000227ECB1230028331F78012F5D
:1096E40043D104293CD86B46DD1D2A00012302F036
:1096F40053FD03131C252E0025212000FBF742F9FE
:1097040018B1A3691A48984704E07F2200272B78F0
:10971400134033703800FEBD28212000FBF732F9D6
:109724000028F2D0A3691348EDE72B212000FBF7B2
:1097340029F90028E9D0A3690F48E4E72E21200085
:10974400FBF720F90028E0D0A3690C48DBE73121BE
:109754002000FBF717F90028D7D0A3690848D2E7FF
:10976400A369084898470427D4E70327D2E7C046EB
:1097740045A8010890A80108DBA8010826A901084A
:1097840071A901082CA8010837B513006A46040022
:10979400073208000225137094B1230028331D7882
:1097A400012D3CD1042935D8012302F0F5FC030F27
:1097B40018212A0026212000FBF7EDF810B9002516
:1097C40028003EBDA36917489847F9E729212000DE
:1097D400FBF7E1F80028F2D0A3691348F4E72C2141
:1097E4002000FBF7D8F80028E9D0A3690F48EBE77D
:1097F4002F212000FBF7CFF80028E0D0A3690C4804
:10980400E2E732212000FBF7C6F80028D7D0A3698D
:109814000848D9E7A369084898470425D0E70325F1
:10982400CEE7C046BCA90108E1A9010806AA0108BF
:109834002BAA010850AA01082CA8010870B504003D
:109844000225080094B1230028331D78012D3CD152
:10985400042935D8012302F09FFC030F18212A00A4
:1098640026212000FBF78EF810B90025280070BDD2
:10987400A36917489847F9E729212000FBF782F8E4
:109884000028F2D0A3691348F4E72C212000FBF749
:1098940079F80028E9D0A3690F48EBE72F212000CD
:1098A400FBF770F80028E0D0A3690C48E2E7322106
:1098B4002000FBF767F80028D7D0A3690848D9E748
:1098C400A369084898470425D0E70325CEE7C04696
:1098D40075AA010899AA0108BDAA0108E1AA01080C
:1098E40005AB01082CA8010837B513006A4604002B
:1098F40007320800022513708CB1230028331D7829
:10990400012D32D103292BD8012302F045FC020E8C
:10991400172063212000FBF73EF810B9002528002A
:109924003EBDA36912489847F9E764212000FBF77C
:1099340032F80028F2D0A3690E48F4E7652120002C
:10994400FBF729F80028E9D0A3690B48EBE7662167
:109954002000FBF720F80028E0D0A3690748E2E7DD
:10996400A369074898470425D9E70325D7E7C046E4
:1099740029AB01084DAB010871AB010895AB010897
:109984002CA8010870B50400022508008CB123003E
:1099940028331D78012D32D103292BD8012302F05D
:1099A400FBFB020E172063212000FAF7EBFF10B92E
:1099B4000025280070BDA36912489847F9E764217F
:1099C4002000FAF7DFFF0028F2D0A3690E48F4E77D
:1099D40065212000FAF7D6FF0028E9D0A3690B48D7
:1099E400EBE766212000FAF7CDFF0028E0D0A36959
:1099F4000748E2E7A369074898470425D9E7032500
:109A0400D7E7C046B9AB0108DCAB0108FFAB0108DE
:109A140022AC01082CA80108F7B5040016000800C0
:109A240002273CB3230028331F78012F00D076E0AF
:109A3400032900D96EE06B46DD1D2A00012302F0E4
:109A4400ABFB021E375027212000FAF79BFF18B109
:109A5400A369344898470DE07F222B78F601134020
:109A64001E432A000123272120002E70FAF793FFBA
:109A740010B900273800FEBDA3692B48EAE72A2164
:109A84002000FAF77FFF10B1A3692848E2E77F229C
:109A94002B78F60113401E432A0001232A212000BB
:109AA4002E70FAF778FF0028E3D0A3692048D1E7A5
:109AB4002D212000FAF766FF10B1A3691D48C9E7FC
:109AC4007F222B78F60113401E432A0001232D2107
:109AD40020002E70FAF75FFF0028CAD0A369164849
:109AE400B8E730212000FAF74DFF10B1A3691348FD
:109AF400B0E77F222B78F601134033432B702A0002
:109B0400012330212000FAF746FF0028B1D0A369D1
:109B14000B489FE7A3690B4898470427AAE7032744
:109B2400A8E7C04645AC01086AAC010890AC01083E
:109B3400B5AC0108DBAC010800AD010826AD010895
:109B44004BAD01082CA80108F7B504001700080064
:109B54000226DCB1230028331E78012E38D10329D4
:109B640031D86B46DD1D2A00012302F015FB0211DA
:109B74001A2327212000FAF705FF18B1A369154815
:109B8400984703E000262B78DB093B703000FEBDCC
:109B94002A212000FAF7F6FE0028F3D0A3690E4824
:109BA400EEE72D212000FAF7EDFE0028EAD0A369A4
:109BB4000A48E5E730212000FAF7E4FE0028E1D066
:109BC400A3690748DCE7A369064898470426DDE74C
:109BD4000326DBE745AC010890AC0108DBAC0108C7
:109BE40026AD01082CA80108F7B5040016000800EA
:109BF40002273CB3230028331F78012F00D076E0DE
:109C0400032900D96EE06B46DD1D2A00012302F012
:109C1400C3FA021E375027212000FAF7B3FE18B109
:109C2400A369344898470DE040222B78B60193434A
:109C34001E432A000123272120002E70FAF7ABFED1
:109C440010B900273800FEBDA3692B48EAE72A2192
:109C54002000FAF797FE10B1A3692848E2E74022F2
:109C64002B78B60193431E432A0001232A212000A6
:109C74002E70FAF790FE0028E3D0A3692048D1E7BC
:109C84002D212000FAF77EFE10B1A3691D48C9E713
:109C940040222B78B60193431E432A0001232D2131
:109CA40020002E70FAF777FE0028CAD0A369164860
:109CB400B8E730212000FAF765FE10B1A369134814
:109CC400B0E740222B78B601934333432B702A002C
:109CD400012330212000FAF75EFE0028B1D0A369E9
:109CE4000B489FE7A3690B4898470427AAE7032773
:109CF400A8E7C04645AC01086AAC010890AC01086D
:109D0400B5AC0108DBAC010800AD010826AD0108C3
:109D14004BAD01082CA80108F7B504001700080092
:109D24000226E4B1230028331E78012E39D10329F9
:109D340032D86B46DD1D2A00012302F02DFA0212EF
:109D44001B2427212000FAF71DFE18B1A369164829
:109D5400984704E000262B785B06DB0F3B7030004D
:109D6400FEBD2A212000FAF70DFE0028F2D0A369D7
:109D74000E48EDE72D212000FAF704FE0028E9D073
:109D8400A3690B48E4E730212000FAF7FBFD002823
:109D9400E0D0A3690748DBE7A3690748984704268E
:109DA400DDE70326DBE7C04645AC010890AC0108BB
:109DB400DBAC010826AD01082CA80108F7B50400A6
:109DC4001600080002273CB3230028331F78012F14
:109DD40000D076E0032900D96EE06B46DD1D2A0031
:109DE400012302F0D9F9021E375027212000FAF787
:109DF400C9FD18B1A369344898470DE020222B7897
:109E0400760193431E432A000123272120002E704C
:109E1400FAF7C1FD10B900273800FEBDA3692B482D
:109E2400EAE72A212000FAF7ADFD10B1A36928481A
:109E3400E2E720222B78760193431E432A00012374
:109E44002A2120002E70FAF7A6FD0028E3D0A3698A
:109E54002048D1E72D212000FAF794FD10B1A36921
:109E64001D48C9E720222B78760193431E432A001C
:109E740001232D2120002E70FAF78DFD0028CAD071
:109E8400A3691648B8E730212000FAF77BFD10B12A
:109E9400A3691348B0E720222B7876019343334318
:109EA4002B702A00012330212000FAF774FD0028CA
:109EB400B1D0A3690B489FE7A3690B4898470427CF
:109EC400AAE70327A8E7C04645AC01086AAC010825
:109ED40090AC0108B5AC0108DBAC010800AD010889
:109EE40026AD01084BAD01082CA80108F7B5040004
:109EF400170008000226E4B1230028331E78012E3F
:109F040039D1032932D86B46DD1D2A00012302F022
:109F140043F902121B2427212000FAF733FD18B15C
:109F2400A3691648984704E000262B789B06DB0FAC
:109F34003B703000FEBD2A212000FAF723FD0028E3
:109F4400F2D0A3690E48EDE72D212000FAF71AFD9F
:109F54000028E9D0A3690B48E4E730212000FAF790
:109F640011FD0028E0D0A3690748DBE7A36907488F
:109F740098470426DDE70326DBE7C04645AC010825
:109F840090AC0108DBAC010826AD01082CA801083F
:109F9400F7B504001600080002273CB32300283359
:109FA4001F78012F00D076E0032900D96EE06B46BC
:109FB400DD1D2A00012302F0EFF8021E375027218D
:109FC4002000FAF7DFFC18B1A369344898470DE084
:109FD40010222B78360193431E432A0001232721A4
:109FE40020002E70FAF7D7FC10B900273800FEBD08
:109FF400A3692B48EAE72A212000FAF7C3FC10B131
:10A00400A3692848E2E710222B78360193431E43C4
:10A014002A0001232A2120002E70FAF7BCFC002814
:10A02400E3D0A3692048D1E72D212000FAF7AAFC48
:10A0340010B1A3691D48C9E710222B783601934358
:10A044001E432A0001232D2120002E70FAF7A3FCC1
:10A054000028CAD0A3691648B8E730212000FAF7CF
:10A0640091FC10B1A3691348B0E710222B78360194
:10A07400934333432B702A00012330212000FAF745
:10A084008AFC0028B1D0A3690B489FE7A3690B4859
:10A0940098470427AAE70327A8E7C04645AC010868
:10A0A4006AAC010890AC0108B5AC0108DBAC01084E
:10A0B40000AD010826AD01084BAD01082CA801082C
:10A0C400F7B50400170008000226E4B12300283382
:10A0D4001E78012E39D1032932D86B46DD1D2A00A2
:10A0E400012302F059F802121B2427212000FAF759
:10A0F40049FC18B1A3691648984704E000262B7858
:10A10400DB06DB0F3B703000FEBD2A212000FAF78E
:10A1140039FC0028F2D0A3690E48EDE72D21200078
:10A12400FAF730FC0028E9D0A3690B48E4E73021B2
:10A134002000FAF727FC0028E0D0A3690748DBE7F2
:10A14400A369074898470426DDE70326DBE7C046F2
:10A1540045AC010890AC0108DBAC010826AD010850
:10A164002CA80108F7B504001600080002275CB10A
:10A17400230028331F78012F00D078E00F2A05D957
:10A18400A3693C48984704373800FEBD032969D8C1
:10A194006B46DD1D2A00012301F0FEFF021C344C36
:10A1A40027212000FAF7EEFB18B1A369324898473B
:10A1B400EAE70F222B782721934333432B702A009D
:10A1C40001232000FAF7E7FB08B90027DCE7A369BD
:10A1D4002A48ECE72A212000FAF7D4FB10B1A3693E
:10A1E4002748E4E70F222B782A21934333432B702B
:10A1F4002A0001232000FAF7CEFB0028E5D0A3694A
:10A204002048D4E72D212000FAF7BCFB10B1A36944
:10A214001D48CCE70F222B782D21934333432B7019
:10A224002A0001232000FAF7B6FB0028CDD0A36949
:10A234001648BCE730212000FAF7A4FB10B1A3694B
:10A244001348B4E70F222B78302193431E432A008E
:10A25400012320002E70FAF79EFB0028B5D0A369D5
:10A264000C48A4E7A3690C48984704278CE7032704
:10A274008AE7C04671AD010845AC01086AAC010823
:10A2840090AC0108B5AC0108DBAC010800AD0108D5
:10A2940026AD01084BAD01082CA80108F7B5040050
:10A2A400170008000226E4B1230028331E78012E8B
:10A2B40039D1032932D86B46DD1D2A00012301F070
:10A2C4006BFF02121B2427212000FAF75BFB18B155
:10A2D400A3691648984704E00F2200262B78134000
:10A2E4003B703000FEBD2A212000FAF74BFB00280A
:10A2F400F2D0A3690E48EDE72D212000FAF742FBC6
:10A304000028E9D0A3690B48E4E730212000FAF7DC
:10A3140039FB0028E0D0A3690748DBE7A3690748B5
:10A3240098470426DDE70326DBE7C04645AC010871
:10A3340090AC0108DBAC010826AD01082CA801088B
:10A3440070B50A000500022468B1030028331B78A5
:10A354000134012B07D13621FAF714FB040010B1A4
:10A36400AB6902489847200070BDC04686AD01081D
:10A37400F0B5040085B00F000220019294B12300CF
:10A3840028331D780130012D0CD102ABDE1D3200C3
:10A394002B0067212000FAF7F5FA28B1A3690C48CD
:10A3A4009847280005B0F0BD2A00BA4033786721E9
:10A3B4009343019A2000BA401343337032002B00B8
:10A3C400FAF7E9FA0028EDD0A3690248E8E7C046A5
:10A3D400ACAD0108D6AD0108F0B585B00500022486
:10A3E4000091019288B1030028331E780134012EB4
:10A3F4000BD102ABDF1D3A0033006721FAF7C2FA32
:10A40400040028B1AB6906489847200005B0F0BDA8
:10A41400009A3B781341019A33401370F5E7C04624
:10A42400ACAD0108F7B504000E00022094B123007E
:10A4340028331D780130012D0CD16B46DF1D3A0005
:10A444002B0034212000FAF79DFA20B1A3690A48B1
:10A4540098472800FEBD7F223B78F60113401E4337
:10A464003A002B00342120003E70FAF794FA0028B9
:10A47400F0D0A3690148EBE701AE010826AE01085C
:10A48400F7B505000E00022480B1030028331B78C1
:10A494000134012B0AD16A46D71D3A003421FAF758
:10A4A40071FA040020B1AB69034898472000FEBD4F
:10A4B4003B78DB093370F9E701AE0108F7B5040016
:10A4C4000E00022094B1230028331D780130012DA1
:10A4D4000CD16B46DF1D3A002B0034212000FAF723
:10A4E40051FA20B1A3690A4898472800FEBD4022CA
:10A4F4003B78B60193431E433A002B0034212000DD
:10A504003E70FAF748FA0028F0D0A3690148EBE757
:10A5140001AE010826AE0108F0B585B0050002249D
:10A52400019188B1030028331E780134012E0BD128
:10A5340002ABDF1D3A0033003421FAF723FA04009A
:10A5440028B1AB6905489847200005B0F0BD3B78B9
:10A55400019A9B0933401370F6E7C04601AE010827
:10A56400F7B504000E00022094B1230028331D78AF
:10A574000130012D0CD16B46DF1D3A002B00342134
:10A584002000FAF7FFF920B1A3690A489847280088
:10A59400FEBD20223B78760193431E433A002B00F4
:10A5A400342120003E70FAF7F6F90028F0D0A369B0
:10A5B4000148EBE701AE010826AE0108F0B585B00D
:10A5C40005000224019188B1030028331E78013468
:10A5D400012E0BD102ABDF1D3A0033003421FAF710
:10A5E400D1F9040028B1AB6905489847200005B0AB
:10A5F400F0BD3B78019A5B0933401370F6E7C0461F
:10A6040001AE0108F7B504000E0002205CB123007E
:10A6140028331D780130012D05D11F2904D9114893
:10A62400A36998470420FEBD6B46DF1D3A002B004A
:10A6340034212000FAF7A6F920B1A3690A48984703
:10A644002800F0E71F223B78342193431E433A004D
:10A654002B0020003E70FAF79EF90028E3D0A3698E
:10A664000248ECE74CAE010801AE010826AE010831
:10A67400F7B505000E00022480B1030028331B78CF
:10A684000134012B0AD16A46D71D3A003421FAF766
:10A6940079F9040020B1AB69044898472000FEBD55
:10A6A4001F223B7813403370F8E7C04601AE01081F
:10A6B40037B56B460500DA1D0224117068B103003A
:10A6C40028331B780134012B07D13321FAF763F9BE
:10A6D400040010B1AB690248984720003EBDC04653
:10A6E40064AE010870B50A000500022468B10300D5
:10A6F40028331B780134012B07D13321FAF742F9AF
:10A70400040010B1AB6902489847200070BDC046F0
:10A7140088AE010837B56B460500DA1D02241170B6
:10A7240068B1030028331B780134012B07D135218C
:10A73400FAF731F9040010B1AB69024898472000D8
:10A744003EBDC046ABAE010870B50A000500022448
:10A7540068B1030028331B780134012B07D135215C
:10A76400FAF710F9040010B1AB69024898472000C9
:10A7740070BDC046CFAE010870B5130005000224B9
:10A7840058B10200283212780134012A05D1182B5D
:10A7940005D98369074898470134200070BD0A0031
:10A7A4004921FAF7EFF804000028F6D0AB69024813
:10A7B4009847F2E7F2AE010806AF010870B504004D
:10A7C400022044B12000283005780320012D02D155
:10A7D4002000FAF7E0F870BD70B50400022044B11F
:10A7E4002000283005780320012D02D12000FAF73B
:10A7F400C9F870BD10B504000220F4B120220F493D
:10A80400200001F0C5FE200020220D49203001F077
:10A81400BFFE200008220B49403001F0B9FE0A4B6C
:10A824000020A364094BE364094B2365094BA3652A
:10A83400094B636540F2E833E36510BD2EAF0108B0
:10A844003AAF01083EAF010800001840A4705D4013
:10A854009A9979400000AA42000020C210B5102144
:10A864000648F8F7CDF80400012805D11021034863
:10A87400F8F7CDF8200010BD0024FBE70058004095
:10A8840070B504004CF2513521000648F8F7B8F8C9
:10A89400012801D1002070BD013D002DF4D101201B
:10A8A400F9E7C0460058004010B50E4C2000F7F7F9
:10A8B400AFFE002320001A000321F7F7D1FE112276
:10A8C40020001100F7F706FF00212000F7F7E8FE4B
:10A8D4002000F7F7F7FE2000F7F7CAFF01202368EE
:10A8E400984310BD0058004070B5074C2000F7F79E
:10A8F400C4FF236801201D000540034203D120004A
:10A90400F7F786FE280070BD00580040F8B50F0028
:10A9140014001D00BAB1B3B1460800223100224828
:10A92400F7F7ECFE01212048F7F7CCFF1E48F7F7B4
:10A9340019FF1D48F7F7A6FF0120FFF7A1FF20B17B
:10A944001948F7F7A5FF0120F8BD39001648F7F7B5
:10A95400A5FFFFF783FF0028F2D14030FFF790FFF7
:10A964000028EDD140F2004231000F48F7F7C6FE4F
:10A9740029000D48F7F7A6FF0B48F7F7EDFE0A4844
:10A98400F7F780FF65190420FFF77AFF0028DAD172
:10A994000548F7F786FF20700134AC42F3D140201C
:10A9A400FFF76EFFD0E7C0460058004070B50E00B8
:10A9B40014001D00B2B1ABB1002241081948F7F7E9
:10A9C4009DFE691C1748F7F77DFF1648F7F7C4FE8C
:10A9D4001448F7F757FF0120FFF752FF20B1114841
:10A9E400F7F756FF012070BD31000E48F7F756FF08
:10A9F400FFF734FF0028F2D165190120FFF740FF6B
:10AA04000028EFD121780748F7F748FFFFF726FF22
:10AA14000028E7D10134AC42EFD14030FFF730FFDA
:10AA2400E1E7C046005800400023834200D170474C
:10AA340041F64072C046013A002AFBD10133F4E7E3
:10AA44000FB407B504A901C9019101F025FD03B0B4
:10AA540008BC04B0184710B5062811D801F09CFBB7
:10AA64000E0C100A081004000648FFF7E9FF10BD99
:10AA74000548FAE70548F8E70548F6E70548F4E726
:10AA84000548F2E742AF010858AF010875AF010865
:10AA94008FAF0108A1AF0108BAAF01080300481E37
:10AAA40010B5052813D8190001F076FB0307090B2C
:10AAB4000D0F0948FFF7C4FF10BD0848FAE708481E
:10AAC400F8E70848F6E70848F4E70848F2E70848D2
:10AAD400FFF7B6FFF0E7C046D6AF0108F6AF0108AE
:10AAE40018B0010838B001085AB001087AB001085A
:10AAF4009CB0010810B503280DD801F04DFB0206E7
:10AB0400080A0648FFF79CFF10BD0548FAE7054808
:10AB1400F8E70548F6E70548F4E7C046BCB0010885
:10AB2400DBB00108FBB0010822B101084AB10108F9
:10AB3400030010B5012023B1DC6814B11878012397
:10AB4400A04710BD13B5030010006A460732107009
:10AB5400012023B11C6914B118780123A04716BD44
:10AB640010B50400022024B32000412200211F302C
:10AB740001F0C8FC1F220F49200001F009FD20004C
:10AB84001F220D49203001F003FD200007220B494C
:10AB9400403001F0FDFC0A4B0020A364094BE36440
:10ABA400094B2365094B6365094BA36580235B024D
:10ABB400E36510BD6DB1010876B101083EAF01082F
:10ABC4006666E63F3333534000004842000020C22B
:10ABD4000000AA42030002200BB100201970704744
:10ABE400F7B50400022034B1402209212000FFF708
:10ABF400A9FF08B10120FEBD40F2E935402601203D
:10AC0400636998476B46DF1D3A0009212000FFF76E
:10AC14008FFF0028EED1013DADB2002DEAD03B7884
:10AC2400180030403342EAD1E5E737B50400022585
:10AC3400A0B1436801358BB1C2687AB102696AB1C7
:10AC44009847023D50B96B46DD1D2A00FF212000C4
:10AC5400FFF76EFF20B1A3689847052528003EBD85
:10AC64002B78152BF7D12000FFF7BAFF050018B198
:10AC7400A36898470425F1E763690A2098472000F0
:10AC840001222121FFF75EFF01230134E377E5E789
:10AC940073B504000E000220BCB1631CDB7F0130DD
:10ACA4009BB16B46DD1D2A0009212000FFF740FF00
:10ACB400030001204BB907222B780921934332006A
:10ACC40020001A432A70FFF73DFF76BD37B50223F3
:10ACD4000C0080B179B1431CDA7F03235AB16B466F
:10ACE400DD1D2A000921FFF723FF030028B90721EE
:10ACF4002A780A40227018003EBD0123FBE770B594
:10AD04000500140002208DB16A1CD27F01306AB1A3
:10AD14004A016021A4000A4044390C400100034068
:10AD24001C43280022430731FFF70CFF70BD0300CA
:10AD340010B502204BB1581CC47F03202CB1481E0F
:10AD4400814118000C31FFF7FDFE10BD70B5040001
:10AD54001500022084B1621CD27F013062B1490126
:10AD6400CAB2012D01D110210A430F210B4020004A
:10AD74001A430739FFF7E6FE70BDF7B505000E006C
:10AD8400022450B149B1431CDB7F01342BB10122B1
:10AD94002121FFF7D7FE10B101242000FEBD1E20A3
:10ADA4006B6998476B461F2128009A1DFFF7C0FE68
:10ADB4000028F1D16B46DF1D3A0020212800FFF75F
:10ADC400B7FE04000028E7D10F23387818400CF0B0
:10ADD40039FBF62189050BF023FF6B46051C062081
:10ADE40018560CF0E1FA011C281C0BF051FB3060E2
:10ADF400D3E70A00022310B540B139B1431CD97F0F
:10AE0400032319B10421FFF793FE0300180010BDBA
:10AE14000A00022310B540B139B1431CD97F032382
:10AE240019B10621FFF784FE0300180010BD70B5A8
:10AE340004001500022084B1631CDB7F013063B180
:10AE44000A0020000421FFF77DFE0300012023B93E
:10AE54002A0006212000FFF775FE70BD8446F0B578
:10AE64001D0063460C0002201100B5B04BB144B183
:10AE74003DB10133DB7F01301BB100232B8012B9BC
:10AE8400012035B0F0BDC026202A02D806224A434C
:10AE940096B26346DF68002FF2D01878072133009A
:10AEA40004AAB8470028EBD10623B6FBF3F2C02767
:10AEB400D300E31804A90393BF020B78CE781B04D4
:10AEC4003B4001938B8836045BBA3E409BB23343CC
:10AED4004E7802938B7836021E43019B06311E4343
:10AEE400029B26606360039B0834A342E5D12A8059
:10AEF400C7E7F0B5040085B00D0002200192B4B19B
:10AF0400631CDB7F013093B1881E05280ED801F045
:10AF140043F9030D0D1010100125032602ABDF1DAC
:10AF24003A0031002000FFF703FE20B1012005B0F4
:10AF3400F0BD0226F2E701233978AB400A000198FC
:10AF4400DBB29A43012801D10B431A0031002000DF
:10AF54003A70FFF7F7FDEAE770B502230400150025
:10AF6400B0B1431CDA7F032392B151B92B007DB1F8
:10AF74002A0001212000FFF7DBFD431E9841C3B2E4
:10AF840006E00A000021FFF7D3FD01230028EDD0DD
:10AF9400180070BD73B504000E0002209CB16B460E
:10AFA400DD1D2A0009212000FFF7C2FD0300012056
:10AFB4004BB92A78864207D180331A4309212000ED
:10AFC4002A70FFF7BFFD76BD7F231A40F6E770B500
:10AFD4000400022064B1651CEB7F013043B1012100
:10AFE4002000FFF7D7FF0020E877A36803B1984754
:10AFF40070BDF7B50400022528B3431CDB7F01357F
:10B004000BB36B46DF1D9E1D3A003100FFF7A4FF12
:10B014000500D0B9E369B3B13278520601D50620F0
:10B02400984733787F2B02D90720E3699847337810
:10B034009B0602D50520E369984702203B7803422A
:10B0440001D0E36998472800FEBD0125FBE7C0460F
:10B0540010B510210648F7F7D3FC0400012805D1E8
:10B0640010210348F7F7D3FC200010BD0024FBE7B0
:10B074000058004070B504004CF2513521000648D8
:10B08400F7F7BEFC012801D1002070BD013D002D61
:10B09400F4D10120F9E7C0460058004010B50E4C29
:10B0A4002000F7F7B5FA002320001A000321F7F770
:10B0B400D7FA112220001100F7F70CFB0021200021
:10B0C400F7F7EEFA2000F7F7FDFA2000F7F7D0FBC8
:10B0D40001202368984310BD0058004070B5074C08
:10B0E4002000F7F7CAFB236801201D000540034236
:10B0F40003D12000F7F78CFA280070BD00580040F7
:10B10400F8B50F0014001D00BAB1B3B1460800220F
:10B1140031002248F7F7F2FA01212048F7F7D2FB71
:10B124001E48F7F71FFB1D48F7F7ACFB0120FFF79C
:10B13400A1FF20B11948F7F7ABFB0120F8BD390096
:10B144001648F7F7ABFBFFF783FF0028F2D1403036
:10B15400FFF790FF0028EDD140F2004231000F4884
:10B16400F7F7CCFA29000D48F7F7ACFB0B48F7F7D3
:10B17400F3FA0A48F7F786FB65190420FFF77AFF0C
:10B184000028DAD10548F7F78CFB20700134AC4273
:10B19400F3D14020FFF76EFFD0E7C04600580040CF
:10B1A40070B50E0014001D00B2B1ABB1002241080D
:10B1B4001948F7F7A3FA691C1748F7F783FB1648F1
:10B1C400F7F7CAFA1448F7F75DFB0120FFF752FFBF
:10B1D40020B11148F7F75CFB012070BD31000E4827
:10B1E400F7F75CFBFFF734FF0028F2D16519012063
:10B1F400FFF740FF0028EFD121780748F7F74EFB0F
:10B20400FFF726FF0028E7D10134AC42EFD14030EC
:10B21400FFF730FFE1E7C0460058004000238342B7
:10B2240000D1704741F64072C046013A002AFBD172
:10B234000133F4E70FB407B504A901C9019101F082
:10B244002BF903B008BC04B01847023810B5052820
:10B254000CD800F0A1FF090B0B0706030448FFF705
:10B26400E9FF10BD0348FAE70348F8E70348F6E7A7
:10B2740087B10108A8B10108CFB10108F1B10108F3
:10B2840013B56A4603000732012011702BB11C6903
:10B294001CB11878090A0123A04716BD10B503781C
:10B2A4000200DB433121D8B2082344B24000C0B2CB
:10B2B400002C11DB013BDBB2002BF6D15378312299
:10B2C4005840082341B24000C0B2002906DB013BCC
:10B2D400DBB2002BF6D110BD4840EBE75040F6E757
:10B2E400F7B504000E0015008778FFF7D7FF012398
:10B2F4000093874222D16379E71C38000193FFF75A
:10B30400CDFF019B834219D12779E3783F021F4384
:10B314008EB1607823780002184340BA80B20CF0F2
:10B3240091F80D490BF0BEFA0C490BF079FC0C496D
:10B334000BF0C6FD30601DB9002300930098FEBDDC
:10B3440078BA80B20CF07EF803490BF0ABFA0549E9
:10B354000BF066FC2860EFE700FF7F4700002F43F7
:10B36400000034420000C84210B5040002202CB38F
:10B374002000412200211F3001F0C4F81F2210498F
:10B38400200001F005F920001F220E49203001F0B1
:10B39400FFF8200007220C49403001F0F9F80B4B6C
:10B3A4000020A3640A4BE364FF239B052365094B38
:10B3B4006365094BA36580235B02E36510BDC0464A
:10B3C40009B201080FB201083EAF01089A99194069
:10B3D4000000B040000020C20000FA420300022036
:10B3E4000BB1002019707047030010B502203BB167
:10B3F4001A7F013022B1002018779B6803B1984767
:10B4040010BD030002200BB100205977704770B5BE
:10B414000500022440B143F2A201FFF731FF04000A
:10B4240020B902206B699847200070BD0124FBE716
:10B4340010B5040002208CB16368013073B1E26876
:10B4440062B1226952B198470300012033B9200048
:10B45400FFF7DDFF18B1A3689847042010BD01234E
:10B46400A383FBE7022310B530B1012906D143F2CF
:10B474006D01FFF705FF0300180010BD43F26601DC
:10B48400F7E7F7B505000E00022438B131B14FF2E9
:10B494002D31FFF7F5FE010010B101242000FEBD9F
:10B4A40001AFEC6803233A002878A0470400002881
:10B4B400F3D13800BD78FFF7F1FE8542EDD13B882A
:10B4C4005BBA3380EAE773B504000D00160002206E
:10B4D4007CB1237F013063B1637F012B0AD0022B3F
:10B4E4000BD042F606412000FFF7CAFE010038B136
:10B4F400012076BD42F60D41F5E742F61041F2E730
:10B50400207806236A46E468A0470028F0D1320078
:10B5140029006846FFF7E4FEEBE770B50400150068
:10B5240002204CB1237F013033B1090220001143C2
:10B53400FFF7A6FE08B9657770BD0120FCE702237A
:10B5440010B520B143F29301FFF79AFE03001800EF
:10B5540010BD73B504000D001600022054B1237F02
:10B5640001303BB14EF200012000FFF789FE0100DB
:10B5740008B1012076BD207806236A46E468A04716
:10B584000028F6D1320029006846FFF7A9FEF1E74A
:10B5940010B510210648F7F733FA0400012805D145
:10B5A40010210348F7F733FA200010BD0024FBE70D
:10B5B4000058004070B504004CF251352100064893
:10B5C400F7F71EFA012801D1002070BD013D002DBE
:10B5D400F4D10120F9E7C0460058004010B50E4CE4
:10B5E4002000F7F715F8002320001A000321F7F7CD
:10B5F40037F8112220001100F7F76CF80021200021
:10B60400F7F74EF82000F7F75DF82000F7F730F968
:10B6140001202368984310BD0058004070B5074CC2
:10B624002000F7F72AF9236801201D000540034292
:10B6340003D12000F6F7ECFF280070BD005800404D
:10B6440070B514001D000AB9012070BD002BFBD099
:10B6540040F2004241080F48F7F750F829000D481E
:10B66400F7F730F90B48F7F777F80A48F7F70AF9CC
:10B6740065190420FFF79EFF0028E5D10548F7F778
:10B6840010F920700134AC42F3D14020FFF792FF4F
:10B69400DBE7C0460058004070B50E0014001D00E2
:10B6A400B2B1ABB1002241081948F7F727F8691C79
:10B6B4001748F7F707F91648F7F74EF81448F7F75D
:10B6C400E1F80120FFF776FF20B11148F7F7E0F821
:10B6D400012070BD31000E48F7F7E0F8FFF758FF7E
:10B6E4000028F2D165190120FFF764FF0028EFD18B
:10B6F40021780748F7F7D2F8FFF74AFF0028E7D187
:10B704000134AC42EFD14030FFF754FFE1E7C046CB
:10B71400005800400023834200D1704741F6407234
:10B72400C046013A002AFBD10133F4E70FB407B550
:10B7340004A901C9019100F0AFFE03B008BC04B034
:10B744001847C0460823072110B50200007844B208
:10B754004000C0B2002C11DB013BDBB2002BF6D160
:10B76400537807225840082341B24000C0B2002950
:10B7740006DB013BDBB2002BF6D110BD4840EBE702
:10B784005040F6E710B50400022024B32000412203
:10B7940000211F3000F0B6FE1F220F49200000F0E8
:10B7A400F7FE20001F220D49203000F0F1FE20009A
:10B7B40007220B49403000F043FF0A4B0020A364EA
:10B7C400094BE364094B2365094B6365094BA36586
:10B7D40080235B02E36510BD19B2010822B201089F
:10B7E4002AB201086666264066666640000020406C
:10B7F400000020C20000FA42030002200BB1002026
:10B8040019707047F0B503001600022485B0B8B172
:10B81400B2B1027F01349AB102AFDC683A0003236B
:10B824000078A047040050B93B787D7803A8BF781E
:10B83400019303704570FFF785FF874203D001240D
:10B84400200005B0F0BD019B2802184300B20BF0A4
:10B85400ABFD04490BF0E4F903490BF031FB306014
:10B86400EEE7C0460AD7A33C3393884313B50400DC
:10B8740002208CB16368013073B1E26862B1984709
:10B884000300012043B90621200001AAFFF7BAFFF3
:10B8940018B1A3689847052016BD01232377FBE759
:10B8A40070B5022304000D00A0B1017F013389B1FA
:10B8B40052B92B0075B12A0006212000FFF7A2FF20
:10B8C400431E9841C3B205E00721FFF79BFF012304
:10B8D4000028EED0180070BDF0B585B00300022436
:10B8E4000192D0B1CAB1027F0134B2B11F2202AEBB
:10B8F40011400132DC681143032332000078A04771
:10B90400040048B93778757803A8B678077045708D
:10B91400FFF718FF864203D00124200005B0F0BDD4
:10B92400019B2D023D431D80F7E713B502000B0078
:10B9340068460021C17102203AB114691078012BC4
:10B9440004D16A46FF310732A04716BD6A46012377
:10B954000732F9E710B5040002205CB1237F0130FF
:10B9640043B101212000FFF7E0FF0020A368207706
:10B9740003B1984710BDF0B505000E00022085B054
:10B9840065B159B12B7F013043B102AB9C1D22003C
:10B994001C212800FFF7A0FF10B1012005B0F0BD65
:10B9A40022001D2128002788FFF796FF0028F4D1E4
:10B9B400238822001E2128000093FFF78DFF002812
:10B9C400EBD1238822001F2128000193FFF784FF75
:10B9D4000028E2D1019B22881B0413433360009B9F
:10B9E4003F043B437360D9E710B510210648F7F7CD
:10B9F40007F80400012805D110210348F7F707F8D8
:10BA0400200010BD0024FBE70058004070B504007E
:10BA14004CF2513521000648F6F7F2FF012801D116
:10BA2400002070BD013D002DF4D10120F9E7C0468E
:10BA34000058004010B50E4C2000F6F7E9FD002335
:10BA440020001A000321F6F70BFE1122200011003A
:10BA5400F6F740FE00212000F6F722FE2000F6F75C
:10BA640031FE2000F6F704FF01202368984310BD3F
:10BA74000058004070B5074C2000F6F7FEFE23681E
:10BA840001201D000540034203D12000F6F7C0FD4C
:10BA9400280070BD00580040F8B50F0014001D00C8
:10BAA400BAB1B3B14608002231002248F6F726FEA7
:10BAB40001212048F6F706FF1E48F6F753FE1D48FD
:10BAC400F6F7E0FE0120FFF7A1FF20B11948F6F7D1
:10BAD400DFFE0120F8BD39001648F6F7DFFEFFF758
:10BAE40083FF0028F2D14030FFF790FF0028EDD10A
:10BAF40040F2004231000F48F6F700FE29000D48DD
:10BB0400F6F7E0FE0B48F6F727FE0A48F6F7BAFE0A
:10BB140065190420FFF77AFF0028DAD10548F6F703
:10BB2400C0FE20700134AC42F3D14020FFF76EFF19
:10BB3400D0E7C0460058004070B50E0014001D0048
:10BB4400B2B1ABB1002241081948F6F7D7FD691C20
:10BB54001748F6F7B7FE1648F6F7FEFD1448F6F751
:10BB640091FE0120FFF752FF20B11148F6F790FE35
:10BB7400012070BD31000E48F6F790FEFFF734FF48
:10BB84000028F2D165190120FFF740FF0028EFD10A
:10BB940021780748F6F782FEFFF726FF0028E7D151
:10BBA4000134AC42EFD14030FFF730FFE1E7C0464B
:10BBB400005800400023834200D1704741F6407290
:10BBC400C046013A002AFBD10133F4E70FB407B5AC
:10BBD40004A901C9019100F05FFC03B008BC04B0E2
:10BBE4001847C04610B5242200211D4800F08AFCE5
:10BBF4001B4A1C4BAE2153601B4B100093601B4B24
:10BC0400D3601B4B13611B4B53611B4B93611B4B49
:10BC1400D361FEF7DFFF1248FFF707F80400F0B91D
:10BC24000323012202210E48FFF769F83F22210075
:10BC34000B48FFF77CF83F2201210948FFF777F80A
:10BC44001123012204210648FFF780F8062101226E
:10BC54000348FFF74EF903210148FFF719F810BD17
:10BC640088190020A1B00008E1B0000805B100085F
:10BC7400A5B1000821B2000839B200084FB200088B
:10BC840070B5C2B06B46002605000C00DE80202291
:10BC94000548063302A9FFF7E1F805B12E7004B197
:10BCA400267042B070BDC0468819002010B520220D
:10BCB40000210C4800F026FC0A4A0B4BB4215360C7
:10BCC4000A4B100093600A4BD3600A4B13610A4B72
:10BCD40053610A4B9361FFF78FFD0248FFF7C6FDDE
:10BCE40010BDC046AC19002039BA000879BA000862
:10BCF4009DBA00083DBB0008B9BB0008D1BB0008D1
:10BD040013B5002304000721064801AA0193FFF795
:10BD140079FD34B1044901980AF082FF0BF024FB49
:10BD2400208013BDAC1900200000C84210B52022A9
:10BD340000210E4800F0E6FB0C4A0D4B88215360AD
:10BD44000C4B100093600C4BD3600C4B13610C4BE9
:10BD540053610C4B9361FFF741FB0448FFF768FB09
:10BD6400010010B90148FFF74CFB10BDCC190020AD
:10BD7400E1B5000821B6000845B600089DB60008E4
:10BD840019B7000831B7000837B5002305000C00C7
:10BD94000B48694601AA00930193FFF794FB35B160
:10BDA400084900980AF03CFF0BF0DEFA288034B111
:10BDB400044901980AF034FF0AF012F9208037BDD3
:10BDC400CC1900200000C8421FB501233D4A116868
:10BDD4000B431360022311681942FCD00C203A4B28
:10BDE4001968014008293AD0032019688143196071
:10BDF400002103910399632961D9116833480140F3
:10BE04000F2011601A6832490A401A601A683149D1
:10BE14000A4031491A600A6882430A6000222F49A5
:10BE24000A602F490A6003211A681A601A681A60A6
:10BE34001A681A601A680292029A8A430292029A53
:10BE44000292029A1A600C221868010011401042F2
:10BE5400FAD180200005F8F7CFFC05B000BD002121
:10BE6400009100994F2924D9F02019680191019972
:10BE74008143019180210198014301910199196045
:10BE84000021009100994F2916D9F02019680191D9
:10BE940001998143019190210198014301910199F4
:10BEA40019600021009100994F299DD80099013112
:10BEB400F8E700990131D3E700990131E1E70399EB
:10BEC400013196E70010024004100240FFFFF2FE29
:10BED4000C00FF88FFFF00772C1002403010024056
:10BEE4000810024030B5042585B010222549684663
:10BEF40000F0A6FB244A2548136801681B07C90BF8
:10BF04009B0F29406C460B43022B13D0032B36D0D6
:10BF1400013B59424B411E495B420B401D495B1892
:10BF24001D490B6012681206120FA25CD3400B600D
:10BF340005B030BD4025136811681B02490D9B0EE6
:10BF4400294019438B1C0E2900D94B1C11680F255D
:10BF54008903890F39B901680E4829400131B0FBC2
:10BF6400F1F14B43DCE7012904D101680B48294076
:10BF74000131F4E701680A4829400131EFE747F647
:10BF84000053CDE7889B0108041002402C100240A6
:10BF940000EE85FF0024F400040C002000127A0057
:10BFA400006CDC02812080047047C046704770B585
:10BFB40098B006AD2A00F4F70BF9040090B13021D3
:10BFC4006B4601225B1812AC1A70FF2023000CA9E7
:10BFD400F4F7D7F870B92000E1780531C9B2F4F765
:10BFE40087FC07E0AB78112B3CD005D8012B1CD083
:10BFF400022B22D018B070BD202B41D0302BF9D1A8
:10C00400EB78022B0CD92B79012B09D11C336B440F
:10C0140058781A780002104340BA80B2F5F772FEDD
:10C02400002212AB1100100002E00200010012AB6A
:10C03400F4F7A7F8052112A8D1E712AC2000F6F70F
:10C044007BF9238801AD2B8040F674636B80F5F790
:10C0540041F80CAC02902300082229000320F4F7D5
:10C0640090F8B8E7020012AB0100F4F78AF8052152
:10C0740012A8F4F73DFCF6F7A1F9F4F77BFEB9E753
:10C084006B4601ADDE1CD87029003000F6F772F95A
:10C094000CA90B0032780A70E0B20233824206D84F
:10C0A400520012AC013223002120D2B2D7E7600043
:10C0B400285A01341880EFE710B5F4F755FF10BD86
:10C0C40010B5F4F7FEFD10BD10B5F4F72DFC10BD4E
:10C0D40010B52020F8F74CFC012804D11F30F8F7E4
:10C0E4004BFCF5F70FF810BDC046FDE7C046FDE771
:10C0F400C046FDE7C046FDE7C046FDE7FCBF0108BA
:10C1040000000020E4130020E41300204C1D002054
:10C11400024670B50A4392072AD11E4DEE0104C8A7
:10C1240008C9541B9443344017D0D0B2D9B2401A32
:10C134002106014310D190B299B2401A210401435F
:10C144000AD110021902000A090A401A2102014305
:10C1540002D1100E190E401A70BD9A42DFD010BAE7
:10C1640019BA884201D9012070BD0020C04370BDB6
:10C1740002780B7801300131002A09D09A4207D1A4
:10C1840002780B7801300131002A01D09A42EFD0B5
:10C19400D01A70BD0101010102B471464908490079
:10C1A400095C49008E4402BC7047C04603B4714622
:10C1B400490840004900095A49008E4403BC7047AD
:10C1C4008446100062468C461900634600E0C0466F
:10C1D4001FB50CF0C3F9002801D40021C8421FBDCB
:10C1E40010B50CF007F94042013010BD10B50CF049
:10C1F400B5F9002801DB002010BD012010BDC046A8
:10C2040010B50CF0ABF9002801DD002010BD0120B1
:10C2140010BDC04610B50CF033F9002801DC002035
:10C2240010BD012010BDC04610B50CF029F900283E
:10C2340001DA002010BD012010BDC046844608006C
:10C244006146FFE71FB50AF0ABFC002801D40021CA
:10C25400C8421FBD10B50AF03BFC4042013010BD7E
:10C2640010B50AF09DFC002801DB002010BD012060
:10C2740010BDC04610B50AF093FC002801DD002073
:10C2840010BD012010BDC04610B50AF049FC0028BD
:10C2940001DC002010BD012010BDC04610B50AF01D
:10C2A4003FFC002801DA002010BD012010BDC0466B
:10C2B400002B15D1002A13D1002906DB01DC00284C
:10C2C40006D00020C043410802E080210906002076
:10C2D40007B4024801A14018029003BD5D000000AC
:10C2E40003B4684601B502980AF0B4F8019B9E466F
:10C2F40002B00CBC7047C046002B11D1002A0FD1EC
:10C30400002900D1002802D00021C943080007B445
:10C31400024802A14018029003BDC0461D0000005F
:10C3240003B4684601B5029809F0AAFE019B9E4633
:10C3340002B00CBC7047C0467047C0461C210123A4
:10C344001B04984201D3000C10391B0A984201D3F4
:10C35400000A08391B09984201D30009043902A2D2
:10C36400105C40187047C046040302020101010139
:10C37400000000000000000010B5F4F76DFC80B36D
:10C38400F4F736FDF3F7C7FFF4F7ACFCF4F784FBDE
:10C39400F5F766F83020F4F725FA2848F4F782FA1E
:10C3A4002748F4F785FA0324F5F748FCF5F76CFE03
:10C3B400F4F76CFC0120F3F787FF6420F4F7A9FD80
:10C3C4000020F3F781FF013C6420F4F7A2FD002C68
:10C3D400F0D1F5F74FFCF5F763FF0120F5F7F0FC1A
:10C3E400FBE7F4F705FDF4F74DFDF3F794FFF4F7DD
:10C3F40079FCF4F745F83020F4F7F4F90F48F4F732
:10C4040051FA0F48F4F754FA02212920F8F7A4F955
:10C41400F5F714FCF5F738FEF4F756FA032338B9A8
:10C42400F4F740FC012318B9F4F760FE0130C3B2FD
:10C434001800F5F7C5FC002010BDC046B3BF0008C6
:10C44400B1BF00080D488546002103E00C4B5B5842
:10C45400435004310B480C4B42189A42F6D30B4A12
:10C4640002E0002313600432094B9A42F9D3FFF728
:10C47400ABFC00F0BDF8FFF77FFFFEE75023002080
:10C48400FCBF010800000020E4130020E413002096
:10C494004C1D0020FEE700000B0040F6084110B5DB
:10C4A400C2F2000102000868816800F01DF910BDA5
:10C4B40010B50C0013008168220000F015F910BDBE
:10C4C40030B5032A0CD90B0003439B0718D1046829
:10C4D4000B689C4214D1043A04300431032AF6D880
:10C4E400551E5AB1002303E05A1C9D4206D0130086
:10C4F400C25CCC5CA242F7D0101B00E0002030BD2F
:10C50400551EEFE770B583073ED004000326851857
:10C5140003E02170334204D01C00631CAC42F8D108
:10C5240070BD013A8218121B032A24D9FF240C403F
:10C5340025022D192C042D190F2A27D91C001300AC
:10C544002600103B1B091B0110369B1925606560F2
:10C55400A560E5601034A342F8D10F240C261440E2
:10C56400164022003EB1A2089200D21820C3934282
:10C57400FCD103222240002AD2D0C9B29A181970E1
:10C5840001339A42FBD1CBE70300CDE71400EAE77D
:10C594000B00034370B59B0711D0030072B10C78F4
:10C5A40001335D1E013A2C700131002CF6D10021BB
:10C5B4009C181AB1197001339C42FBD170BD030061
:10C5C400032AEBD948F28006C8F280064FF6FF64CE
:10C5D4000D68CFF6FE642C19AC433442DED104332B
:10C5E4001C1F043A04312560032AEFD8D6E7C0465D
:10C5F40070B54BF6FC734BF6FC75C0F60103C0F640
:10C6040001055E1BB610AB4205D0002408CD0134F1
:10C614009847A642FAD8F3F755FE4BF6FC754BF64D
:10C62400FC73C0F60105C0F601035E1BB610AB42F5
:10C6340005D0002408CD01349847A642FAD870BD2D
:10C64400F0B5CE46474680B50F2A0DD80500561ED4
:10C6540032B10023CC5C1A00EC5401339642F9D178
:10C66400C0BCB946B046F0BD03000B4388469B07E7
:10C6740034D1170040F210090C000300103F3F09A9
:10C684003F01C519A94466685E60A6689E60E668B5
:10C69400DE60266810341E601E001033AE42F2D1F4
:10C6A400CF1939000F230C2610318C461340164243
:10C6B40017D04446043B9B089B00FF181437061B05
:10C6C4000C688D1904312C60B942F9D161460433E8
:10C6D40059184B441D0003231A40B8E70500561EA1
:10C6E400B7E74D461A00B2E7F0B5DE4657464E4668
:10C6F4004546E0B5E1B009910A9283461C000F93C8
:10C7040003F018FD036818001F9303F001FE0822CC
:10C714001D90002130A8FFF7F5FE5B4623B15B6B4B
:10C72400002B01D101F070FA0125099B5A6E0C21EE
:10C734005B5E154201D100F0C9FE990401D501F0F8
:10C7440036F842F200010B43D44909980A40838128
:10C7540042661BB21A0701D400F091FE099A1269CD
:10C76400002A01D100F08BFE1A221A400A2A01D1B4
:10C7740000F096FE37AB34930023002413933693D2
:10C78400359300231A931B9437AB994600232093C7
:10C794001E93219326930C9340F64463C2F2000344
:10C7A4001893BF4B4E4614935B4634AF0893089BD3
:10C7B40040F2E40B9946B0460A9C189E5B46F55835
:10C7C40003F0A2FC30AA03000092484622002CA9E0
:10C7D400A847002801D100F0C9FC002801DA00F0C4
:10C7E400BCFC2C9B252B01D02418E7E70A9B46466A
:10C7F400E21A050093469C4201D000F0BEFC0023DF
:10C8040022A9CB77012149428B46621C002163781F
:10C814005D4614000D91079101341A00203A5A2AFA
:10C8240003D8149992008A58974615941693002BAE
:10C8340001D100F0B7FC47AA1370002322A9CB77DB
:10C844000E9301331293002340F2000B1C931993AF
:10C85400179301330A920B93079A8423110019400A
:10C864008846BC68134200D144E122ABDB7F13B39A
:10C8740040F2000A7B6822A91F228C46624432607F
:10C884000122013401337260BC607B60072B01DD3F
:10C8940000F03CFE083653466BB17B682AAA32602E
:10C8A4000222023401337260BC607B60072B01DD1D
:10C8B40000F020FE08364346802B01D100F07FFCB7
:10C8C4005B46129A9D1A002D00DD25E1079BDB05CE
:10C8D40000D557E10A9B3360129B9C4673607B68CA
:10C8E40064440133BC607B60072B00DD93E00836B1
:10C8F400079B5B0706D50D9B0B9A9D1A002D01DD46
:10C9040000F010FE0D9B0B9A934200DA13000C9A70
:10C9140094469C4463460C93002C01D000F087FCA1
:10C9240000237B600E9B1BB10E99089804F016FF40
:10C9340037AE159B0A933AE7303B00211A008B006F
:10C944005B185B000134D118631E1B781A00303A5F
:10C95400092AF4D90D9160E7072216930F9BAB4681
:10C9640007339343159430CB0F936B005B082593E7
:10C9740001224FF6FF7324945242C7F6EF732498B2
:10C9840025991A941B950CF063FD002801D000F042
:10C99400B2FF2498259901224FF6FF735242C7F63D
:10C9A400EF73FFF72DFC002801D000F0A4FF8023D3
:10C9B400079A20009A430792002300222900FFF7D8
:10C9C40015FC002801D001F064FD169A22ABDB7F30
:10C9D400472A01DD01F06DFA4BF23422C0F6010260
:10C9E4000A92002B01D001F07EFF0E9303331293C1
:10C9F40000231C9319931793033340F2000B0B93FA
:10CA04002AE74A466419013332607560BC607B6072
:10CA1400072B00DC6BE73A000999089802F06CF9DF
:10CA2400002801D000F00CFCBC6837AE60E7237826
:10CA3400F2E62023079A1A4307922378ECE6079A32
:10CA4400AB4615941693930601D400F016FF072302
:10CA540040F2080C0F990792073199438C446346BE
:10CA64000F930AC910911193002B00DAFAE25B4686
:10CA7400002B00DA41E18023079A9A430792109A27
:10CA8400119B11001943002900D036E15B46002BAD
:10CA940001D101F0F3F930233AE1C046FFDFFFFF93
:10CAA400D0B401080F9A15941693151D432B01D188
:10CAB40000F0F8FF079BDB0601D500F0F3FF0F9BA6
:10CAC40047AC1B68237001230B931293002322AA03
:10CAD400D377079A0E9311001C9319931793842309
:10CAE40019400A9440F2000B8846BC680F95134223
:10CAF40000D0BAE60D9B0B9A9D1A002D01DD00F0C3
:10CB04007BFC22ABDB7F002B00D0B1E65B46129AA4
:10CB14009D1A002D00DCD9E64BF2D46940F2100BCB
:10CB24007B68C0F60109102D04DC1BE0103D0836BB
:10CB3400102D17DD4A4632605A46103401337260B4
:10CB4400BC607B60072BF1DD3A000999089802F07C
:10CB5400D3F8002800D073E3103DBC687B6837AE7F
:10CB6400102DE7DC4A466419013332607560BC60FD
:10CB74007B60072B01DD00F00EFE079B0836DB050A
:10CB840000D4A7E6169B652B00DC77E31A981B9963
:10CB940000220023FFF724FB002801D100F013FD3D
:10CBA4004BF27423C0F601033360012373607B6886
:10CBB40001340133BC607B60072B01DD01F035F8E3
:10CBC40008362B9B139A934201DB00F0F6FD1F9B62
:10CBD40033601D9B9C4673607B6864440133BC6076
:10CBE4007B60072B01DD00F03AFF0836139B5D1EC6
:10CBF400002D00DC7CE64BF2D46940F2100A7B681D
:10CC0400C0F60109102D05DCFBE60836103D102D99
:10CC140000DCF6E64A463260524610340133726054
:10CC2400BC607B60072BF0DD3A000999089802F09C
:10CC340063F8002800D003E3BC687B6837AEE5E7FF
:10CC440015940F9C169308CC22A91A000A9300236A
:10CC5400AB46CB77002A01D100F00EFF169B532B75
:10CC640001D100F0EFFF079A10231100194017912A
:10CC7400134201D000F0E6FF002D01DA01F028FA9A
:10CC84002A0000210A9803F003FB22ABDA7F0E90FE
:10CC9400002801D101F0A9FE0E9B0A99591ACB4331
:10CCA400DB17129119400B910AB101310B9100234A
:10CCB4001C9319930E93733340F2000B0F94169345
:10CCC400CAE510201693079BAB46159418439B06A0
:10CCD40001D400F0ECFD07220F9B073393431A00A5
:10CCE40018CA1093119400230F9222AAD3775B469B
:10CCF400002B01DB00F06CFD0790109B119C002CB5
:10CD040000D053E1092B00D950E1109B3033DBB242
:10CD14009420632222A909188B545B460B93002BA1
:10CD240001DC01230B93012222A98C4622AB12922F
:10CD3400F6326244DB7F0A9213B10B9B01330B93EF
:10CD440000230E931C931993179385E50F9A08CA31
:10CD54000D93002B01DB00F037FD0D9B0F925B421E
:10CD64000D930423079A1A430792237854E510205D
:10CD74001693079BAB46159418439B0601D400F009
:10CD84008EFD072340F2080C0F9A07329A4394440D
:10CD940063460F9313685268002122ACE177594629
:10CDA400002921DBD9490140079119001143F1B948
:10CDB4005946E1B90123190001400B91034201D105
:10CDC40000F018FF9424302222A862330019C254C0
:10CDD400002312911C93199317930E9322AA94463D
:10CDE400F73363440A9337E5C94908400790072598
:10CDF400B44660A8290054071940DB0823431C00EB
:10CE0400D20806003031013814430170002CF1D1EE
:10CE1400079A012315001D4034000A9066461795B1
:10CE2400134201D000F060FC5A4660AB1B1A129307
:10CE34000B929B4501DA00F0E4FC00231C93199348
:10CE44000E9309E50823079A1A4307922378E3E42B
:10CE540023786C2B01D100F000FE102207991143B6
:10CE64000791D9E42378682B01D100F0EDFD40222D
:10CE7400079911430791CFE4002247F630010F9838
:10CE8400159422ACAB4608C82184E277002D00DA61
:10CE940050E28021079D8D437E390D430795002B79
:10CEA40001D000F058FF5B46002B01D100F0EFFFEA
:10CEB40021009424632330320919CA545B460B932E
:10CEC400002322AA9446179319930E931C93783344
:10CED40016937F3363440A93012300210F90129326
:10CEE40075E20798AB4615941693830600D548E778
:10CEF4000F99079A08C90798D20601D500F0D1FC0A
:10CF0400420601D400F07FFF00229BB20F9143E759
:10CF14000F9A079B1594111D9B0601D500F0A5FCE3
:10CF2400079BDB0601D500F0FFFE079B5B0601D5DE
:10CF340000F0EAFF079B9B0501D400F0F5FE0F9B70
:10CF44000C9A1B680F911A70F3E40798AB4615947A
:10CF54001693830600D5BEE6079C102320000F9984
:10CF6400184004C9234201D001F045FE079C402328
:10CF740025001D40234201D100F057FF93B21093C6
:10CF84000023119322ABD8775B46002B08DB802368
:10CF9400079A9A43109B0792002B01D100F09DFC45
:10CFA4000F91109B119C002C00D1ABE640F2004580
:10CFB400079B60AC2B4098460023B246139326008F
:10CFC4000FE0109B119C99460A2200234846210039
:10CFD400FFF792F92E0010901191002C01D101F06D
:10CFE40080FA109811990A220023FFF785F9139B00
:10CFF400751E01331393434630322A70002BE0D060
:10D004001E9B139A1B789342DBD1FF2AD9D0109B25
:10D01400119C002C01D001F0DAF8092B01D901F0A0
:10D02400D6F85A4660AB5B1B56460A9512930B9290
:10D034009B4500DA0B9322ABDB7F7DE6102216932F
:10D04400079BAB4615941A439B0600D5FFE40F9B40
:10D05400191D0F9B07921B680F911093DB171193F7
:10D0640000D404E51099119A00244B429441109382
:10D0740011942D2322AAD3775B46002B00DA3CE6D9
:10D084008023079A9A43079237E6089B180099462B
:10D0940003F050F843681800269303F039F98046EA
:10D0A4002190484603F046F84146826823781E9250
:10D0B400002901D1FFF7B0FB002A01D1FFF7ACFB37
:10D0C4001278002A01D1FFF7A7FB40F2004207992A
:10D0D40011430791FFF7A0FB0123079A1A43079214
:10D0E4002378FFF799FB22AAD27F2378002A01D064
:10D0F400FFF792FB203222A9CA77FFF78DFB80232A
:10D10400079A1A4307922378FFF786FB7FFBFFFFFA
:10D11400FFFBFFFF2378601C2A2B01D101F0FFFCE9
:10D124001A00303A0025092A0ED8AB005B195B00BF
:10D1340001309D18431E1B781A00303A092AF4D98D
:10D14400002D01DA00F037FC0400FFF766FB2B2307
:10D1540022AAD3772378FFF75FFB0822002130A8A7
:10D16400FFF7D0F901202418FFF728FB0A9B464655
:10D17400E21A050093469C4214D00A9B33605B4636
:10D184007360BB685B44BB607B6801337B60072BC7
:10D1940000DDC5E008360C9B5B440C93002D01D0E8
:10D1A400FFF72DFB089B9B46BB68002B01D000F0CA
:10D1B40084FF00237B60099B0C229B5E4BE00D9B4C
:10D1C4000B9A9D1A002D01DCFFF77AFB4BF2D46910
:10D1D40040F210087B68C0F60109102D04DC19E048
:10D1E400103D0836102D15DD4A4632604246103493
:10D1F40001337260BC607B60072BF1DD3A00099952
:10D20400089801F079FDD8B9103DBC687B6837AE49
:10D21400102DE9DC4A466419013332607560BC6044
:10D224007B60072B00DDBAE30836FFF749FB3A00C1
:10D234000999089801F060FD002801D1FFF770FBFF
:10D24400089B9B460E9B1BB158460E9904F086FA28
:10D25400099B0C229B5E099A526ED20703D49A054D
:10D2640001D400F0A9FC5B0600D5A8E10C9861B0DC
:10D27400F0BCBB46B246A946A046F0BD35007B686B
:10D28400013401339A46139B0835012B00DC3EE23E
:10D294000A9BBC6033600123736053467B60072B99
:10D2A40001DD00F057FC1F9B2B601D9B9C466444D2
:10D2B40040F2010CE2446B605346BC607B60072B78
:10D2C40001DD00F038FC0835139B00221A981B99E5
:10D2D4005E1E0023FEF784FF002800D031E240F2F6
:10D2E400010C0A9BE24401332B605346A4196E607F
:10D2F400BC607B60072B00DD16E208352EAB2B608B
:10D30400209B9C466B60534664440133BC607B6045
:10D31400072B01DDFFF77FFB08352E00FFF7E8FA46
:10D324003A000999089801F0E7FC002800D08FE73B
:10D3340037AE30E70221079C0C4307940D314BF2C2
:10D344004424C0F60104A4461940614409787824B1
:10D354000F904BF2442040F2020CC0F601001694E8
:10D3640040F26308942522AC641945461B096155B3
:10D3740011070B4322AD1900F724A84612094444AF
:10D3840011430A940F2471B10A991D002540455D8B
:10D3940001390D701B0915072B431D001209154394
:10D3A400002DF2D10A910A9A60AB9B1A5A46129345
:10D3B4000B929B4500DA0B93002300210E931C93E0
:10D3C400199317936346002B01D1FFF745FA079889
:10D3D40084220300134098460B9BBC6802330B93D2
:10D3E4007B68024200D0C6E20D9A0B98151A002DF4
:10D3F40000DCC0E240F202084BF2E469BC687B68DE
:10D40400C0F60109102D21DD220040F2100A4C461D
:10D4140003E0103D0836102D16DD5146103201335D
:10D4240034607160BA607B60072BF2DD3A000999C1
:10D43400089801F061FC002800D001E7103DBA68AB
:10D444007B6837AE102DE8DCA14614004A462C193F
:10D45400013332607560BC607B60072B00DDB3E391
:10D4640022AAD27F0836002A00D0C5E14246002A0B
:10D4740001D1FFF725FA40F20008FFF70FFA099DE2
:10D484005846290002F0D4F8002801D001F025FB09
:10D494000C22AB5E1A221A400A2A01D0FFF76AF95D
:10D4A40009990E200A5E002A01DAFFF763F94A6E31
:10D4B400D20703D49B0501D400F077FE230058461D
:10D4C4000A9A099901F0D2FB0C90CFE6990564D52C
:10D4D400990401D4FFF735F95213154201D1FFF72E
:10D4E40039F9099B9B899B0569D4099B986D02F0C6
:10D4F400C5FE64E03A000999089801F0FDFB002894
:10D5040000D09DE6BC6837AEFFF7D5F93A0009991B
:10D51400089801F0F1FB002800D091E6BC6837AE12
:10D52400FFF7B9F94BF2E46940F2100A7B68C0F6E0
:10D534000109102D04DC1BE0103D0836102D17DD09
:10D544004A4632605246103401337260BC607B60DC
:10D55400072BF1DD3A000999089801F0CDFB00286A
:10D5640000D06DE6103DBC687B6837AE102DE7DC5B
:10D574004A466419013324C6BC607B60072B01DC76
:10D58400FFF7C0F93A000999089801F0B5FB0028A3
:10D5940000D055E6BC68FFF7B5F9099EB06D02F0FE
:10D5A40065FE0C21735E726E990401D4FFF7C9F80D
:10D5B40051130D4201D1FFF7CDF8154291D001234B
:10D5C4005B420C9352E62B9A002A00DC20E1179B65
:10D5D400139A9A46934200DD92465346002B0DDD82
:10D5E4000A9B54443360534673607B68BC600133C8
:10D5F4007B60072B01DD00F0CBFF08365346DB438D
:10D604005246DB171340179AD31A9A46002B00DDB3
:10D61400A6E30A9A179B944663449946079B5B05C5
:10D6240001D500F05AFE2B9A13998A4204DB079B1A
:10D63400DB0701D400F044FC1F9B33601D9B9C4618
:10D6440073607B6864440133BC607B60072B01DD3D
:10D6540001F014F80836139B0A9D9C469A1A4B460F
:10D664006544ED1A954201DD00F005FC002D0CDD4A
:10D674004B4633607B68641901337560BC607B6022
:10D68400072B01DD01F048F80836EB43DB171D409A
:10D69400551B002D01DCFFF72BF94BF2D46940F246
:10D6A400100A7B68C0F60109102D07DCFFF7A9F901
:10D6B4000836103D102D01DCFFF7A3F94A4632600D
:10D6C4005246103401337260BC607B60072BEFDD7F
:10D6D4003A000999089801F00FFB002800D0AFE543
:10D6E400BC687B6837AEE4E7302900D14BE13022D7
:10D6F40059460A9DA31E013D2A7060AAD21A1292AD
:10D704000B91934500DA0B920A93FFF719FB01235F
:10D71400079A134200D0BBE50A9ABC600CC6534674
:10D724007B60072B00DCE9E53A000999089801F0D1
:10D73400E3FA002800D083E57B68BC689A4637ADDD
:10D74400DCE5139B012B00DCD8E54BF2D469C0F671
:10D754000109112B00DCEFE240F21008534604E00B
:10D764000835103E102E00DCE5E24A462A604246A7
:10D77400103401336A60BC607B60072BF0DD3A0033
:10D784000999089801F0B8FA002800D058E5BC6857
:10D794007B6837ADE5E73A000999089801F0ACFADF
:10D7A400002800D04CE5BC6837AEFFF78FF8521361
:10D7B400154201D1FEF7CEFF01E7079BDB0701D439
:10D7C400FFF796F8FFF703FA23780F92FFF724F890
:10D7D40080239843109A119B110019430790002944
:10D7E40001D0FFF78AFA5B46002B7AD0002300248D
:10D7F40010931194FFF789FAC24640F20008FFF72C
:10D804003AF80B9300231C9319930E93FFF724F813
:10D814004BF27423C0F601033360012373607B6809
:10D8240001340133BC607B60072B01DD00F04BFE4B
:10D834000836002A00D0BBE20123079A1340139A4A
:10D844001343002B01D1FFF753F81F9B33601D9B3B
:10D85400181973607B68B86001337B60072B01DDA6
:10D8640000F049FC31000831B4E213680C9A0F91BE
:10D874001A60D2175A60FFF75CF80F99079A08C923
:10D88400D20601D501F0CEF9079A520600D4C2E2BD
:10D894001BB21093DB1711930F91FFF7E5F80F9B61
:10D8A400191D0F9B00221B680F91FFF775FA0F9B40
:10D8B400191D0F9B22AA1B68109300231193D37781
:10D8C4005B46002B01DA00F0E0FD80239843109BB7
:10D8D4000790002B01D0FFF763FB5B460F91002BF1
:10D8E40084D112931C93199317930B930E9360ABEB
:10D8F4000A93FEF7B1FF1A981B9902000B000BF074
:10D90400A7FD002801D000F0FFFF169B612B01D179
:10D9140000F04BFE412B00D1FDE25B46013301D107
:10D9240000F0CDFF40F20013079D169A1D431B9B88
:10D93400672A01D100F085FF00210E91472A01D109
:10D9440000F07FFF1A991B9A40F20013079D1D43B4
:10D95400002A01DA00F095FF1A9B1B9C2293239462
:10D9640000232793169B413B252B00D9D1E3EB4A97
:10D974009B00D3589F46002901D1FEF78FFF40F248
:10D98400020AFEF778FF0A9A60AB9B1A5A46129372
:10D994000B929B4501DBFFF7D3F9FFF7D0F93A006F
:10D9A4000999089801F0A8F9002800D048E4BC6857
:10D9B40037AEFEF785FF012504006D42FEF72DFF0B
:10D9C4004BF25820AB4615941693C0F60100079B02
:10D9D4000F9A9B0600D4A3E0072340F2080C0732F9
:10D9E4009A43944463460F9313685268079C012139
:10D9F40025000D4021426DD019001143002900D1AA
:10DA040007E130252AA90D70169D4D70002122AD25
:10DA1400E9775946002900DAB1E0C149079C02259B
:10DA24000C402100294307910221079C0C400D3131
:10DA34001940A446415C93E44BF24420AB46159450
:10DA44001693C0F60100C2E79933FF33079A0134F5
:10DA54001A4307922378FEF7DFFE4C3BF6E73A00C1
:10DA64000999089801F048F9002801D0FFF7E8FB6C
:10DA7400BC6837AEFFF7BAF80B95062D00D915E24E
:10DA840000230E930B9B40F2000B129300231C9374
:10DA9400199317934BF26C23C0F601030F940A9366
:10DAA400FEF7DAFE0822002132A8FEF72BFD0F9BB9
:10DAB40047AC1A68210032AB089805F05DFE0300FC
:10DAC400129001336BD0129AD343DB171A400B9296
:10DAD400FEF7FCFF22A9CD775946002952DB904975
:10DAE400079C0C4019001143079400299CD15B4604
:10DAF400002B00D132E102789420632322A9091873
:10DB0400CA545B460B93002B00DCE9E100230E931F
:10DB14000133129300231C9319931793FFF75EF9B3
:10DB240008CA0F92079AD20627D4079A520620D51C
:10DB340000229BB25AE73A000999089801F0DCF8F0
:10DB4400002801D0FFF77CFB7B68BC689A4637ADA0
:10DB5400FFF7BAFB3A000999089801F0CDF80028BC
:10DB640001D0FFF76DFB7B68BC689A4637ADFFF7C1
:10DB74009AFB079A920500D5BDE1002236E70221FF
:10DB84000C430794079C022125000D40AC46654DCB
:10DB94000D3119402C40415C0794FFF7E1FB0999D2
:10DBA4000C228B5E40221A438A814A6ED20700D52A
:10DBB40005E59B0500D502E5099CA06D02F05EFB1E
:10DBC4000C22A35EFFF74FFB3A000999089801F075
:10DBD40093F8002801D0FFF733FB22ABDB7FBC684E
:10DBE400002B00D106E1C2467B6840F2000837AE44
:10DBF400FEF741FE002312931C93199317930E937F
:10DC040060AB0A93FEF728FE584601F0D3FAFEF7FC
:10DC14008BFD22ABD9775B46002B01DA00F022FCA6
:10DC2400079A3F4B1A40079261E73A00099908980E
:10DC340001F062F8002801D0FFF702FBBC6837AEA0
:10DC4400FEF7BFFF0A9B08222D9332AB1800002178
:10DC54009846FEF757FC5B46002B00DAF2E30023FC
:10DC6400A2465C46B3461E00089B0025994611E077
:10DC74004346484647A905F07FFD431C01D100F007
:10DC840012FE3018A04209DC0435A04201D100F094
:10DC9400A5FE06002D9B5A59002AE9D11296544636
:10DCA4005E46129B002B01D100F022FC632B01DCA9
:10DCB40000F098FD0898591C03F09CFE0A90002877
:10DCC40001D100F0BAFF0A9B0E93082200214046BE
:10DCD400FEF718FC4346129D00930A992B000898FE
:10DCE4002DAA05F0A3FD854201D000F09EFF00237C
:10DCF400129A0A998B54D343DB171A4022ABDB7F69
:10DD04000B92002B01D000F061FD40F2000B0F9448
:10DD14001C9319931793FEF79FFDC0463CB6010868
:10DD24007FFBFFFFFFFBFFFF0F9B0C9A1B681A6032
:10DD34000F91FEF7FEFD9A4640F2010C4B46E24479
:10DD44002B605346A4196E60BC607B60072B01DC1A
:10DD5400FFF7D3FAE8E40F21FFF7F1FA0023C0E557
:10DD64004BF2D46952467B68C0F60109102A74DD6F
:10DD7400220040F2100B54464D4603E00836103C96
:10DD8400102C67DD59461032013335607160BA607A
:10DD94007B60072BF2DD3A000999089800F0ACFF8C
:10DDA400002801D0FFF74CFABA687B6837AEE6E783
:10DDB4001F9B33601D9B181973607B68B860013327
:10DDC4007B60072B00DD96E131000831002A01DA7F
:10DDD40000F0D9FC0A9A01330A60139A7B60141884
:10DDE4004A60BC60072B01DDFEF715FE08310E000A
:10DDF400FEF77EFD4346002B6FD040F200087B689F
:10DE040037AEFEF74BFD079882056CD50022DBB2D6
:10DE14000F91FEF7C1FF079A92056FD55BB210937D
:10DE2400DB1711930F91FEF71FFE079C40F20023AE
:10DE34002000184023425BD0D3B2109300231193E7
:10DE440022ABDD775B46002B01DBFFF7A0F80F91D7
:10DE5400FFF7A7F8A246A94614004A463260524684
:10DE6400544401337260BC607B60072B00DDA1E188
:10DE74000836FFF7CEFB1500FFF7F8FB002222ABB4
:10DE84000B92129260AADB7F0A92FEF755FF0023E1
:10DE9400179319931C930B9312930E937833169341
:10DEA40060AB00210F900A93FFF791FA06230B93BE
:10DEB400E6E54BF23822C0F601020A92FEF791FD24
:10DEC4008C464B460A9D8A1A6544ED1A954201DC3C
:10DED400FFF7DBFB1500FFF7D8FB37AEFEF7F0FCCE
:10DEE40001230B9312E6002207980F91FEF754FFCB
:10DEF4001092FFF745F80022DBB277E51093DB17A9
:10DF040011930F91FEF7B0FD0F9B0C9A1B680F91B4
:10DF14001A80FEF70EFD45F6300322AA138402236D
:10DF2400079A1A435B460792632B01DD00F07CFCE1
:10DF34001A991B9A002A01DA00F0A9FD1A981B9974
:10DF44002BAA02F011FAFF2300229B050AF074FBAE
:10DF54000022002304000D00FEF742F908B101235A
:10DF64002B93002327930E9347AB0A934BF2582A23
:10DF7400C0F6010A0A9B9946CB441A005B46B14697
:10DF84001293160007E000220023FEF729F9002867
:10DF940001D000F00FFD00230022C4F23003200062
:10DFA40029000AF049FB0D0004000BF06DFA0B90F8
:10DFB4000BF0A2FA02000B00200029000AF006FE72
:10DFC400B34653460B9A01369B5C5A461370129B18
:10DFD40004000D00B0465B45D5D100230022C3F6F2
:10DFE400E0734E46C146FEF715F958B900230022E6
:10DFF40020002900C3F6E073FEF7F2F8D0B10B9BC2
:10E00400DB0717D55B464A4651463293013A1378EB
:10E01400C97B994207D130201070329A013A32926A
:10E0240013788B42F8D0392B01D100F091FD0133E4
:10E03400DBB2137043460A9A16999B1A2B9A1393D0
:10E04400531E70202B93612902D041212038169150
:10E054002EA90870002B01DA00F00CFD2B224A7067
:10E06400092B00DD28E322A88446073262443033BA
:10E0740013700132531A2093139B20991A008C4673
:10E0840062441292012B01DC00F006FC1D9A129BE3
:10E09400944663441293DF4B079A1A40130040F2EC
:10E0A40000121343129A0793D343DB171A40002339
:10E0B4000B921C931993179364E03A0058460999FC
:10E0C40000F01AFE002801D1FFF773F8FFF7C0F83B
:10E0D4000A9802F01DF9C3430200DB171A4022AB71
:10E0E400DB7F12900B92002B01D1FEF7E0FD013291
:10E0F4000B92FEF7DCFD3A000999089800F0FCFD4C
:10E10400002801D0FFF79CF82B9AB8687B6837A9E0
:10E114005CE632AB04932DAB03932BAB02935B46CB
:10E124000193022308980093229A239B02F0FCF99E
:10E134000A90079BDB0700D511E3329B0A9A991AD0
:10E144002B9B13911A001793033300DAA4E293452F
:10E1540000DAFCE1914200DD06E3179B1293079B72
:10E164005B0504D5179B002B01DD00F0F2FB129A2E
:10E174000795D343DB171A4067230B9216930023AA
:10E184001C9319930223079A1A40279B9446002B49
:10E1940000D199E02D232D2122AAD3770B9B40F2A5
:10E1A400000B01330B93FFF70DF9886D02F066F84D
:10E1B400FFF784F93A000999089800F09DFD0028BA
:10E1C40001D0FFF73DF8BC6837AEFFF722FA219A79
:10E1D4002699AD1A2800FEF7DBF91E99013D4B780C
:10E1E4008C46109811995A1E93419C4463460A2206
:10E1F4001E930023FEF780F8109011910A221098C4
:10E2040011990023FEF778F8012330322A70139312
:10E21400FEF7F6FE5B4601331393022332AA139CE6
:10E2240004922DAA03922BAA0292019400930898B7
:10E23400229A239B02F078F9A44602002023624428
:10E244001400169A0A909A439246462A00D1DDE1B8
:10E254002298239900220023FDF7C2FF002800D052
:10E264004FE3329B40F2450A9C4201D800F0C6FCC1
:10E2740030215A1C32921970329BA342F9D32B9A43
:10E2840017920A9A9B1A13935346472B00D157E1CE
:10E29400462B00D1D7E1179B169A013B2EA92B934D
:10E2A4000A70002B00DAFFE12B224A70092B00DDF3
:10E2B40002E2302222A884468A7003326244D6E6FF
:10E2C4005B4613930323A9E722ABD97F002900D02F
:10E2D40064E740F2000BFFF775F81300139A4BF252
:10E2E400D46A94461E9A63441293199933004E4695
:10E2F40091461C9AC0F6010A904640F2100B220087
:10E304005446002933DD4146002900DC84E0012124
:10E3140049428C46E0442699196021998C465960FB
:10E32400796862440131BA607960072965DC083391
:10E33400494612980978851B8D4200DD0D00002D99
:10E344000BDD7968521901311E605D60BA60796035
:10E35400072969DC494609780833E843C0170540B2
:10E364004D1B002D16DC761819990029CBDC41468B
:10E374000029CCDC1400139A49469446B1461E0089
:10E384000A9B1E916344994501D8FFF74CF99946BD
:10E39400FFF749F94BF2D46A7968C0F6010A102DE7
:10E3A40004DC1BE0103D0833102D17DD58461032F5
:10E3B40001311C605860BA6079600729F2DD3A00C7
:10E3C4000999089800F098FC002801D0FEF738FF5E
:10E3D400103DBA68796837AB102DE7DC5046521906
:10E3E400013118605D60BA607960072900DD8FE053
:10E3F4004946097808337618B6E73A000999089827
:10E4040000F07AFC002801D0FEF71AFFBA6837AB97
:10E414008EE7C046FFFBFFFF012149428C46199954
:10E42400E1446144199176E73A000999089800F0AB
:10E4340063FC002801D0FEF703FF4B46BA68197845
:10E4440037AB8AE7434600210093089800232DAA9E
:10E4540005F0ECF903001290013300D1EDE30A9BBF
:10E464002D931EE4E24B079A22A91A4007920278E0
:10E47400942063230918CA5422AA9046943343442F
:10E4840040F2000C0A93FEF78EFF0F910790FEF7FF
:10E4940034FC2D2322AAD377169B472B00DC4BE1B7
:10E4A40000230E930333129300231C9319931793A1
:10E4B4004BF23823C0F601030A93042340F2000B05
:10E4C4000B93FEF7C9F93A000999089800F014FC77
:10E4D400002801D0FEF7B4FE2B9ABC6837AEFFF7D4
:10E4E400A8F94B46092B01D9FEF77BFDFEF799FDF0
:10E4F40022ABDB7F40F2000B1A00531E9A4100232B
:10E504000B920F941C93199317930E93FEF7A4F98F
:10E514003A000999089800F0EFFB002801D0FEF7B3
:10E524008FFE4B461978BA6837AB76181CE72B9BDD
:10E5340017930A9BE31A13935346472B00D082E0A8
:10E54400179B033300DAA7E0179B9B4510DA169A52
:10E55400179B023A013B2EA916922B930A70002BAB
:10E5640000DBA1E60123179A9B1A2D224A70A0E62C
:10E57400139B179A934200DDF6E0179A079B1292B9
:10E58400DB0700D4EBE51D9B9C4662441292E6E552
:10E594003A000999089800F0AFFB002801D0FEF773
:10E5A4004FFEBC6837AEFFF729F847F6300322AABE
:10E5B40013840223079A1A435B460792632B00DDF8
:10E5C40032E11A991B9A002A00DA1FE21A981B9961
:10E5D4002BAA01F0C9FEFF2300229B050AF02CF8A8
:10E5E4000022002304000D00FDF7FAFD002800D1ED
:10E5F40083E201232B930023279347AB0A93002341
:10E604000E934BF2442AC0F6010AB3E40A9B1B782A
:10E61400302B00D159E12B9BE41800222298239936
:10E624000023FDF7DDFD002800D080E7329BA342E4
:10E6340000D21DE62B9A17920A9A9B1A13935346FB
:10E64400472B00D17CE70123079A13405A46134312
:10E65400179A002A00DC7FE2002B00D0FCE1179B14
:10E66400129366231693079B5B0500D573E1129AF8
:10E67400D343DB171A400B92079580E53A000999BA
:10E68400089800F039FB002801D0FEF7D9FD2B9A39
:10E69400BC6837AEFEF7DFFF169A179B023A013BC0
:10E6A4002EA916922B930A700123179A9B1A2D22D6
:10E6B4004A70092B00DCFCE522AA944647256544F0
:10E6C400280040F20A0C884693FBFCF18A00521899
:10E6D40052009A1A30320400013802701A000B00FA
:10E6E400632AF1DCA21E30331370AA4200D36AE21B
:10E6F400130022AA9446322060440200C4461978CA
:10E704000133117001329D42F9D161462B18023355
:10E714001B1B5B1A2093AFE43A000999089800F098
:10E72400EBFA002801D0FEF78BFD2B9A139BBC68F3
:10E734009A1A37AEFEF7A9FF00230E930333129300
:10E7440000231C93199317934BF23423C0F601034F
:10E754000A93042340F2000B0B93FEF77DF80A9C06
:10E7640040F2470A5C4458E71D9A139B944667227B
:10E774001692179A63441293002A00DD73E79B1ADA
:10E784005A1C129274E74BF2D469C0F601091024A2
:10E794004D465642103204DB2DE00831103E102E57
:10E7A40028DD103001330D604C60B8607B60072BAE
:10E7B400F3DD3A000999089800F09EFA002801D088
:10E7C400FEF73EFDB8687B6837A9E7E70B9B40F28C
:10E7D400000B01330B9300230F941C93199317938D
:10E7E400FEF73AF800230E9347AB0A93FFF76DFA4E
:10E7F400FFFBFFFFA9464A46801901330A604E60B9
:10E80400B8607B60072B01DCFFF72DF83A0009990B
:10E81400089800F071FA002801D0FEF711FDB868DD
:10E824007B6837A9FFF7D6FA5B460898591C03F0B2
:10E83400E1F80A90002800D1E7E10A9B0E93FFF764
:10E8440081F85A46002A00D13CE1002B00DAAEE1FF
:10E854001A9B1B9C229323940023279332AB04938B
:10E864002DAB03932BAB02935B46019302230898D1
:10E874000093229A239B01F057FE00230A900E93E3
:10E8840057E41300802212069446634423932D23F5
:10E8940022912793FFF766F8079BDB0701D4FFF764
:10E8A400FAFBFFF7F3FB4022099BCB469B891343FA
:10E8B40000221BB20E92099A9381FEF7C3FC002337
:10E8C40040F2060B0E93FFF73DF80022229823999D
:10E8D4000023FDF785FC002800D1C6E02B9B9C4655
:10E8E4001793644425E600230E9303331293002305
:10E8F4001C9319931793043340F2000B0B93FDF709
:10E90400ABFF2B9B1793C6E41B9B0799DB0FDA071E
:10E914001792802291430791002B00D1BAE02D2356
:10E9240022AAD377169B472B00DC2DE100230E93FC
:10E934000333129300231C93199317934BF2402330
:10E94400C0F601030A93042340F2000B0B93FDF776
:10E9540083FF672316931E990B78FF2B00D146E1A2
:10E9640000221C921992179A05E01998013101307E
:10E974001990FF2B0AD0934208DAD21A4B78002B55
:10E98400F3D11C9B01331C930B78F2E71E91179271
:10E99400199A1C9B9446219A63445343129A0795EF
:10E9A40094469C446246D343DB1712921A400B925E
:10E9B400FFF7E8FB5B46D84312994E4630224B1CC6
:10E9C400C84201D5FFF736FB4146129C08000A7085
:10E9D40001318442F9D19846FFF72CFB5E46A346E9
:10E9E4005B4654461293FFF75CF9002A00D18AE093
:10E9F4002B0001330B9300231C931993733340F2C0
:10EA0400000B0F9412951693FDF726FF1300229125
:10EA14008022120694466344239300230E9347AB4B
:10EA24000A932D2327932BAA2298239901F09CFC67
:10EA3400FF2300229B0509F0FFFD002200230400B0
:10EA44000D00FDF7CDFB08B101232B93169B612B21
:10EA540001D0FFF78BFAD4E513001D9A5B4494466A
:10EA64006344129366231693FDE50123139A9B1ABC
:10EA74002B93D1E501239B1A2D224A70092B00DD2B
:10EA84001AE622A8844605326244FFF7F0FA13001E
:10EA94002291BDE7169A22ABDB7F472A00DC96E081
:10EAA4004BF24022C0F601020A9240F2000B002B06
:10EAB40000D092E01C9319930E93033312930B939B
:10EAC400FDF7CAFE002B35DB1A9B1B9C2293239473
:10EAD400002340F2010B2793C0E6099A536EDB072B
:10EAE40001D5FEF76CFD93899B0501D5FEF767FD03
:10EAF400906D01F0C3FBFEF762FD002327930E9394
:10EB040047AB0A937DE50022732340F2000B0F9478
:10EB140012951C9219920B951693FDF79DFE0F9A70
:10EB240020CA002D01DA01256D4263780F9204009A
:10EB3400FDF772FE80221A9B1B9C120694462293B8
:10EB44002300634423932D2340F2010B279385E68E
:10EB540053469B7AFFF76DFA43B901230B93653350
:10EB64001693653B07951293FFF709FB1D9B0795C9
:10EB740001331A005A44D343DB1712921A40662316
:10EB84000B921693FFF7FBFA00230E9303331293B1
:10EB940000231C93199317934BF23C23C0F60103F3
:10EBA4000A93042340F2000B0B93FDF755FE8022D9
:10EBB4001A9B1B9C120694462293230063442393BE
:10EBC4002D2327934AE602232093FFF755FA4BF2AD
:10EBD4003C22C0F601020A9267E75B461C93199334
:10EBE4000E930333129301330B93FDF735FE002389
:10EBF4001C931993CCE62000FEF75BFE2B9A179228
:10EC04000A9A9B1A1393FFF746FB09990C228B5E11
:10EC140040221A438A814A6ED20701D4FEF7C9FF03
:10EC2400FEF7CDFC079AFEF714FA089B9B46099B56
:10EC34009A89402313431BB23DE6089B9B46099BDC
:10EC44009A894023134300221BB20E9233E6C04636
:10EC5400130040F6084210B50400C2F20002106826
:10EC64000A002100FDF740FD10BDC046F0B5C646C0
:10EC740000B5204C1600A54402226C4698468B89A8
:10EC840007009343A3814B6E16A81993CB890D00FB
:10EC9400E381CB6907934B6A09931AAB00930493FE
:10ECA40040F20043029305930023069301F0D6FA41
:10ECB4003200434669463800FDF716FD061E10DA99
:10ECC400A3895B0603D54022AB891343AB81A06DB6
:10ECD40001F0C8FA300040F268439D4480BCB84655
:10ECE400F0BD6946380000F0B1F80028E8D00126EC
:10ECF4007642E5E798FBFFFF10B514009268002305
:10ED04002AB1220000F0AEFA00220300A260002221
:10ED14001800626010BDC046F0B5C64600B50C22AE
:10ED24008B5E07000C001A074CD440F600016268A1
:10ED34001943A181002A68DDA56AFDB300223E685B
:10ED44003A60DB0466D4002201233800E169A84755
:10ED54000200431C6BD00C23E15EA56A490705D56C
:10ED64006368D21A236B0BB1E36BD21A0023380009
:10ED7400E169A8470C23E25E431C4DD139681D2983
:10ED84005FD80123C2F24003CB40DB0759D52E4B99
:10ED94001340A3810023636023692360D20401D557
:10EDA400002942D0216B3E6041B123004033994297
:10EDB40002D0380002F0D2FC00232363002080BC80
:10EDC400B846F0BD0E69002EF8D00D680022AD1BC8
:10EDD4000E609B0700D14A69A260002D04DCEDE7B8
:10EDE40036182D1A002DE9DD636A32009846380082
:10EDF4002B00E169C0470028F2DC4022A3891343B9
:10EE04001BB20120A3814042D9E7E26B002A00DD56
:10EE140092E7D3E7226DA1E70B4B1340A3810023B4
:10EE2400636023692360D204BCD52065BAE73B68DC
:10EE3400002B00D18FE71D2B01D0162BDDD13E60B6
:10EE4400BCE740231343DCE7FFF7FFFF70B5050081
:10EE54000C0008B1436B33B30C22A35E8BB1626E1A
:10EE6400D20701D49B050ED528002100FFF754FFDB
:10EE7400636E0500DB0702D4A3899B050FD5280028
:10EE840070BD0025FBE7A06D01F0F0F9280021001A
:10EE9400FFF742FF636E0500DB07F0D4ECE7A06DDB
:10EEA40001F0ECF9EBE700F085F9D5E770B5040063
:10EEB40000282AD040F60843C2F200031D680DB1B1
:10EEC4006B6BB3B10C22A35E8BB1626ED20701D41B
:10EED4009B0512D528002100FFF71EFF636E050075
:10EEE400DB0702D4A3899B050BD5280070BD002540
:10EEF400FBE7280000F05EF9E4E7A06D01F0B6F945
:10EF0400E8E7A06D01F0BAF9EFE740F650524EF68B
:10EF1400516140F61040C2F20002C0F60001C2F294
:10EF2400000000F011FB0500DFE7C04640F6505238
:10EF340043F67D0140F6104010B5C2F20002C0F65F
:10EF44000101C2F2000000F0FFFA10BD41F6EC131B
:10EF54004168C2F2000310B50400994201D004F0E4
:10EF64008BFCA168064B994202D0200004F084FC7B
:10EF7400E168044B994202D0200004F07DFC10BDEE
:10EF8400541A0020BC1A00204B6E10B5DB0702D4C3
:10EF94008B899B0501D5002010BD886D01F066F9B1
:10EFA400F9E7C0464B6E10B5DB0702D48B899B058D
:10EFB40001D5002010BD886D01F060F9F9E7C04665
:10EFC400F8B541F6EC1441F624334EF63172CE46D0
:10EFD4004746C2F20004C2F20003C0F60002200059
:10EFE4004FF29159002580B51A600423C0F6000938
:10EFF400082200214FF2BD585C3025606560A56091
:10F00400656625616561A561E360FDF77BFA4B46A2
:10F01400C0F600084FF2FD574FF229662000236224
:10F024004346C0F60007C0F600065830A762E66201
:10F034006362E46101F012F9CC23E550C33BC0F2F2
:10F04400010320006367802300210822C430E550B7
:10F05400A566E5662567A567E567FDF753FA22000F
:10F0640084236832E2504A460433E2504246200088
:10F074000433E2500433E750C0300433E65001F067
:10F08400EDF8D023DC22E5500433E5500433E55099
:10F094005C33E550233BFF3BC0F20203A350200046
:10F0A400E0232D30E5500433E55000210433D43AF5
:10F0B400FF30E550FDF726FA2200EC23D032E2506F
:10F0C4004A460433E250200042460433E2502930D9
:10F0D4000433E750FF300433E65001F0BFF8C0BCFE
:10F0E400B946B046F8BDC046F8B5070041F60C5025
:10F0F400C2F2000001F0BAF841F62433C2F2000370
:10F104001B68002B47D040F65056C2F200067368C5
:10F11400B468013B03D525E06834013B22D30C22BB
:10F12400A55E002DF8D12000214B5830E3606566C0
:10F1340001F094F841F60C50C2F2000001F09EF880
:10F144002000082200212560A560656025616561B5
:10F15400A5615C30FDF7D6F9256365636564A56434
:10F164002000F8BD35680DB12E00D0E740F2AC1197
:10F17400380002F03FFC040080B104230560250040
:10F1840043600C3040F2A0120021A060FDF7BAF9F0
:10F1940034602E00BBE7FFF713FFB4E7306041F69D
:10F1A4000C50C2F2000001F069F80C233B60D7E771
:10F1B4000100FFFF10B5040041F60C50C2F200003C
:10F1C40001F054F8636B53B94EF65173C0F6000363
:10F1D400636341F62433C2F200031B6833B141F682
:10F1E4000C50C2F2000001F049F810BDFFF7E8FE30
:10F1F400F5E7C04641F60C5010B5C2F2000001F02C
:10F2040035F810BD41F60C5010B5C2F2000001F003
:10F2140035F810BD41F60C5010B5C2F2000001F0F3
:10F2240025F840F650524EF68D710020C2F20002CD
:10F23400C0F6000100F088F910BDC04640F65052F7
:10F244004EF6A97110B5C2F20002C0F6000100200A
:10F2540000F07AF941F60C50C2F2000001F00EF809
:10F2640010BDC046F0B54546DE4657464E46E0B5AD
:10F27400936883B00C00904600905BB30C228B5EC5
:10F284001A072FD50A696AB3424616689A0735D514
:10F294004FF6004900270025C7F6FF79002D00D15D
:10F2A4008FE02B004D4503D94FF60043C7F6FF739B
:10F2B400626AE169924600983A00D047002800DC6F
:10F2C40088E0434642469B683F181B1A2D1A9360F8
:10F2D400002BE3D1002003B0F0BCBB46B246A946E4
:10F2E400A046F0BD2100009800F0A2F9002876D1D4
:10F2F4000C22A35E424616689A07C9D440F200095C
:10F30400DA076FD4002740F2002B002F54D05A465E
:10F314002068A5681A4200D1A8E0AA46BD4200D9D7
:10F32400D3E040F280421A422ED02169451A606926
:10F33400019542001218D00F8218681C5210C0198F
:10F344009246904201D9824602005B0500D4DAE07D
:10F354001100009802F04EFB0500002800D1E8E0FF
:10F36400019A2169FDF76CF9A389754A134080223B
:10F374001343A3815246019B2561E818BA463D0018
:10F38400D31A20606261A3605246494600F0CAF96C
:10F39400A3685B1B3D000027A360236853442360DC
:10F3A400434642469B68A9445B1B9360002B91D063
:10F3B4000C22A35E002FAAD13268776891460836E2
:10F3C400A3E737687568083668E721000098FFF7F7
:10F3D4003DFD58B30C22A35E40221343A3810120B8
:10F3E400404278E74B460027B146002040F2000A2D
:10F3F4001E003FB378B33300BB469F4200D99B46FF
:10F40400206822696369904203D9A5685D19AB45F8
:10F414006BDC5B455CDC656A5246E1690098A84791
:10F42400051ED7DD761B0120002ECED04346424672
:10F434009B68AA445B1B7F1B9360002B00D149E7A8
:10F44400002FD7D14B4640F2080C5F68E144002FEF
:10F45400F8D01B689A463A000A21504600F018FF7B
:10F46400002863D053460130C61AC4E72369834297
:10F4740014D36369BB4211D880213A0009068F4234
:10F4840000D3304A92FBF3F2656A5343E1694A467A
:10F494000098A847051E9DDD7F1B81E7BD4200D96A
:10F4A4003D002A00494600F03DF9A36822685B1B31
:10F4B4005219A3602260002BEED121000098FFF7BF
:10F4C400C5FC002886D17F1B6AE73D00BA465BE78E
:10F4D4005A46514600F026F95A46A3685D469B1ADF
:10F4E400A36023685B4423609CE751462A0000F034
:10F4F40019F9236821005B1900982360FFF7A6FC23
:10F5040000288FD066E7009803F0BCFD05000028B2
:10F5140000D02FE7009D2169280002F01FF9802206
:10F52400A3899343743A1BB22A6055E77B1C1E00DF
:10F5340062E70C23009A13600C22A35E4CE7C046DA
:10F544007FFBFFFFFFFFFF7FF8B54746CE468846A7
:10F5540080B58146170000267D68BC68013D0DD446
:10F56400A389012B07D90E22A35E013303D0210006
:10F574004846C04706436834013DF1D23F68002F36
:10F58400EAD13000C0BCB946B046F8BD70B50C0035
:10F594000E25495F00F034FE002803DB236D1B18A1
:10F5A400236570BDA389024A1340A381F9E7C046CD
:10F5B400FFEFFFFF00207047F8B50C001F000C237D
:10F5C400C95E05001600CB050AD40A4B3200194067
:10F5D4002800A1810E23E15E3B0000F027FEF8BD68
:10F5E4000E23E15E0022022300F0F4FD0C23E15E11
:10F5F400EBE7C046FFEFFFFF70B50C000E25495F37
:10F6040000F0E8FD0C22A35E421C05D041F200028A
:10F6140020651343A38170BD014A1340FAE7C04635
:10F62400FFEFFFFF10B50E23C95E00F08BFD10BD88
:10F6340040F60843C2F2000370B5050018680C00D8
:10F6440010B1426B002A56D00C22A35E1A070DD5C6
:10F654002269AAB10122110019401A421AD00023CA
:10F66400A36063695B42A361002070BDDA0650D5D4
:10F674005A0714D4226908210B43A381002AE9D133
:10F68400990522D5190620D4D9073DD4990738D530
:10F69400A2602AE09B0716D46369A360E4E7216BA8
:10F6A40051B122004032914204D0280002F056F8B1
:10F6B4000C22A35E00222263242293430022626070
:10F6C40022692260D7E7A160CEE72100280004F078
:10F6D4003FF90C22A35E2269D9070FD50021A1604E
:10F6E40061694942A161002ABED11A06BCD54022F3
:10F6F4001343A38112E0FFF75DFDA5E700219807FE
:10F7040000D46169A160EEE7A26062695242A2611D
:10F71400EBE709222A6040221343A38101204042DF
:10F72400A3E7C046F0B5CE46474680B588420CD91B
:10F734008B18984209D2531E1AB1CA5CC254013BB9
:10F74400FBD2C0BCB946B046F0BD0F2A0BD80500A9
:10F75400561E002AF5D00023CC5C1A00EC54013369
:10F764009642F9D1EDE703000B4388469B0734D159
:10F77400170040F210090C000300103F3F093F013D
:10F78400C519A94426681E6066685E60A6689E6006
:10F79400E6681034DE601E001033AE42F2D1CF1999
:10F7A40039000F230C2610318C461340164217D013
:10F7B4004446043B9B089B00FF181437061B0C6847
:10F7C4008D1904312C60B942F9D1614604335918BA
:10F7D4004B441D0003231A40BAE70500561EBAE73E
:10F7E4004D461A00B4E7C046F8B5174D40F65C50D4
:10F7F4002E0029002F00C2F20000203600F040FD48
:10F804003400C03721002800FCF782FC38B92034CA
:10F81400BC42F7D140F65C50C2F20000F8BD4BF296
:10F82400782140F65C50C0F60101C2F2000004F0F9
:10F8340043F940F65C503100C2F20000203604F077
:10F844003BF9BE42EBD1E5E7640E0020F0B5574624
:10F854004E464546DE46E0B54D01451906000F000B
:10F864008FB0290010001400FCF752FC38B92800AE
:10F874000FB0F0BCBB46B246A946A046F0BD4BF261
:10F884007C212000C0F60101FCF742FC00284DD089
:10F894004BF284212000C0F60101FCF739FCD8B3F7
:10F8A4002378432B4AD0613B192B12D86378613BF0
:10F8B400192B0ED8A3781A00613A192A0BD9A21C65
:10F8C40091465F2B52D02E2B00D186E240229343E7
:10F8D4002BB10025CBE7E31C9946E378F1E74BF223
:10F8E400902106AB1800C0F60101984600F0C8FC50
:10F8F4004B461B78402B00D159E2002340F2000B09
:10F904000293019343461B78413BDBB2342BE0D88E
:10F91400D64A9B00D3589F464BF2882106AB180069
:10F92400C0F60101984600F0ABFCE6E74BF28421F7
:10F934002000C0F6010100F0A3FCA9E763782D3B89
:10F94400012BC6D8A31C994606AB98464946180015
:10F9540000F096FC4021404604F0D2F808B10023A0
:10F964000370404600F0D4FC8144C1E74B465B7809
:10F97400413B192BADD84B469B78413B192BA8D85A
:10F984004B4640F2030CDB78E1449CE74BF2BC218C
:10F994004046C0F6010104F06DF840B14BF2C421B9
:10F9A4004046C0F6010104F065F8002891D14BF2FD
:10F9B400BC214046C0F6010100F062FC42F2350968
:10F9C40043F2AD5A0623C0F60109C0F6010A0393B7
:10F9D400022F00D1C4E1062F05D130004B3041463F
:10F9E400FF3000F04DFC2800210000F049FC050028
:10F9F4003DE74BF24C3103224046C0F6010104F0CE
:10FA040005F9002800D064E74346D8784BF250311A
:10FA14002D384342584104AB9C46283060441D387D
:10FA2400C0F60101FCF774FB002800D051E74BF24B
:10FA340054314046C0F6010100F022FC42F20D09A7
:10FA440043F2915A0123C0F60109C0F6010A039357
:10FA5400BEE74BF2E0214046C0F6010104F00AF88B
:10FA6400002800D035E74BF2E0214046C0F6010102
:10FA740000F006FC42F26D2943F25D6A0223C0F6EF
:10FA84000109C0F6010A0393A2E74BF23C31404658
:10FA9400C0F6010103F0EEFF002800D019E74BF295
:10FAA40044314046C0F6010100F0EAFBC6E74BF2E0
:10FAB400043104224046C0F6010104F0A7F80028EE
:10FAC40000D006E743461B7907AA2D2B05D14346F0
:10FAD40004A90D228C465B796244522B00D137E194
:10FAE4001378543BDBB2212B00D9F2E6604A9B0029
:10FAF400D3589F464BF2CC214046C0F6010103F097
:10FB0400B9FF002800D0E4E64BF2CC214046C0F611
:10FB1400010100F0B5FB42F2993943F2157A08234A
:10FB2400C0F60109C0F6010A039351E74BF22431F0
:10FB340008224046C0F6010104F068F8002800D00D
:10FB4400C7E64346187A4BF230312D3843425841C8
:10FB540004AB9C46283060441838C0F6010103F019
:10FB640089FF002800D0B4E64BF234314046C0F699
:10FB7400010100F085FB61E74BF2D02103224046EE
:10FB8400C0F6010104F042F8002800D0A1E6434683
:10FB9400D8784BF2D4212D384342584104AB9C46CB
:10FBA400283060441D38C0F6010103F063FF0028CB
:10FBB40000D08EE64BF2D8214046C0F6010100F099
:10FBC4005FFB42F2E92943F2A96A0323C0F6010963
:10FBD400C0F6010A0393FBE6434620225B78934375
:10FBE400502B00D075E64BF200311E3AC0F60101ED
:10FBF4004046FCF7CDFC04AB9C460A200A2205A92A
:10FC0400604403F0ABFC059B1B78002B00D060E63E
:10FC140040F2A433984200D12CE700DDEFE03A3BF8
:10FC2400984200DD55E6193B984200DC02E1114B95
:10FC34009C4641F2A5136044C0F20113C340DB07A4
:10FC440000D5FBE6002512E64BF288214046C0F6BB
:10FC5400010103F00FFF002800D03AE64BF288219F
:10FC64004046C0F6010100F00BFBE7E6F4B60108DC
:10FC7400C8B70108AEFCFFFF4BF2E821032240465F
:10FC8400C0F6010103F0C2FF002800D021E643467C
:10FC9400DB784BF2EC212D3B5A42534104AA9446A3
:10FCA4001D225242914628336344994448462132E6
:10FCB400C0F6010103F0AAFF002800D009E64B4674
:10FCC40018790A222D38434258414844043005A982
:10FCD40003F044FC0300013B81460F2B00D9F8E5F7
:10FCE4000C2800D1F5E5059B1B78002B00D0F0E52E
:10FCF4004BF2F4214046C0F6010100F0C1FA04AB16
:10FD04009C4611224B4662440A2B04DD42463123B1
:10FD14005372122262440A2199FBF1F18B005B18A1
:10FD240049465B00CB1A303313700023537085E6C9
:10FD34004BF214314046C0F6010100F0A1FA7DE611
:10FD44004BF21C314046C0F6010100F099FA75E609
:10FD54004BF20C314046C0F6010100F091FA6DE619
:10FD640030002B304146FF3000F08AFA40F228136D
:10FD74005246039F4146F754483BF2504A460433E7
:10FD8400F250300003F070FD5B4653B9029B43B957
:10FD9400012F06D043461B78553B1A00531E9A4147
:10FDA4009346019BA3B95A46E833F2501BE640F24E
:10FDB400010C4BF29C21E1444846C0F60101FCF7DA
:10FDC400A7F9029068B9012340F2000B019399E569
:10FDD4000122E8235242F25005E640F2010CE144CC
:10FDE400B2E54BF2A8214846C0F60101FCF790F9B0
:10FDF400834688B9002301930133029382E540F2DC
:10FE04006543984200D119E6164B9C466044082885
:10FE140000D813E600252AE54BF2B4214846C0F683
:10FE24000101FCF775F9434243419B4600230293C9
:10FE3400019367E5703B984200D1FFE50BDC2D3B55
:10FE4400FF3B984200D1F9E51C33FF33984200D1BF
:10FE5400F4E500250BE540F20733984200D1EDE5C7
:10FE6400002504E51EFBFFFF70B50D004BF25C316D
:10FE7400C0F60101040001F0B5FD08B10378CBB967
:10FE84004BF6BC13AD00C0F601032000E95801F0A5
:10FE9400A9FD08B103786BB94BF264312000C0F6B8
:10FEA400010101F09FFD08B103781BB940F6B07061
:10FEB400C2F2000070BDC046F8B55746DE464E4655
:10FEC40045468246E0B58B46170006296FD8002ABE
:10FED40000D1A1E0894B8A4E994640F2C008350012
:10FEE4001C00C84429002000203400F0C9F9203542
:10FEF4004445F7D13B78002B3AD15B46002B00D028
:10FF040094E04F46012529005046FFF7ADFF040059
:10FF140000F0FEF91F284AD838002100013500F00E
:10FF2400AFF92037072DEED1764B4D4698461C008D
:10FF340001273100200000F0A3F940F644602A00B4
:10FF44003900C2F20000FFF781FC002800D183E0F1
:10FF54000137203420362035072FEAD1FFF744FC3F
:10FF640004002000F0BCBB46B246A946A046F8BD3A
:10FF74005B460BB3380000F0CBF91F2817D85B465B
:10FF84005C0141F60843C2F200039C466444390014
:10FF9400200000F075F940F6446022005946C2F290
:10FFA4000000FFF753FC0400FFF71EFCD9E71625F9
:10FFB400534600241D60D4E72F21380003F0A0FD30
:10FFC400040008B978E0013463782F2BFBD0002BB0
:10FFD400EDD0CB460125E21B1F2AE8DC3900584648
:10FFE400013203F0FBFD237801352F2B03D1637815
:0CFFF40001342F2BFBD0002B6DD023001C
:020000040801F1
:100000005A7801330AB12F2AFAD140F2200CE34486
:10001000072D00D18AE727001C00DEE7002948D021
:1000200040F64463C2F200039C464C0164449AE7E4
:1000300059465046FFF71AFF050000F06BF91F28DC
:10004000B7D85B465C0141F60843C2F200039C4608
:1000500064442900200000F015F99EE7534601246E
:100060001D68012F07D1A5E740F2200C0134E144BF
:10007000E044BC429ED04146484600F003F940F6B9
:1000800044604A462100C2F20000FFF7E1FB00286D
:10009000EAD14BF284214846C0F6010100F0F2F8A3
:1000A00040F644604A462100C2F20000FFF7D0FB50
:1000B000DAE740F65C54C2F2000454E7380000F07E
:1000C00029F91F2800D974E74C4620003900203454
:1000D00000F0D8F84445F8D128E741F60843C2F2C9
:1000E00000039C466C016444072D00D11EE72100EB
:1000F00020002039203400F0C5F84445F7D115E739
:10010000281C0020640E0020481B002040F6446399
:1001100040F22812C2F20003985C70470A0040F6D1
:100120000841030010B5C2F2000108681900FFF78A
:10013000C5FE10BDF030704700487047340F0020F6
:1001400000487047340F002070B541F6EC4400239E
:100150000500C2F200040800236005F0BFFE431C46
:1001600000D070BD2368002BFBD02B60F9E7C046A0
:1001700040F60843C2F200031B6870B505008342D5
:1001800029D0416C81B100268C593CB121002468F2
:10019000280001F0E5FA002CF8D1696C0436802EB5
:1001A000F2D1280001F0DCFAA96B11B1280001F0AE
:1001B000D7FA2C6C34B121002468280001F0D0FA61
:1001C000002CF8D1E96C11B1280001F0C9FA6B6B71
:1001D0000BB12800984770BD70B541F6EC4405009E
:1001E000080011001A000023C2F20004236005F089
:1001F000A5FE431C00D070BD2368002BFBD02B60F4
:10020000F9E7C04670B541F6EC440500080011005E
:100210001A000023C2F20004236005F099FE431C7B
:1002200000D070BD2368002BFBD02B60F9E7C046DF
:1002300070B541F6EC440500080011001A000023D7
:10024000C2F200042360F0F7DFF8431C00D070BD59
:100250002368002BFBD02B60F9E7C0467047C046EF
:100260007047C0467047C0467047C0467047C0469A
:100270007047C04601207047012070477047C04654
:100280007047C04603000A7801311A700133002A12
:10029000F9D170470300F0B50700CCB2980736D00B
:1002A00003269D1806E01878A04207D0581C30425B
:1002B00006D00300AB42F6D10020F0BD1800FCE7E9
:1002C000013AD219D21A032A17D9FF2348F280061D
:1002D0000B401902C9180B04C918C8F280064FF662
:1002E000FF650368CFF6FE654B405D199D433542BF
:1002F00005D1043A0430032AF1D8002ADCD0821850
:100300000378A342D9D001309042F9D1D4E7180044
:10031000D9E7C04610B583070AD00300032102E0E5
:1003200001330B4205D01A78002AF9D1181A10BDF2
:1003300003004FF6FF6248F280041968CFF6FE62B0
:100340008A188A43C8F2800422420BD14FF6FF621A
:100350005968CFF6FE628A188A4304332242F5D0E8
:1003600000E001331A78002AFBD1DFE770B51400F2
:10037000002222604FF6FF724B00C7F6EF720D00AD
:100380005B08934218D81A000243AAB10022C7F6AC
:10039000F0720A4211D000220E4E1B15B44663447F
:1003A0009B184FF6FF72C8F20F0215400022C3F6E9
:1003B000E0722A431100236070BD00230022C4F2C2
:1003C000503308F03BF936224B000D005B085242D7
:1003D000E2E7C04602FCFFFFF0B54546DE46574661
:1003E0004E46E0B503690D69804685B0AB4200DA40
:1003F00099E040F2140C14238C44644643449C4618
:10040000013DA8002718009360443B68026801334F
:10041000B2FBF3F601949A4244D3624640F2000ADA
:10042000A4460B00B94661465746B44640F2000B5D
:100430004FF6FF7416009A46029003952500634616
:10044000200004C915405D43120C5A435D442B0C37
:10045000D218130C9B46336825401840401BC01926
:1004600022401B0C9B1A02149B181F1420401B04D3
:10047000034308C68945E1D20298664603684F46A1
:100480005146039D73B9009B0438834208D2009AF9
:1004900003E00438013D824202D20368002BF8D009
:1004A00043461D61404602F07BFB002833DB0024FD
:1004B000A9464FF6FF72B446BB4625000098019945
:1004C0001400170040C9036837401C40E41B64193E
:1004D0001B0C350C5B1B25145B191D1414401B04ED
:1004E000234308C08B45EBD200994D4666468C46A7
:1004F000AB0063441A686AB9043B8B4208D900997F
:1005000003E0043B013D994202D21A68002AF8D068
:1005100043461D610136300005B0F0BCBB46B24613
:10052000A946A046F0BD0020F6E7C046F0B5574604
:100530004546DE464E461400E0B51D00816B9BB07B
:1005400082460294039549B10123C26B93404A60ED
:100550008B6001F0F1FF0023524693632E000023CD
:10056000002D03DA6E00760803960133279A136094
:1005700000233200C7F6F0731A409A4200D1CDE052
:10058000029A039B10001900002200230690079195
:10059000FBF728FE98B10123269A1360289B13B11C
:1005A000B74B289A13604BF2742BC0F6010B5846D8
:1005B0001BB0F0BCBB46B246A946A046F0BD18AB86
:1005C000019319AB00935046069A079B02F068FC12
:1005D000320D8146189F002A00D0B4E0199B98463E
:1005E00040F23243B8444344202B00DC82E24022F4
:1005F000D31A9E4040F212434344DC403000204373
:1006000008F0A8FF002346460122CFF61063CB185E
:10061000013E0B92190000230022C3F6F87308F084
:10062000D7FA44F2613248F2A773C6F26F32C3F6CA
:10063000D27308F003F84CF6B30248F62823C8F644
:100640006032C3F6C67306F045FF040030000D00AB
:1006500008F054FF47F6FB1244F21343C5F29F0221
:10066000C3F6D37307F0EAFF02000B002000290055
:1006700006F030FF04000D0008F008FF002280465D
:100680000490002320002900FBF7B2FD58B140463A
:1006900008F034FF2B002200FBF7A4FD4342584131
:1006A00043461B1A0493BF1B049C7B1E9846162CC2
:1006B00000D9FDE1069807994BF6A032C0F6010279
:1006C0009446E30063441A685B68FBF791FD0028D9
:1006D00000D009E2002F01DC00F0E6FD0023A44673
:1006E0000A94E0440C93059300230993249B092B5F
:1006F00000D975E1052B3FDD043B00242493042B36
:1007000001D100F07BFD052B3FD0022B01D100F081
:1007100094FD0323249300230E9338E042F20F73D9
:100720003603269A360B26431360D6B14BF2C03BF4
:10073000289BC0F6010B002B00D138E75B46033342
:10074000289A136033E70023069C079D2903090BB1
:10075000C3F6F0730B434B492000561800220B924E
:1007600058E74BF2B43B289BC0F6010B002B00D19D
:100770001DE75B460833E3E7249B042B01D100F01F
:100780003CFD052B00D0D2E2012401230E93049AF4
:10079000259B944663440D9301331D1E089301DC91
:1007A00000F069FF01220423172D01DC00F063FF34
:1007B0005B001800143011000132A842F8D95346EA
:1007C000D963504601F092FE8346002801D100F023
:1007D000D3FE53469863089B0E2B02D8002C00D002
:1007E0008DE1259B0B93199B002B4DDB049B0E2B5E
:1007F0004ADC4BF6A032C0F601029446049BDB00B3
:1008000063445C681B6802930394259B002B01DB07
:1008100000F0B3FD089B002B01DD00F0AEFD089B4E
:10082000002B00D0F7E10298039900230022C4F2C4
:10083000140307F003FF02000B0006980799FBF76B
:10084000E1FC002800D0E6E15B465A465E1C3123FD
:1008500000211370504601F06FFE049B0233049395
:100860004946504601F068FE0023049A3370269BE7
:100870001A60289B002B00D199E61E6097E6C046BF
:1008800075B2010801FCFFFF0E9B002B01D000F0A8
:10089000C2FE059B002B00D0C6E1099B002B00D1B6
:1008A0005AE24946099A504602F090F801218146E1
:1008B000504601F07FFF0A9B0690002B01D000F00C
:1008C00049FE0024059E099301331F221100434471
:1008D00019401A4200D174E220235B1A042B00DC79
:1008E00085E31C235B1A059AF61894469C446246DD
:1008F00098440592059B002B05DD49461A00504699
:1009000002F0CEF881464346002B05DD42465046B4
:10091000069902F0C5F806900C9B002B00D044E32A
:10092000089B002B00DC1BE3099B002B00D05AE244
:10093000049B013304935B465E1E069B4F460125D4
:10094000A1469846089C07E0390000230A22504639
:1009500001F0FCFD0700013541463800FFF73CFD82
:1009600030307055A542EFDB089B4C460025B94658
:100970000590002B01DD1D00013D5B460133ED18A4
:100980000023029349460122504602F089F8069955
:10099000814602F005F9002800DCD2E15A4603E066
:1009A000954201D100F008FC2E00013D2B78392B37
:1009B000F6D0934601332B705046069901F0BCFDEA
:1009C000002C00D14CE7029B2BB1A34203D01900AD
:1009D000504601F0B1FD2100504601F0ADFD3FE76A
:1009E000002324930023524600215046D36301F094
:1009F0007DFD8346002801D100F0BEFD53465A46D6
:100A00009A63199B002B03DB049A0E2A00DC29E170
:100A10000B9A002A00D1C8E1012240F2334C002198
:100A20005242099D634408920B910D92059E01214B
:100A30005046F718984401F0BDFE0400002E00D087
:100A4000D0E3099B002B00D1D5E30026002D01D077
:100A500000F0B7FC49465046099A01F0B7FF8146BD
:100A600005970121504601F0A5FE0A9B0690002B38
:100A700001D000F07FFC249B012B00DDB4E2029B3F
:100A8000002B00D0B0E2039B1B03002B00D0ABE295
:100A90000023039AC7F6F073134200D1A4E27B1C33
:100AA00040F2010C05930123E04409930A930CE7FB
:100AB00001230C93002305934346002B04DA012302
:100AC00040F20008DB1B0593049B002B08DA059A13
:100AD000049BD21A5B420993002305920A9305E610
:100AE0009C460A93E044FFE5049B013B04930023EA
:100AF0000C93DFE720222000D31A984080E5049968
:100B0000002900DC9CE34BF6A0300F220B00C0F65E
:100B1000010084461340DB0063440E111C685D68CD
:100B2000CB0500D43AE1069807994BF67833C0F626
:100B3000010316401A6A5B6A07F0F2F8032310906B
:100B400011910B93A6B14BF67837C0F6010701233C
:100B5000334200D132E10B9B2000013329000B937B
:100B60000CCF07F06BFD761004000D00002EEED1C7
:100B70001098119922002B0007F0D2F806000F0000
:100B80000C9B53B10023002230003900C3F6F073F0
:100B9000FBF72EFB002800D02FE20B9808F0AEFCEC
:100BA00032003B0007F04AFD00230022C4F21C0380
:100BB00006F090FC0022CFF6C0420B00944663443E
:100BC000109011911193049B1293089B0B93002B8F
:100BD00000D040E20023002230003900C4F21403A8
:100BE00007F0F6FF109E119F32003B0004000D003D
:100BF000FBF712FB002800D026E680200006844682
:100C0000390061440B00320020002900FBF7F0FAA4
:100C1000002800D1E5E50021504601F08DFC259B20
:100C20005E465B4204931BE6434653B1059A1300AC
:100C3000424500DD4346059AD21A05924246D31A30
:100C40009846099B002B00D02BE60121504601F06D
:100C5000B1FD0A9B0024059E0690002B00D086E083
:100C6000013332E6D3004BF6A03206980799C0F65E
:100C70000102944663441D685E682A0033000295B1
:100C8000039607F04DF808F001FC040008F036FC6C
:100C90002A00330007F0D2FC0B00020006980799E7
:100CA00007F096FF5B4630345F1C1C7001235B42EB
:100CB00008935B46013B40F2010805933B00474621
:100CC000984620E0029A039B2000290007F028F8AC
:100CD00008F0DCFB060008F011FC029A039B07F009
:100CE000ADFC02000B002000290007F071FF33006B
:100CF00040F2010C059A30330137D355089BE0448C
:100D00009F4200D118E300230022C4F2240307F01D
:100D100095FC0022002304000D00FBF763FA002875
:100D2000D0D04746049B3E000133049398E5022B44
:100D300000D181E2032B00D054E6002301240E935E
:100D400025E518B9059BDF0700D527E62E00013DF4
:100D50002B78302BFAD02FE60121504601F02AFDE6
:100D60000A9B002600240690002B00D178E750460D
:100D70000A9A069901F02AFE00230A93249B069002
:100D8000012B00DCA8E2069A944613699B00634499
:100D9000186901F095FC20231B1A96E5069A079B1B
:100DA0001092119302230B93CCE63623189A099DD7
:100DB0009B1A0122524208920D9237E676100837AC
:100DC000C5E61C238FE5002321000A22504601F0CE
:100DD000BDFB0D9B040004950893002B03DC249BB2
:100DE000022B00DDC0E0002E05DD21003200504660
:100DF00001F056FE04000A9BA046002B00D084E2BE
:100E0000089A5B469446013B9C4463460993012340
:100E1000029A5F461A4053464E46DA469B460B926C
:100E2000069D30002900FFF7D7FA03002100303378
:100E30000A903000059301F0B3FE29008146424636
:100E4000584601F0CBFEC3680500ABBB0100300083
:100E500001F0A6FE29000890584601F06DFB089BA2
:100E6000249A1343002B5BD10B9B002B00D177E31B
:100E70004B46002B00DA8CE3059B7D1C3B70099BE5
:100E8000BB4200D13BE3310000230A22584601F067
:100E90005DFB002306000A2221005846444539D054
:100EA00001F054FB4146040000230A22584601F099
:100EB0004DFB2F008046B3E75B464D46010018000E
:100EC000D346B1469A4601F037FB002D06DB0123DD
:100ED000029A1340249A15432B439BBB4946012297
:100EE000504601F0DDFD0699814601F059FE0028CB
:100EF00000DC76E3059B392B00D117E30A9B3133E5
:100F00000593059B02943B70049B444601337E1C71
:100F1000049351E501F01AFB2F00040080467FE79F
:100F20004B46002B00DA0CE3249A13430B9A13432D
:100F3000002B00D105E3089B002B9DDD5B46B146ED
:100F4000D3469A46059B392B00D1EFE2049B0294CD
:100F500001330493059B444601337E1C3B702BE513
:100F6000249B022B00DCDFE4089B002B00D0A5E1D2
:100F700006990522504601F0E9FA0100069048461C
:100F800001F00EFE002800DC98E15B465A465E1C2C
:100F9000312350461370069901F0CEFA049B0233B8
:100FA0000493002C00D016E55AE44846069901F057
:100FB000F7FD002800DBB3E4049B49460A225046B3
:100FC0005D1E002301F0C2FA099B8146002B00D070
:100FD000F9E60D9B0893002B00DDACE4249B022B6B
:100FE00000DCA8E40495BFE7012309936DE4042B1A
:100FF00000D17FE43C235B1A75E4089B002B00D1F1
:10100000CCE20D9C002C01DCFFF7EBFB049B0022E3
:10101000013B129300233000C4F22403390007F08F
:101020000DFB06000F000B98013008F067FA320044
:101030003B0007F003FB00230022C4F21C0306F070
:1010400049FA0022CFF6C0420B0094466344109048
:1010500011910B9411930B99109B119C169317945B
:101060004B1E4BF6A031C0F601018C46DB006344F9
:1010700019685A68300014911592390008F006FA80
:1010800003003033DCB2139408F038FA02000B008E
:101090003000390007F09CFD04005846471C0E98AC
:1010A0000D001097002800D1A7E1149A159B00218C
:1010B0000020C3F6E07106F033FE169A179B07F086
:1010C00087FD5A46139B0E900F91137022002B0040
:1010D000FBF7A2F8002800D07DE2002342461492DC
:1010E0004A46994653461092BA460E9E0F9F139356
:1010F00038E040F2010C0B9BE144994500DB7CE2B7
:101100000023002230003900C4F2240307F096FACD
:1011100000230022C4F2240306000F00200029004F
:1011200007F08CFA0D00040008F0B0F9804608F0D2
:10113000E5F902000B002000290007F049FD4346B5
:101140000D005A464946040040F2010C3033535416
:10115000200032003B002900E244FBF749F8002858
:1011600000D033E2002122002B000020C3F6F071F2
:1011700007F02EFD32003B00FBF73AF80028B8D00C
:10118000109B57469946139B9A4640F2010C129BBE
:101190005A466344984602E0974200D1C0E13E00BF
:1011A000013F3B78392BF7D093460133DBB23B70DC
:1011B00043460493FFF754FB31231370049B93467B
:1011C00001330493FFF7F8FB5D1B089B002B00DB4A
:1011D0002CE4059F089B01215046FE1A01F0EAFA13
:1011E000040005964346002B00DD75E1099B059E32
:1011F000002B00D02AE4059733E4012401230E9349
:10120000259B002B05DD259B1D000D930893FFF703
:10121000C9FA0023524600215046D36301F066F913
:101220008346002800D1A7E15346986301230D931C
:1012300008932593FFF7D2FA012400230E93DFE7EA
:10124000049B002B00D165E1069807994BF6A0326C
:101250005C420F23C0F6010294462340DB00634446
:101260001A685B6807F0EAF9241106000F00002CE9
:1012700000D1FCE14BF678350223C0F601050B9353
:10128000012323420DD00B9B3000013339000B9317
:101290000CCD07F0D3F9641006000F00002CEFD13D
:1012A0006EE464100835EBE70123DB1B0593049B18
:1012B00098460A9300230C93FFF716FA50460699B6
:1012C00001F03AF90B9B5E465B420493002C01D07F
:1012D000FFF781FBFFF7C4FA029B002B00D052E519
:1012E000039B1B03002B00D04DE50023039AC7F698
:1012F000F073134200D146E5059B40F2010C013327
:1013000005930123E0440A933DE55046616801F0EE
:10131000EDF80500002800D1B2E1210022690C316E
:10132000023292000C30FBF78DF901222900504661
:1013300001F0B6FB804663E5474602000B0006F06D
:10134000C9F8049B0400013398460493029A039B56
:101350000D00FAF761FF40B9029A039B20002900B3
:10136000FAF740FF18B1F60701D55A4617E73E00D5
:10137000FFF776FA01230993F9E45B4601331093F2
:10138000029A039B069C079D2000290006F0C8FCDA
:1013900008F07CF8060008F0B1F8029A039B07F009
:1013A0004DF902000B002000290007F011FC33006A
:1013B0005A4630331370089B109F012B00D078E4FD
:1013C000BBE721002A00504601F000FB4A4601001D
:1013D0000400504601F01EFA49460690504601F0BE
:1013E000ABF8099B069A5B1B914609930597002B66
:1013F00001D1FFF736FBFFF72DFB169A179B1498C8
:10140000159907F01BF95B46139A3E001A700B9B67
:10141000149015911A005A440E92012B21D00023EA
:101420000022C4F224032000290007F007F90D0070
:10143000040008F02BF8070008F060F80B00020029
:101440002900200007F0C4FB30370E9B37700136AF
:1014500004000D009E42E2D1109B5F1E0B9B9C4638
:1014600067440023149815990022C3F6E07306F030
:1014700031F822002B00FAF7BBFE002800D084E6EA
:10148000149A159B00210020C3F6E07107F0A0FB21
:1014900022002B00FAF7C0FEA0B9199B002B00DA3E
:1014A000A7E0049B0E2B00DDA3E04BF6A032C0F6B4
:1014B00001029446049BDB0063445C681B68029352
:1014C00003945DE73E00013F3B78302BFAD0129B3E
:1014D00001330493FFF7C4F9059A1300424500DD78
:1014E0004346059AFF1AD61A4246D31A9846099BD4
:1014F000002B01D0FFF7AAFA0597FFF7B2FA5B4677
:10150000D3469A46049B02940133B1464446049361
:10151000FFF738FA0223069E079F0B93FFF730FB75
:1015200040F2010C93463123E04440E639233B70FE
:10153000049B0294013344465A467D1C0493FFF7F2
:1015400033FA5B460898D346B1469A46002800DD38
:10155000C4E4D6E400230024059E0993FFF707FCAA
:101560005B46D3469A46059B4D46B146392BDDD0A6
:10157000002D00DDC2E4C4E44BF2C4334BF2D8309A
:10158000002240F2AF11C0F60103C0F6010002F0E4
:10159000E7FB5B46B146D3469A46B2E40B9807F0A8
:1015A000ADFF32003B0007F049F800230022C4F2EF
:1015B0001C0305F08FFF0022CFF6C0420B009446BB
:1015C0006344109011911193FFF704FB109B574651
:1015D0009946139B9A46129B3E0001330493FFF7F2
:1015E0003FF9002800D08CE4059BDB0700D581E49F
:1015F00087E4259B0B93FFF74CF9149B9846109BAF
:101600009946139B9A46199B002B04DB049B0E2BD7
:1016100001DCFFF7EEF8259B0B93089B5D1E099BF1
:10162000AB4200DBD0E50A9A099B9446EB1A9C4436
:101630006346059E0A93089B37009C46012150464D
:101640006744E04401F0B6F8040016B90995FFF7C5
:1016500001FA059A1300424500DD4346059AFF1A38
:10166000D61A4246D31A98460995FFF7F3F9022392
:101670000B93FFF785FA00215346D963FFF7A1F8D2
:101680004BF2C4334BF2D830002240F2EF21C0F6C7
:101690000103C0F6010002F063FBC046F8B5CE4678
:1016A0004746060080B50820894640F6D87802F003
:1016B00049FBC2F200080500300000F007FF434676
:1016C0009B685F6803239F433C004B46113CE41A30
:1016D0006419B4FBF5F4013C6C43A54208DC00211D
:1016E000300002F015FB43469B68DB19984207D097
:1016F000300000F0F3FE0020C0BCB946B046F8BD93
:101700003000614202F004FB013011D04346012257
:101710009B683F1B17435F6041F61053C2F2000302
:101720001A683000121B1A6000F0D8FE0120E3E7AF
:101730000021300002F0ECFA43469A68831A0F2B1E
:10174000D6DD40F6D07441F61051C2F20004246890
:10175000C2F20001001B086001210B435360C7E780
:10176000F0B5D6464F46464605000C00C0B50029E8
:101770004FD000F0ABFE2100012708394B68032051
:101780009C46BB43CE187268824360463840804610
:1017900040F6D870C2F2000084689146B44200D18D
:1017A00083E07260B41864683C40A2464446002C52
:1017B00034D10C6840F20808A446091B8C688044A8
:1017C0006344A446444564D0CC68A046644642467F
:1017D000E260946052461AB31F434F60336040F298
:1017E000FF12934234D8DA085C090123A34044680D
:1017F00023434360D30040F6D872C2F200029446FD
:1018000063449A68CB608A609960D160280000F0D8
:1018100065FEE0BCBA46B146A846F0BD52467AB96C
:1018200001224B44CF18BC46B4684C4F1A43BC420B
:1018300064D0F668E660B4604A6062461360CEE742
:1018400062463A434A6040F2FF1233609342CAD97B
:101850005C0A042C48D89C09260039343836E40048
:1018600040F6D872C2F20002944664442268083CF2
:101870000327944203D152E09268944203D0506807
:10188000B8439842F8D8D468CC608A60A160D1602F
:10189000BCE75246D2BB4B441A00B068F36817430A
:1018A000C36098604F608A50B0E74B441A004346CB
:1018B00033B90B68C91A8C68D218CB68E3609C6096
:1018C000012313434B6040F6D473C2F200031B683C
:1018D000816093429AD841F64053C2F20003280037
:1018E0001968FFF7DBFE91E7142C13D9542C1DD88F
:1018F0001C0B26006F346E36E400B1E741610161D4
:101900004A606246CC608C6013607FE71F434F6083
:1019100033607BE726005C345B36E400A0E70123FC
:10192000B610B340466833434360ADE740F254120B
:10193000944205D8DC0B260078347736E4008FE734
:1019400040F25452944205D89C0C26007D347C36DB
:10195000E40085E740F2F8347E2681E7E00F0020BE
:10196000F0B5D64646464F4641F2E038C0B5C2F221
:10197000000882460E00914602F06EFA43461D684A
:1019800045B1337834001BB92BE06378013453B18F
:101990003D2BFAD1504602F067FA0020E0BCBA466F
:1019A000B146A846F0BDA41B28680028F2D022004A
:1019B000310002F053F920B92B681F191B5D3D2B34
:1019C00004D0686804350028F1D1E3E743464A466D
:1019D0001B685046EB1A9B10136002F045FA781C06
:1019E000DCE70024E0E7C04600B583B001AAFFF7BA
:1019F000B7FF03B000BDC046F0B54E464546DE46D3
:101A00005746E0B50D000B35060085B0162D25D8DC
:101A1000102900D9E2E000F059FD10251823022119
:101A200040F6D872C2F20002944663441A005C6821
:101A3000083A944200D19DE103226368A168934370
:101A4000E268CA6091600121E3185A6830000A43D5
:101A50005A6000F043FD20000830C2E007239D4398
:101A600000D5BBE0A94200D9B8E000F02FFD40F25C
:101A7000F7139D4200D8F1E1690A002900D1B7E0CF
:101A8000042900D9B0E140F23808A9098844393165
:101A9000CF0040F6D873C2F200039C4667447C68CE
:101AA000083FA74210D040F2030C06E0E068002A8D
:101AB00000DB5BE1874207D0040062466368934322
:101AC0005A1B0F2AF2DD414640F6D877C2F20007D2
:101AD0003A003C690832944200D136E10320636841
:101AE0008343581B0F2800DDBCE13A617A6100286E
:101AF000A9DA7A68904640F2FF12934200D93FE19A
:101B0000DA0858090123834040461843D30040F6C1
:101B1000D872C2F200029446804663449A687860A4
:101B2000E360A2609C60D46001208B109840404527
:101B300066D8434603420AD10323994343464000F3
:101B40000431034203D1400004310342FBD0B346C9
:101B500040F2030C0E00B946019040F6D873C2F271
:101B600000039A46F00050440100B246CB680BE0F7
:101B700064465A681F00A243DB68541B0F2C00DD2B
:101B80003EE1002C00DB59E19942F1D140F201081D
:101B9000C244534608319B07E8D1032205E003689D
:101BA0000838013E834200D01FE23242F7D14B4653
:101BB000019A5B6893434A465360019A520001922E
:101BC0009A421BD832B919E040F20408019AC24483
:101BD000520001921342F7D05646BEE70C23336001
:101BE000002005B0F0BCBB46B246A946A046F0BDF9
:101BF00040F20027402140F23F084AE75E464F4648
:101C00000322BC68636893439846AB4203D35B1BD3
:101C10000F2B00DD9CE023004344029341F6405328
:101C200040F6D07AC2F200031B68082010335B191B
:101C3000C2F2000A019302F085F851460B68039046
:101C4000013306D08446019B4242013B634413406A
:101C500001933000019902F05BF8030081460133E3
:101C600000D11EE1029B834200D918E141F6105BCE
:101C7000C2F2000B5B461A68019B59469C466244BF
:101C80000A60029803990139484500D159E1534649
:101C90001B68013300D160E14B4602981B1A9B1868
:101CA0005A46136007234A4648461A400292184291
:101CB00000D114E10398013384469B1A019A994498
:101CC0004A44019263440A409B1A194030008A46F4
:101CD00002F01EF8431C00D15BE14B46C01A030022
:101CE000534401935B461A68012052441A604B46E4
:101CF0004946BB60019B03434B60BC4213D0434643
:101D00000F2B00D82DE107210C3B8B43616801406C
:101D1000052019436160E118486088600F2B00D9E5
:101D200042E14B465B6841F63C51C2F20001086853
:101D3000904200D20A6041F63851C2F200010868B0
:101D4000904200D20A604C46ADE07B689846EBE6D4
:101D50000122290013431143651961603000BD6001
:101D60006B6000F0BBFB200008303AE7A268D0604F
:101D7000826068E6DC680231A34200D1A4E65BE63B
:101D80005A0A042A00D883E0142A00D9B7E01000C8
:101D90005B3082465C32D20040F6D870C2F200005E
:101DA00084460820404262448446944462469268D5
:101DB00040F20309944500D188E00800A24661463C
:101DC000844602E09268914204D04C465068A04399
:101DD0009842F7D8D368614654469C466346A26051
:101DE000E3609C60D4609FE6142969D9542900D926
:101DF0008EE040F26E08290B88446F31CF0048E630
:101E0000BA4640F2010C5146604649190543504616
:101E1000456085684F466046EB605E469D60534670
:101E200039617961204308374860CF6030008F60A6
:101E30009C5000F053FB50460830D2E6BA460120D1
:101E40005E465244516801435160BA683000D36025
:101E50009A6000F043FB38000830C2E62B00E90826
:101E60000833DDE540F2010C6119884661460D43F7
:101E70004146656039617961CA608A6062460243A1
:101E80004A60E050300000F029FB20000830A8E64E
:101E90009A091000393238308246D2007CE7BC42C1
:101EA00041D0BC686368032293431A005B1BAA42BB
:101EB00002D30F2B00DD4BE7300000F00FFB8FE665
:101EC00040F25B0888445C31CF00E2E5534698104D
:101ED0000123834040461843804678607EE7019B9B
:101EE000039A4B440B40D31A194030008A4601F044
:101EF0000FFF431C00D0F0E640F2000AF2E6542A3D
:101F000031D81A0B10006F326E308246D20043E790
:101F100040F25413994231D840F27708E90B8844D3
:101F20007831CF00B5E541F6105BC2F2000B5B469D
:101F30001A68019B9C465B4662441A60039B591ECB
:101F4000A5E64846084200D0A1E6B9684344894660
:101F500001210B4349464B60E5E653464A461A6069
:101F6000A0E64860A8E740F25410824227D8DA0B76
:101F70001000783277308246D2000DE740F2545399
:101F8000994227D840F27C08A90C88447D31CF00C3
:101F90007FE5019A029B94464A46083B63449B1A9C
:101FA00040F2000A01939DE6210030000831FFF75E
:101FB000D7FB5B461A68BB6899465B68B3E640F29C
:101FC000545082420CD89A0C10007D327C308246EC
:101FD000D200E1E640F2F8377F2140F27E0858E572
:101FE00040F2F83240F27E0AD6E64B465B68E4E502
:101FF00030B583B0069D40F644640095E425C2F2F6
:1020000000046459A04703B030BDC04682B041B15E
:1020100052B15BB113780B601078431E984102B047
:10202000704701A9002AF4D10020F8E702204042BD
:10203000F5E7C046F0B5D64646464F46C0B582B035
:1020400082460A9E00293AD092B3002B00D105E1C6
:10205000356835BB147840F2010C3CB37F2C55DD5C
:102060002000C0381F282CD8347125B901203060D9
:10207000012B00D1F2E06346D25C581C1300803B78
:102080003F2B00D9C0E0C12C00DCBDE00023336051
:10209000A30140F2C0741C403F2313401C430C605A
:1020A00007E0347940F2000C002CD7D10C6034608A
:1020B000002002B0E0BCBA46B146A846F0BD01A976
:1020C000C2E72000E0380F2825D83471002D67D1F1
:1020D00001203060012B00D1C0E040F201086046D1
:1020E000E044105CE02C00D1BBE080277F42BC467E
:1020F0008444674605003F2F00D985E070710220B7
:102100003060022B00D1A9E0C44656E00023012034
:1021100033600C60CDE72000F038042874D83471A7
:10212000002D62D0581C471EB8411B18012D60D0ED
:1021300070798046F02C64D0F42C00D189E04046C0
:1021400080383F2860D840467071012D62D0581CFD
:10215000451EA8411B18306802285FD0B5792B00B6
:10216000803B3F2B50D86346D25C581C1300803B09
:102170003F2B49D8E023A4045B031C40FC274346C3
:10218000BF021B033B401C4340F6C073AD012B4014
:102190001C433F2313401C4300230C60336088E73B
:1021A000581C471EB8411B18012D96D07579E02C9C
:1021B00047D02B00803B3F2B26D86346581CD35C6E
:1021C0009C46803B3F2B1FD8002340F6C0723360F3
:1021D0004FF6FF732403AD0123402A4013436446A6
:1021E0003F22224013430B6063E701203060012B44
:1021F00034D0604640F20109105C01258046CC4491
:1022000098E740468F289ADC8A23524601201360C3
:1022100040424EE702203060022B1FD06046155C22
:10222000471C802040428446AC4460463F28EBD89F
:1022300040F2030C6046B5713060032B0ED0BC46F3
:1022400091E79F2DE0D92B00803B3F2BDCD87571A7
:10225000B3E740468F2800DC71E7D5E70220404213
:1022600027E79F2800D940E7CEE7C04670B582B087
:102270000500069E51B3002A2BD0002B30D03068C9
:10228000147838B1012813D00C601078431E98419F
:1022900002B070BD200081381E2802D95F380F2897
:1022A000F2D8012034713060012B19D054780130FC
:1022B0002300403B3E2B02D9403B7C2B0BD833798B
:1022C0001B021B190B6000233360E1E701A9002A00
:1022D000D3D10020DCE78A2301202B604042D7E7DE
:1022E00002204042D4E7C046F0B583B00600089D06
:1022F00000293BD0002A3CD0002B44D02868147819
:1023000050B12700012815D002283AD00C6010786F
:10231000431E984103B0F0BD20008E38012802D939
:1023200013385D28F2D801202C712860012B2AD0A7
:10233000577801303C00A13C5D2C27D82C798F2C9C
:1023400019D18D3C2C606F71040098421BD2175D2F
:1023500001303B00A13B5D2B18D87F226B793A40BE
:102360001B029B180B6000232B60D3E701A9002AF6
:10237000C2D10020CEE700232402E4190C602B60B8
:10238000C8E70138E5E702204042C3E78A2301207D
:1023900033604042BEE7C046F0B55746DE464E4683
:1023A0004546E0B5070085B0C9B1DAB1002B00D1D0
:1023B00084E00E98434C06781000A2469C46424C9E
:1023C00003780125A14600920197D3B31C001B3C62
:1023D000E4B22F2C0AD85746A4003C59A74603A9BB
:1023E000002AE3D10E9B01201A6039E021277F42A9
:1023F000BB465D249B445C45A44164420734A3462C
:10240000F400A4194BF6F8265F46C0F60106A6199B
:10241000F65D4BF6B027C0F60107B8465F46444468
:10242000E45D052C3CD84F46A4003C59A7460E9CC1
:10243000237101306B1CAC453ED91D000378002B85
:10244000C4D140F2060BDBE7009BEA18F1E7012359
:102450000E9A13601379027828001B029B180B60F8
:1024600005B0F0BCBB46B246A946A046F0BD00236D
:102470000E980360137828000B60F1E700230E9A92
:10248000002013600B60EBE740F2020BB8E740F26C
:10249000030BB5E740F2040BB2E740F2050BAFE7E0
:1024A0008A230120019F40423B60D9E740F2010BA3
:1024B000A6E740F2000BA3E70E9B1E6002204042FD
:1024C000CEE7C046D8B9010898BA010841F60050D5
:1024D00010B5C2F20000FDF7CBFE10BD41F6005072
:1024E00010B5C2F20000FDF7CBFE10BD436C70B515
:1024F00004000D004BB1AA009B18186878B102685F
:102500001A6000230361C36070BD2122042101F021
:102510004FFC030060640028EDD10020F4E70126A1
:10252000AE40721D01212000920001F041FC002804
:10253000F3D045608660E4E731B14A68436C9200AD
:102540009B181A680A6019607047C046F8B547467C
:10255000CE46804680B54FF6FF701F0000238946A7
:102560000D69143106000C68013326405643B44609
:10257000BC446646370C0640B446240C5443E41968
:10258000270C2404644410C19D42EBDC4FB14B4640
:102590009B68AB420ADDAB004B445F614B460135A3
:1025A0001D614846C0BCB946B046F8BD4B465968A7
:1025B00040460131FFF79AFF0400D0B14B4649462F
:1025C0001A690C31023292000C30FAF73BF84B4694
:1025D0005A6843464946A1465B6C92009B181A68AC
:1025E0000A601960AB004B445F614B4601351D61C9
:1025F000D7E74BF2C4334BF234400022BA21C0F685
:102600000103C0F6010001F0ABFBC046F8B5474638
:10261000CE469046092280B51F00083306000C0004
:1026200093FBF2F3092F3CDD012500216D00013100
:10263000AB42FBDC3000FFF759FF0100002832D02D
:10264000089B4361012303614346092B16DC40F2DA
:1026500009080A3447450CDD4346E719FF1A237879
:102660000A223000303BFFF771FF01340100BC4209
:10267000F5D10800C0BCB946B046F8BD40F2090922
:10268000A1444D4644442B780A223000303BFFF7EA
:102690005DFF01350100A542F5D14C464444083C9C
:1026A000D8E70021C6E74BF2C4334BF23440002296
:1026B000C0F60103D331C0F6010001F051FBC04662
:1026C0004FF6FF7203000020934201D81B04103024
:1026D00080225204934201D208301B02802252050C
:1026E000934207D38022D205934214D29B0014D484
:1026F000033008E0802104301A01C9058A4203D35F
:10270000D243D20F801870479A019B0105D40A4228
:10271000EED12020F7E71A00F2E70230F3E7C046D7
:102720000368010010B55A0707D0DA072DD49A07BD
:1027300030D55B080360012010BD4FF6FF721A42CE
:1027400010D1FF221B0C10201A4201D108301B0AA5
:102750001A0717D09A070ED0DA0701D401305B08A8
:102760000B60E9E7FF221A4211D01A071AD10420A0
:102770001B099A07F0D19A085C070FD513000230A5
:102780000B60D9E704301B09F3E70020D4E70820E9
:102790001B0ADDE79B0803600220CDE7DB082BB9AD
:1027A0002020C9E7DB0803200B60C5E703300B607E
:1027B000C2E7C046436C70B504000D004BB15868C9
:1027C000E0B102685A600023C360013345610361D0
:1027D00070BD2122042101F0EBFA0300606400289F
:1027E000EDD14BF2C4334BF23440002240F245119C
:1027F000C0F60103C0F6010001F0B2FA1C2201216B
:10280000200001F0D5FA0028EBD00123436001330A
:102810008360D8E7F0B54E4657464546DE46E0B5FC
:102820000B69166989461700984687B0B34204DBE6
:1028300033000F004646914698464346F518BB685C
:102840007968AB4200DA0131FFF750FE030000283F
:1028500000D1ADE040F2140C84446246AC00644404
:10286000110000200192A24202D201C18C42FCD888
:1028700040F2140CBC446246029242464846910023
:102880008A461430B60082446644504578D23900F6
:10289000153140F2000B8E4200D383E0D8464FF64C
:1028A000FF71A346B44604000495059307E03F0C6E
:1028B000A7BB019B043404330193A2455DD90800F2
:1028C000276838403942F2D053460026A246040019
:1028D000019F029D03930A0008CD38681A406243A5
:1028E00000920A00024091461B0C6343009A000CC0
:1028F0004A4492191B18100C1B181E0C0A401B048A
:10290000134308C7AC45E6D85446039B9A46019B3F
:1029100043445E6027683F0C002FCAD000208146E8
:102920002000019A6446156884462E00029B00949C
:102930000C001868360C0840784348448019060497
:102940000D403543566815603440A14620CB000C3D
:102950002D0C7D434D442D18280C814600980432DF
:102960009842E5D86446019B043443445D60019B72
:10297000844604330193A245A1D85C46049D059B7F
:10298000002D02DC05E0013D1DB1043C2268002A57
:10299000F9D018001D6107B0F0BCBB46B246A9468D
:1029A000A046F0BDF71B153FBF08BA00934675E778
:1029B0004BF2C4334BF23440002240F26211C0F6B5
:1029C0000103C0F6010001F0CBF9C046F8B50323BE
:1029D00047461400CE461A0080B50E00070022407C
:1029E000234235D1A41074B33D6C002D3CD040F28D
:1029F00001084346234040F2000964103BB92868AF
:102A0000B8B10500434623406410002BF7D02A00DC
:102A100031003800FFF7FEFE36B172687B6C920021
:102A20009B181A6832601E6074B10600286800287E
:102A3000E7D12A0029003800FFF7ECFE4B4628605A
:102A400005000360DEE73000C0BCB946B046F8BD03
:102A50004BF64033013AC0F601039200D2580023EE
:102A6000FFF774FD0600BDE701213800FFF73EFDCA
:102A7000050040B140F2712343610123036100234B
:102A800038640360B3E74BF2C4334BF234400022A6
:102A900040F24511C0F60103C0F6010001F060F9F3
:102AA000F0B54546DE4657464E46E0B50D002B696B
:102AB00054119846A04443465E1CAB6883461700F9
:102AC000496883B09E4203DD01315B009E42FBDC1E
:102AD0005846FFF70BFD8446002853D001001431FF
:102AE0000B000191002C0CDDA40022000020143208
:102AF000624401C39342FCD1019B9946A1444B46D9
:102B000001931F222B0011002C691433A4003940BB
:102B10008A461C193A422FD00132521A9146002798
:102B2000019851461A688A403A4304C04A4680CB0D
:102B3000D7409C42F5D82A0015320023944203D393
:102B4000631B153B9B089B00019A91464B445F60B9
:102B500007B9464663461E615B4660466A685B6C21
:102B600092009B181A682A601D6003B0F0BCBB4637
:102B7000B246A946A046F0BD019904CB04C19C42CF
:102B8000FBD8E6E74BF2C4334BF23440002240F26C
:102B9000DE11C0F60103C0F6010001F0E1F8C04605
:102BA00002690B6930B50500D01A9A4214D19B0016
:102BB00014351431EA18CB1801E095420CD2043ACE
:102BC000043B146819688C42F7D000238C425B41A7
:102BD00002205B421840013830BDC046F0B5454682
:102BE0009046DE4657464E464346E0B50A690D001C
:102BF000196985B0541A8A4214D12F0042468900BF
:102C0000143714327B18521802E09F4200D399E027
:102C1000043B043A1E6811688E42F6D000D39AE055
:102C2000012404E0002CFBDBA84600241D004346E1
:102C30005968FFF75BFC002800D19FE0434640F253
:102C4000140940F2140A2A001B692969C1449B46F1
:102C50009B004B44824489008C46C46014324C462D
:102C6000029353468146142600274FF6FF71100049
:102C7000AA4694440194039343460C000D009A59CC
:102C800008C814401D40641BE419120C1B0CD31A15
:102C900022149B181F140C401B041C434B469C51D0
:102CA00004368445E8D85546019A48469146039A29
:102CB000002192462A001532029B944504D36246B5
:102CC000521B153A9208910052468A18151DAC46BF
:102CD00056464D464944761B0431B14688464FF668
:102CE000FF768B423BD90D00CA46190081465346F8
:102CF00032003800EB1810CD2240D2191214270CE4
:102D0000D219241817143440120414431C60A94229
:102D1000EDD80B0041464846013B5B1A9B089B00DF
:102D2000634434B95A46043B1968013A0029FAD081
:102D300093465B46036105B0F0BCBB46B246A9466C
:102D4000A046F0BD0021FFF7D1FB50B10123036184
:102D500000234361EFE74346A8461D0067E71300E1
:102D6000DFE74BF2C4334BF23440002240F237210C
:102D7000C0F60103C0F6010000F0F2FF4BF2C433CD
:102D80004BF23440002240F24521C0F60103C0F668
:102D9000010000F0E5FFC04600220023CFF6C0424C
:102DA0009446C7F6F0730B4063440022002B02DD0B
:102DB0001900100070475B421915132903DC8023AA
:102DC0001B030B41F4E7143901221E2902DC802287
:102DD0001206CA400023EBE7F8B506004746CE4688
:102DE00004691436A4003419231F1D6880B5280017
:102DF0000F009846FFF764FC2022111A0300396087
:102E00000A2835DD07000B3F46451CD208235B42EC
:102E10009C46A44463461B6807B3190040F20008AF
:102E2000D21BD140BD40C3F6F078914642460D43D7
:102E30002A431100BB40664515D24A460C3C246823
:102E4000D44023430FE00B2807D00023BD40C3F636
:102E5000F0732B431900002305E000230022C3F682
:102E6000F0722A4311001800C0BCB946B046F8BD44
:102E70002900153A121AD140002791460A00C3F6DC
:102E8000F0773A4311000027464503D24A46083CF2
:102E90002768D74015339D402B003B43E3E7C046EE
:102EA000F0B5012183B014001D00FFF71FFB0600E1
:102EB000002844D06F002B037F0D1B0B17B180221D
:102EC000520313430193ACB901A8FFF729FC012475
:102ED000019B20307361346117B31F4B35249C462E
:102EE000089B67443F181F60241A3000099B1C6030
:102EF00003B0F0BD68460094FFF712FC019C009BF4
:102F000030B120222100121A9140C4400B43019499
:102F10007361B461631E9C4101343461002FDCD1C4
:102F20000E4B9C46089B604418600023E3189B00EE
:102F3000F3181869FFF7C4FB6401241AD5E74BF2B4
:102F4000C4334BF23440002240F20F31C0F601038B
:102F5000C0F6010000F004FFCDFBFFFFCEFBFFFF3A
:102F6000F0B5CE46474680B585B0884602A9814671
:102F7000FFF732FF04000D00404603A9FFF72CFFC6
:102F800002000B004046494600690969009201931E
:102F9000091A4901884602980399401A01004144E0
:102FA00000290BDD09054F193D002000290004F020
:102FB000B7FE05B0C0BCB946B046F0BD09055B1A06
:102FC0000193009A019BF0E710B5040017280DDD6E
:102FD00000210020C3F6F07100230022C4F2240374
:102FE000013C05F02BFB002CF6D110BD4BF6A033B5
:102FF000C0F601039C46C400644420686168F4E79D
:103000001300013970B54C11116901341433890072
:10301000A400591804198B420AD2050040CB40C5C0
:103020009942FBD88B1A153B9B089B00043018185B
:10303000844203D9002308C08442FCD870BDC04636
:1030400010B50400026914344811824209DA920072
:10305000A31802E0043B1A68A2B9A342FAD80020E0
:1030600010BD8300E3188242F7DD1F2210000840E4
:103070000A42F2D019680A00C240824001209142FF
:10308000EED1EAE70120EBE7F0B557464E46DE46C3
:103090004546E0B50C000600170083B0002900D1BA
:1030A000B0E0FFF713FA08235B429946A1444B4670
:1030B0005B68032219003D0091430B35CA468846E0
:1030C000162D6BD81025AF426BD8A84572DA40F6A2
:1030D000D87B4946C2F2000B584641444A68806892
:1030E0000092884200D1A1E040F2010C62460098B3
:1030F000904308184068104200D078E00320009AFE
:1031000082439346C3445D454FDD6046184212D169
:103110004B4648461B68C31A032000935B688343F1
:10312000D21842449346954200DCC8E043449B4693
:103130009D4200DCC7E039003000FEF75DFC07006F
:10314000002800D118E14B4601225B68934302003E
:103150004B44083A934200D1DCE04246043A242A28
:1031600000D9DCE003002100132A09D92368036099
:10317000636843601B2A00D9D5E003000831083397
:103180000A681A604A685A608A689A6030002100AA
:10319000FEF7E6FA3000FFF7A1F920E0043295438C
:1031A00091D50C230027336019E0D846CB688A6894
:1031B000D3609A6043465F1B5346012250465B68CA
:1031C000404413400F2F22D841460B4351464B60D9
:1031D0004368134343603000FFF780F9270038004D
:1031E00003B0F0BCBB46B246A946A046F0BD1A42A9
:1031F000A1D14B464A461B68D31A032200935B6851
:10320000934393E71100FEF7F7FB0700E7E751460A
:103210002B434919554617436B604F60436808318B
:10322000134343603000FEF79BFAD4E703218A433F
:1032300094462900C44410318C457EDADB0700D562
:1032400079E74B4648461B68C31A032000935B6826
:103250008343D21842440192914200DD66E700990F
:103260008A68CB680F00D3609A604246043A0837F8
:10327000242A00D996E03B00132A09D923688B60E1
:103280006368CB601B2A00D991E010310B00083431
:1032900022681A6062685A60A2689A605B460122DE
:1032A000009841199960019B5B1B13434B60436875
:1032B00013402B4343603000FFF710F98FE7CB68D2
:1032C0008A68D3609A6000998A68CB680F00D360DF
:1032D0009A604246043A0837242A16D83B00132A3B
:1032E00008D923688B606368CB601B2A39D81031FA
:1032F0000B00083422681A6062685A60A2689A60FB
:10330000009B3C00D8469A4654E721003800FCF761
:103310000BFAF5E703225B68934398444AE72100E0
:10332000FCF702FA32E7A3688360E368C360242AEB
:1033300027D003001031103322E74B4659195B4662
:103340009960634601225B1B13434B604B465B68ED
:10335000300013404A462B435360FFF7BFF8270065
:103360003DE7A36800990B61E3684B61242A10D004
:103370000B0010341833BDE73000FFF7AFF800271B
:103380002DE7236918310361030062691833426134
:10339000F6E6236900998B610B0062692033CA61EC
:1033A0001834A7E721003800FCF7BEF976E7A368D8
:1033B00000990B61E3684B61242A03D00B001034A1
:1033C000183365E7236900998B610B00626920332C
:1033D000CA6118345CE7C046F0B54E464546DE4645
:1033E0005746E0B58046914608009C4683B0242BA2
:1033F00043D8012B41D00E0008214E4D3700013635
:10340000721E14782A5D1142F8D12D2C00D174E07F
:103410002B2C3ED0484A40F2000A9346002B40D164
:10342000302C00D17BE040F20A0C0A23BBFBFCF1FC
:1034300062465D464A43AA1A050001922000002216
:1034400064460027AC4606E0B94250D001226743EB
:10345000EF19307801360500303D092D04D9113DB2
:10346000192D2FD837380500AB4233DD501CF0D072
:10347000B942E9D201225242EBE700F05DFC16238B
:103480000360002003B0F0BCBB46B246A946A0468C
:10349000F0BD294A3478934640F2000ABE1C002B46
:1034A000BED0102BC2D140F2100C302CBED1202146
:1034B00032788A43582AB9D1747840F2100C10231C
:1034C0000236B3E70500613D192D03D857380500D2
:1034D000AB42CBDC6046531C17D0534603B17F424E
:1034E0004B4613B122BB4B4618603800CAE7019A1D
:1034F000AA42ABDA01225242ABE7802212063478AC
:10350000934640F2010ABE1C88E72223424613601C
:103510004B465F46002BE8D05F46701EE3E7202253
:1035200033789343582BC7D040F2080C08237DE72B
:10353000BB46F1E769BC0108FFFFFF7F10B5FFF74D
:103540004BFF10BD130040F6084210B50400C2F254
:10355000000210680A002100FFF73EFF10BDC046C0
:10356000130040F6084210B50400C2F200021068D1
:103570000A002100FFF730FF10BDC04670B540F6CD
:103580004464E025C2F200046459A04770BDC046FF
:1035900049B1FF2A02D801200A7070478A230360CC
:1035A00001204042F9E70020F7E7C04610B50029A6
:1035B00037D07F2A26D9130040F27F74803BA34284
:1035C00023D94FF2FF74234BD318A3422BD9802465
:1035D000214B6403D318A34236D21023900C5B42D4
:1035E00003430B703F208023140B5B4204401C43B9
:1035F0004C709409044010401C43034304208C7019
:10360000CB7010BD01200A70FBE7402390095B429C
:1036100003430B703F231A40BF3B134302204B7000
:10362000EFE70020EDE72023100B5B4203433F242C
:1036300080200B70930923404042144003432043F1
:1036400088704B700320DCE78A230360012040422E
:10365000D7E7C04600F8FFFF0000FFFFD3B2120A11
:1036600010B5D2B2C9B1AAB114007F34E4B21E2C95
:1036700004D914002034E4B20F2C10D81C00403CB4
:103680003E2C03D9403CE4B27C2C08D802200A70BE
:103690004B7001E001200B7010BD0020FCE78A2375
:1036A000036001204042F7E7D3B2120A10B5D2B24C
:1036B00019B3DAB114007234E4B2012C1FD914002A
:1036C0005F34E4B25D2C1FD81C005F34E4B25D2C83
:1036D0000FD9802423431C005F34E4B25D2C13D83F
:1036E0008F204A7008708B708C3801E001200B70BD
:1036F00010BD02200A704B70FAE70020F8E71C00AA
:103700005F34E4B25D2CF4D98A2303600120404287
:10371000EEE7C04630B5D4B2120AD2B231B3BAB174
:103720001500213D5D2D23D82500213D5D2D1FD89D
:103730001D6802204DB9013818601B230B70093336
:103740004B701E338B70043003310A704C700CE0E8
:103750001D68012045B11A601B230B700D334B709F
:103760001A338B70033003310C7030BD0120FCE73D
:103770008A23036001204042F7E7C04670B5050088
:103780001C0084B06BB140F64463E020C2F2000339
:103790001E58230081B12800B047431C12D004B04A
:1037A00070BD40F64463441DE020C2F20003FF34C4
:1037B0001E5823000029EED10022280001A9B0479D
:1037C000431CECD1002323608A332B60E7E7C0461B
:1037D00040F6084370B5C2F2000314001D6884B0BF
:1037E0007AB140F64463E022C2F200039E582300FF
:1037F00090B10A0001002800B047431C12D004B069
:1038000070BD40F64463E0226C1DC2F20003FF3439
:103810009E5823000028ECD10022280001A9B047BF
:10382000431CECD1002323608A332B60E7E7C046BA
:1038300030B5012483B0069D00930195634200F0EA
:10384000A1FB03B030BDC04630B5040040F60840CF
:10385000012583B0C2F200000068019300926B4220
:103860000A00210000F08EFB03B030BD4BF6684328
:10387000EC22C0F6010383507047C04670B50600C5
:103880000C00D9B310B1436B002B44D001250C229E
:10389000A35E626E2A422FD19B053FD521003000E6
:1038A000FBF73CFAE36A050023B13000E169984771
:1038B000002826DBA3891B0628D4216B41B12300F5
:1038C0004033994202D03000FDF74AFF00232363C2
:1038D000616C21B13000FDF743FF00236364FBF707
:1038E0008BFC0023A381636EDB0725D5A06DFCF75D
:1038F000BBFCFBF789FC02E0002BCFD100252800A0
:1039000070BD0125A3896D421B06D6D53000216903
:10391000FDF726FFD1E7FBF74FFCB7E7A06DFCF7FB
:10392000A7FC0C22A35E002BB8D1636E2B42E5D11D
:10393000A06DFCF7A5FCE1E7A06DFCF7A1FCD5E7C5
:1039400040F6084310B5C2F2000301001868FFF703
:1039500095FF10BD70B50C23CA5E05000C0096B033
:10396000930707D523004333236023610123636159
:1039700016B070BD0E23C95E00292DDB6A4600F02B
:103980009FF9002826DB40F200412800019EFEF747
:1039900033F80C22A35EC0B380221A4340F20043E6
:1039A00042F2000163614FF20003A28120602061B6
:1039B00033408B4231D10E23E15E280000F094F9B0
:1039C0000C23E25E40F60003E0B103218A43023992
:1039D0000A4317E00C23E25E802313405A4253410E
:1039E00040F2C0365B421E40403631002800FEF7F0
:1039F00003F80C22A35E40B180221A43002320600A
:103A0000206166611343A381B2E79A05B0D4032213
:103A1000934302221343A381A4E740F60003F1E796
:103A200070B50C001E000E23C95E150096B000296B
:103A300015DB6A4600F044F9002810DB4FF2000362
:103A4000019940F6000019400A4B9C4661444B42E4
:103A5000594140F2004331602B6016B070BDA3891C
:103A600000211B0602D540230020F4E740F200436A
:103A70000020F0E700E0FFFFF0B507000024032579
:103A80000D4E3B5DF25C2A40012A00D12033085DD7
:103A9000325C2A40012A06D01A1A83420AD1013424
:103AA0000028EED1F0BD02002032981A9342F9D1DD
:103AB0000134E6E71000F5E769BC010870B50400C1
:103AC000830718D14FF6FF6348F280050268CFF6EE
:103AD000FE63D3189343C8F280052B420BD14FF6F7
:103AE000FF634268CFF6FE63D318934304302B4242
:103AF000F5D000E001300378002BFBD1FCF7C2FBCE
:103B0000200070BD0323CAB2F0B50340002A3DD0A7
:103B10000324002B35D1FF230B401D02ED182B048D
:103B2000ED184FF6FF662C000168CFF6FE668B1984
:103B30004C408B43A11948F28006A1430B43C8F2C5
:103B40008006334213D141684FF6FF670C00CFF671
:103B5000FE676C40CB198B43E119A1430B43043042
:103B60003342F0D003782BB19A4204D0013003786D
:103B7000002BF9D10020F0BD9342FCD0013020424F
:103B8000C9D00378002BF7D10020F4E743B103221A
:103B900002E00130104203D00378002BF9D1EAE7AC
:103BA0004FF6FF6348F280010268CFF6FE63D31838
:103BB0009343C8F280010B4209D14FF6FF6342687C
:103BC000CFF6FE63D318934304300B42F5D003784D
:103BD000002BD0D043780130002BFBD1CBE7C0467F
:103BE0000B0030B53AB90AE001335C1E247801308D
:103BF000451E2C7044B1013A002AF5D10270013300
:103C00005A1E1278002AFAD1581A013830BDC0461F
:103C10008446F0B5E2B1002303260F4F06E0251AD3
:103C2000844217D198B101339A4211D06046C45CE6
:103C30003D5D3540012D00D12034C85C3D5C3540F0
:103C4000012DECD120300500201AAC42EBD0F0BDA4
:103C50000020FCE72800FAE769BC010830B55AB338
:103C600003000B439B0718D1032A16D948F280059D
:103C7000C8F280050DE0043AF2B14FF6FF64CFF6CA
:103C8000FE641C199C432C4216D104300431032AD3
:103C900003D903680C68A342EDD00D7804780123A2
:103CA0000139AC4206D009E034B1C45C0133CD5CCB
:103CB000AC4203D19A42F7D1002030BD601BFCE733
:103CC00070B541F6EC4400230500C2F20004080080
:103CD0001100236002F00CF9431C00D070BD236872
:103CE000002BFBD02B60F9E770B541F6EC440023C4
:103CF0000500C2F200040800236002F00DF9431C25
:103D000000D070BD2368002BFBD02B60F9E7C046C4
:103D100070B541F6EC4400230500C2F2000408002F
:103D2000236002F01FF9431C00D070BD2368002BF4
:103D3000FBD02B60F9E7C04640F60843C2F200030F
:103D40001868704741F2000310B5082801D1180027
:103D500010BDFFF7F1FF16230360173BF7E7C046DE
:103D600070B514001A0040F60843C2F200031B6845
:103D7000060084B0D8687CB14BF29045C0F60105CE
:103D800000914BF2A0413300C0F60101029401956D
:103D900000F030F901F060FB4BF29C45C0F60105E4
:103DA0002C00EDE7130010B50022FFF7D9FFC04645
:103DB0000B0C70B50024150C4BBB002D3DD18BB204
:103DC00091B25943FDF718FE0500002833D00300D7
:103DD000083B5A6803239A43043A242A12D8030062
:103DE000132A0AD90460446008331B2A05D9846069
:103DF000C460242A2AD00300103300221A605A60BB
:103E00009A6002E00021F8F77FFB280070BDBDB981
:103E1000151C89B292B24A43ADB29BB26B43110CEE
:103E20005B18190C61B9190492B21143FDF7E4FD56
:103E300005000028CBD10025E7E72B1C0D1CE8E787
:103E4000FFF77AFF0C2300250360DEE7030004611F
:103E500018334461D1E7C04641F6FC4010B5C2F2C8
:103E60000000FCF705FA10BD41F6FC4010B5C2F2A7
:103E70000000FCF705FA10BDF0B5DE4657464E4689
:103E80004546E0B58BB0159E93461F000390019107
:103E9000002E66D0019B002B60D05B461C68019B06
:103EA00040F20008029306AB5D1E3B004746984671
:103EB00008E001235B429C4653461B68E0440434FF
:103EC000D3B30F00149BBB423FD94346EBB3E02171
:103ED000336822680493736803980593169BA2467F
:103EE0005B5806A999463300C847431C3DD0149B34
:103EF000C119994240D8019B002BDAD000280DDD72
:103F00000123029A571EEA5CFA541A0001339042C8
:103F1000F9D1029B9C468444634602935B465A4611
:103F20001B6804340433136001235B429C465346F0
:103F30001B68E044002BC4D1019A0AB15A461360B1
:103F4000002333604B1E984600E0B84640460BB055
:103F5000F0BCBB46B246A946A046F0BD013B149357
:103F60009BE706000D36FF3694E78A23039A8046C6
:103F7000136000233360E9E7049BB8463360059B78
:103F80007360E3E710B540F6084040F6446484B03F
:103F9000C2F20004C2F2000000680294079C01947F
:103FA000069C0094FFF768FF04B010BD30B5040014
:103FB00040F6446540F6084085B0C2F20005C2F202
:103FC000000000680295089D0093019513000A0007
:103FD0002100FFF751FF05B030BDC0460CB400B55D
:103FE00083B004AB04CB019300F016F803B008BC17
:103FF00002B018470EB4010040F6084000B582B088
:1040000003AB04CBC2F200000068019300F004F897
:1040100002B008BC03B01847F0B5DE4657464E461E
:1040200045468146E0B5C9B00E931C0018AB180098
:1040300004910692002108229A46F8F765FA4B4649
:1040400023B15B6B002B01D100F0EAFF0125049B3B
:104050005A6E0C215B5E154200D17CE1990401D5BA
:1040600000F018FE42F200010B43CA4904980A40CE
:10407000838142661BB21A0700D4EAE0049A1269EF
:10408000002A00D1E5E01A221A400A2A00D1F0E005
:104090001FAB1C93002340F6446BC8461193129348
:1040A000139308931E931D93BB4B1CAF1FAEC2F21C
:1040B000000B0F93444640F2E409B0465E46069D6D
:1040C0004B46F3589B46FCF721F8524603000092FA
:1040D00020002A0016A9D847002800D1EEE00028C9
:1040E00000DAE3E0169B252B01D02D18E8E7069BAC
:1040F000B346EA1A46469146A04604009D4200D0C7
:10410000E5E0002312AAD372012252420792002254
:104110006B786C1C45460992039201341A00203AD0
:104120005A2A16D80F9992008A589746303B002297
:10413000180093009B185B000134C218631E1B78A3
:10414000180030380928F4D909921A00203A5A2A5E
:10415000E8D9A8460694002B00D1CBE02FAC237001
:10416000002312AAD3720A9301330B9300230793FF
:10417000013305930398842103000B409946BA68E4
:104180007B6801422CD1099905980D1A002D01DD9B
:1041900000F017FD12A9C97A39B3002140F20009D5
:1041A000109112A80B218446614431600121013233
:1041B00001337160BA607B60072B01DD00F08DFC7C
:1041C0000836109961B115A931600221023201331C
:1041D0007160BA607B60072B01DD00F071FC08366E
:1041E0004946802901D100F0E9FB07990B980D1A87
:1041F000002D01DD00F023FC0B9901338C46624455
:1042000034607160BA607B60072B01DD00F04CFC0C
:104210000836039B5B0706D5099B05995C1A002CA1
:1042200001DD00F068FC099B05998B4200DA0B0068
:1042300008998C469C4463460893002A6DD100235C
:104240007B600A9B1BB140460A99FDF789FA1FAEB5
:1042500030E7049D48462900FBF7ECF9002801D01F
:1042600001F058F80C22AB5E1A221A400A2A00D03C
:104270000EE704990E200A5E002A00DA08E74A6E6B
:10428000D20703D49B0501D400F0F9FF2300484670
:10429000069A049901F09AF8089054E023783CE7D4
:1042A0002023039A1A430392237836E70822002139
:1042B0005046F8F729F901202D1801E7069BB3466F
:1042C000EA1A46469146A04604009D4212D0069B3B
:1042D00033604B467360BB684B44BB607B68013303
:1042E0007B60072B11DC0836089B4B440893002C9D
:1042F00000D006E7BB68002B01D000F0C9FF002307
:104300007B60049B0C229B5E17E03A0040460499B8
:10431000FAF7F4FC70B91FAEE6E73A00404604999C
:10432000FAF7ECFC00288AD0C1460A9911B1484638
:10433000FDF716FA049B0C229B5E049A526ED2077C
:104340001FD55B0619D4089849B0F0BCBB46B246ED
:10435000A946A046F0BD990500D4DAE0990400D43E
:1043600080E65213154200D185E6049B9B899B058C
:1043700003D4049B986DFBF783FF01235B420893F2
:10438000E1E79A05DDD4049CA06DFBF779FF0C22D0
:10439000A35ED6E7FFDFFFFF6CBD0108039BA846C5
:1043A00006949B0601D400F09AFC072340F2080C07
:1043B0000E9A07329A43944463460E930CCA0C92A9
:1043C0000D93002B00DAE2E1079900290BDB802333
:1043D000039A9A4303920C9A0D9B100018430028ED
:1043E00001D100F0DCFC0C9B0D9C002C00D0E5E121
:1043F000092B00D9E2E10C9B3033DBB2742063223D
:1044000012A909188B54079B0593002B01DC01238B
:10441000059312ABDB7A002B01D100F029FC059B40
:10442000D7240133059300230A9301330B9312AB76
:104430009C4664440398842103000B409946BA6863
:104440007B68084200D19EE600211091A9E60E9AF1
:1044500012A802CAA8469146002206940A91C27286
:10446000002901D100F00EFE532B01D100F0EEFC2B
:10447000039BDB0601D500F0E9FC079A002A01DA6C
:1044800000F0E1FE00210A98FBF704FF12ABDA7A94
:10449000002801D100F025FF0A9C011BCB43DB174C
:1044A0000B9119400591002A01D100F0BEFD0131A8
:1044B00005914B460E93002307930A93BAE70E9A91
:1044C000A8460694151D432B04D0039BDB0601D49C
:1044D00000F054FC082200211AA8F8F715F80E9BEA
:1044E0002FAC1A6821001AAB4046FFF747F90300CA
:1044F0000B90013301D100F0E1FE0B9AD343DB179F
:104500001A400592002312AAD3720E950A930793BC
:1045100030E6049EB06DFBF7ABFE0C21735E726E4D
:10452000990400D49EE551130D4200D1A3E5154234
:1045300000D022E719E70E9A08CA0993002B00DB86
:104540009FE3099B0E925B4209930423039A1A434B
:1045500003922378E1E51020039BA84606941843B4
:104560009B0600D4CCE3072340F2080C0E9A0732D6
:104570009A43944463460E9313685268002112AC28
:10458000E1720799002900DA6EE3D94901400391ED
:1045900019001143002900D183E340F2070C48AC15
:1045A000614650071940DB0803431800D208250074
:1045B0003031013C104321700028F1D1039BDB070F
:1045C00000D5D6E2079A48AB1B1B0B9305929A4283
:1045D00000DA5AE300230A93CCE5039AA84606942E
:1045E000930600D55FE1039C102320000E9918402C
:1045F00004C9234201D000F0BEFE039D40232C00DD
:104600001C402B4201D100F048FC93B20C930023D4
:104610000D9312ABD872079B002B01DA00F050FC0F
:104620008023039A0E919A430C9B0392002B00D097
:10463000D9E653E1002147F63000A8460E9B079DBE
:10464000069412AC04CBA081E172002D00DA76E36F
:104650008020039C84437E3804430394002A01D1C4
:1046600000F021FD4BF244240F20C0F60104A446C3
:104670004BF244290E9302231040604404780593C2
:10468000C0F601097425632312A84019C454120905
:104690000B071A43130009090B43002B01D100F04B
:1046A0007CFE12ABD7249C460F2548466444130079
:1046B0002B40C35C013C237012090B071A43130003
:1046C00009090B43002BF2D1079A48AB1B1B1000C2
:1046D0000B939A4200DA1800059B002B01D100F0E1
:1046E00059FE039D84212B0002300B409946BA6885
:1046F0007B680590294206D1099905980D1A002D6D
:1047000001DD00F001FC00210A915CE50398A84658
:104710000694830600D526E70E99039A08C90398E4
:10472000D20600D5EEE2420601D400F0DAFC002207
:104730009BB20E9122E7039BA84606949B0600D4E9
:10474000E8E20E9B089A1B681A60D2175A600E9B0B
:1047500004330E93AEE423786C2B00D125E31022B2
:10476000039911430391D8E41022039BA8460694B1
:104770001A439B0600D5CAE20E9B191D0E9B03929D
:104780001B680E910C93DB170D9300D41CE60C995B
:104790000D9A00244B4294410C930D942D2312AAA0
:1047A000D372079B002B00DA1DE68023039A9A43FD
:1047B00003920C9B0D9C002C00D119E640F20043A3
:1047C000039A00251A4048AB994633000B924E4697
:1047D000994611E026000C9A0D9B0A92059300233E
:1047E0000A220A980599F7F789FD059B0C900D910F
:1047F000002B01D100F0DDFC0C980D990A2200235A
:10480000F7F77CFD0B9B741E303222700135002BB4
:10481000E0D0119B1B78AB42DCD10C9A0D9BFF2D95
:1048200001D100F02AFC002B00D04CE3092A00D96A
:1048300049E3079A48AB1B1B4E460B9305929A42DD
:1048400000DA059312ABDB7A002B00D1F2E3059B73
:104850000133059300230A93ECE52378682B00D1FC
:10486000ABE2402203991143039156E41023039ACB
:10487000A84606941343920616D40E9A111D0E9A5A
:1048800012A812680C9200220D92C272079A002A96
:1048900000DA50E28022934303930C9B0E91002B8D
:1048A00000D0A0E51AE0130007210E9A07328A43D0
:1048B000100006C80C910D92002212A9CA72079A24
:1048C0000E90002A00DA37E28022934303930C9A79
:1048D0000D9B11001943002900D084E5079B002B94
:1048E00000D197E3002300240C930D9483E5C04688
:1048F0007FFBFFFF2800FBF71FFC436818001393A2
:10490000FBF708FD804612902800FBF715FC414696
:10491000826823781192002901D1FFF7FEFB002A5B
:1049200001D1FFF7FAFB1278002A01D1FFF7F5FB5E
:1049300040F20042039911430391FFF7EEFB01237C
:10494000039A1A4303922378FFF7E7FB12AAD27A5D
:104950002378002A01D0FFF7E0FB203212A9CA72A7
:10496000FFF7DBFB8023039A1A4303922378FFF7B8
:10497000D4FB2378611C2A2B01D100F0DBFC18004A
:1049800030380022092801D900F07EFC93009B18E2
:104990005B0001311A184B1E1B78180030380928AB
:1049A000F4D90792002A00DAF3E10C00FFF7B6FB16
:1049B0002B2312AAD3722378FFF7AFFB099905982E
:1049C0000D1A002D01DCFFF710FC4BF6D869C0F67C
:1049D0000109102D21DD4946A1460C0003E0103DE0
:1049E0000836102D16DD102110320133346071604D
:1049F000BA607B60072BF2DD3A0040460499FAF773
:104A00007DF9002800D08FE4103DBA687B681FAEA6
:104A1000102DE8DC21004C468946494652190133E5
:104A200031607560BA607B60072B00DD11E3079988
:104A30000B9808360D1A002D01DCFFF7DDFB4BF655
:104A4000D869C0F60109102D21DD4946A1460C00A8
:104A500003E0103D0836102D16DD10211032013311
:104A600034607160BA607B60072BF2DD3A0040462B
:104A70000499FAF743F9002800D055E4103DBA68CC
:104A80007B681FAE102DE8DC21004C468946494664
:104A90005219013331607560BA607B60072B00DD0D
:104AA000D4E00836FFF7A8FB3A0040460499FAF72D
:104AB00025F9002800D037E4BA681FAEFFF7A9FB3C
:104AC0003A0040460499FAF719F9002800D02BE47F
:104AD000BA687B681FAEFFF783FB3A004046049933
:104AE000FAF70CF9002801D0FFF71EFCBA687B68C2
:104AF0001FAEFFF766FB4BF6E8697B68C0F601095D
:104B0000102C20DD310010254E4603E0103C08310A
:104B1000102C16DD103201330E604D60BA607B60E0
:104B2000072BF3DD3A0040460499FAF7E7F800282E
:104B300001D0FFF7F9FB103CBA687B681FA9102C65
:104B4000E8DCB1460E0049461219013312C6BA60BC
:104B50007B60072B01DCFFF766FB3A0040460499B7
:104B6000FAF7CCF8002801D0FFF7DEFBBA68FFF7B0
:104B70005AFB302900D160E23023013C079A023D04
:104B8000237048AB5B1B0B9305929A4200DAFEE060
:104B90002C000398842103000B409946BA687B6877
:104BA000084203D149460A91FFF7EDFA002012A905
:104BB000C97A0A901090002901D0FFF7F2FAFFF7A6
:104BC0000FFB002310934BF6E869BA687B68C0F6C8
:104BD0000109102D22DD4946A1460C0003E0103DDD
:104BE0000836102D17DD102110320133346071604A
:104BF000BA607B60072BF2DD3A0040460499FAF771
:104C00007DF8002801D0FFF78FFB103DBA687B6864
:104C10001FAE102DE7DC21004C4689464946AA18F4
:104C2000013331607560BA607B60072B00DDBAE14B
:104C300012A9C97A083600294DD11099002901D14D
:104C4000FFF7D3FA40F20009FFF7BDFA3A004046F9
:104C50000499FAF753F8002801D0FFF765FBBA680A
:104C60007B681FAEFFF7C8FADB490840039094E465
:104C70000A9301330B9312ABD7249C466444FFF78D
:104C800079FA23780E92FFF748FA059300230A93E6
:104C9000FFF770FA5213154201D1FFF7ECF9FFF755
:104CA0006CFB0799002900D077E40123190001402B
:104CB0000591034200D170E17424302212A86233BE
:104CC0000019C25400230A9312AB9C4663340B9123
:104CD0006444FFF74FFA40F20009FFF762FA0E99B9
:104CE000039A08C9D20600D548E3039A520600D4B5
:104CF000ECE11BB20C93DB170D930E91FFF761FBF8
:104D00000E9B191D0E9B00221B680E9136E4039228
:104D1000FFF74BFB039BDB0600D5A8E1039B5B067B
:104D200000D564E2039B9B0500D4A0E10E9B089A8A
:104D30001B681A700BE50E910393FFF754FB0221D9
:104D400003987425084303904BF24420C0F60100F9
:104D500084460D31114061440878632112AC641916
:104D6000120960540021002A00D10AE34BF24429C1
:104D70000E930223C0F60109059392E40E9B2FAC1B
:104D80001B682370012305930B93FFF7BBFB05936F
:104D9000FEE6012252420C000792FFF7BFF90029FC
:104DA00000D10DE23023FFF729FB4C3B039A01347D
:104DB0001A4303922378FFF7B0F99933FF33F5E7ED
:104DC0004BF25829A8460694C0F60109039A0E9999
:104DD000920600D4BEE0072240F2080C073191434E
:104DE0008C4462460E920A684968039801240500C3
:104DF00025400595044200D18BE014000C43002CA3
:104E000000D0EDE012ABDC72079B002B00DA78E1FA
:104E1000039A724B07991A400392002900D1F8E0D7
:104E20004B4674241A78632312A80019C254059BB8
:104E300063340B9312AB9C4605916444A9E64BF294
:104E40004429A8460694C0F60109BFE70A9B082238
:104E500000211AA81793F7F757FB079B002B00DADE
:104E60005FE10596002400251E000FE01AAB4046C6
:104E70002FA9FEF783FC431C00D11FE22818B04283
:104E800008DC0434B04200D129E20500179B1A590E
:104E9000002AEBD1059E079552E1039D40F20023C5
:104EA000280018402B4200D1ADE1D3B20C9300236F
:104EB0000D9312ABDC72079B002B01DBFFF7B0FBFD
:104EC0000E91FFF790FA129A1399A41A2000F7F79F
:104ED00061FB1199013C4B788C460C980D995A1E38
:104EE00093419C4463460A2211930023F7F706FA84
:104EF0000C900D910A220C980D990023F7F7FEF9FA
:104F000030320125227084E400230A930233109387
:104F100059E6059812ABD872079B002B2FDB2F4B5D
:104F20000398184013000B430390002B6BD1079993
:104F3000002900D1E1E04B4674241A78632312A8BB
:104F40000019C254623B0B9312AB9C46633405912B
:104F500064441EE604C90E910399C90609D4039955
:104F6000490602D5002192B23FE70399890500D591
:104F700061E1002139E70223039818430390039865
:104F8000022304001C4005944C460D331340E45C9E
:104F9000114B18400390FFF775FB002348AC0B93AF
:104FA0000A93FFF7E7F83A0040460499F9F7A6FE9E
:104FB0008146002801D0FFF7B7F912A9C97ABA686B
:104FC0007B68002900D095E010991FAE002901D020
:104FD000FFF7F9F8FFF709F9FFFBFFFF7FFBFFFF82
:104FE00015AC63700023302512A8C372079B25708F
:104FF000002BC0DBEC4B0398022418400300234332
:105000000393022305930F2348461340C45CFFF724
:1050100039FB00230B9305930A9348ACFFF7AAF8DA
:105020004846FAF7C9F8FFF711F84B460E930023EC
:105030000A9C07930A93FFF79DF848AB079A1B1B3E
:105040000B930593934201DBFFF7C4FA0592FFF738
:10505000C1FA3A0040460499F9F750FE002801D001
:10506000FFF762F9BA687B681FAEFFF7BEF80E9BC8
:10507000089A1B681A60FFF76AFB26000A920593DC
:10508000FFF7ADFB079B0593062B00D9A5E04B4628
:105090000E93059B4BF26C240B930023C0F6010486
:1050A0000793FFF767F82800002D00D198E07425DA
:1050B00012AC6419633230310E9312AB9C46A1548A
:1050C0000123D7240B936444FFF70BFB039A92054B
:1050D00000D492E05BB20C93DB170D930E91FFF7B7
:1050E00070F90398820500D4A8E00022DBB20E918B
:1050F000FFF744FA1FAEFFF754F8002348AC0B93B8
:1051000047E5AA4B12A918404B46039074201A7821
:1051100063230918CA5412AB9C46D7340B956444D8
:1051200037E51AAB009300210023404617AAFEF78B
:105130007FFB03000790013300D1BFE00A9B179368
:10514000079B53B3632B00DD90E000232FAC0A9341
:10515000082200211AA8F7F7D7F9079D1AAB009388
:1051600021002B00404617AAFEF762FB854200D0C3
:10517000F8E00023079AA354D3431100DB1719402A
:1051800012ABDB7A0591002B00D08CE04B460E93DE
:1051900000230B920793FEF7EDFF12ABDB7A0A9C1C
:1051A0001A00531E9A414B460E93002305920B930F
:1051B000EFE40A9B092B01D9FFF71EFBFFF739FB30
:1051C00012ABDB7A002B00D124E700230B930A9368
:1051D000013348AC0593FFF72DF90623059356E7F5
:1051E0000E93002300200B9348ACFFF77AFA0E9B36
:1051F000089A1B681A80FFF7AAFA0C93DB170D9325
:105200000E91FFF7DEF800230C92079A0D9312AB74
:10521000D872002A00DA53E6802303980E9198434F
:105220000C9B0390002B01D0FFF7DDF8002A01D082
:10523000FFF758FBEEE60021D2B2D6E50022039834
:105240000E91FFF79BF90A9C2000FBF763F8C3431C
:105250000200DB171A4012ABDB7A0B900592002B91
:1052600000D1E2E601320592FFF723F94046591CCE
:10527000FCF7C2FB0400002869D00A9068E7886D3B
:10528000FAF7FEFFFFF702F80C000792FEF746FF61
:105290003A0040460499F9F731FD002801D1FFF7A3
:1052A0002EF8FFF747F8059B013305934B460E9305
:1052B000079B0B9300230793FFF7BCF804990C227C
:1052C0008B5E40221A438A814A6ED20701D5FFF7CE
:1052D00054F89B0501D5FFF750F8FFF754F8059EE9
:1052E0002EE75AB1079B0A9C5A1C05920B934A461B
:1052F00000230E9207930A93FFF79CF84B460E93F8
:10530000079B00220B93059300230A9C07930A92A4
:10531000FEF730FF049A536EDB0701D5FFF72DF837
:1053200093899B0501D5FFF728F8906DFAF7A8FF40
:10533000FFF723F80E9A08CA0793002B02DA01231D
:105340005B42079363780E920C00FEF7E6FE049929
:105350000C228B5E40221A438A814A6ED207B8D54E
:10536000FFF70BF840220498C14683890A9913433A
:105370008381FEF7DBFF2300FFF781FA039AFFF733
:10538000FDF90E9312AB0120D7249C460B90644488
:10539000FFF7A7F90590FFF7FCFB12ABD7249C465B
:1053A0006444FFF791F9C0467FFBFFFFFFFBFFFF5F
:1053B000130040F6084210B50400C2F20002106863
:1053C0000A002100FEF728FE10BDC046F0B5C64613
:1053D00000B5204C1600A54402226C4698468B89E5
:1053E00007009343A3814B6E16A81993CB890D0038
:1053F000E381CB6907934B6A09931AAB009304933B
:1054000040F200430293059300230693FAF728FF26
:105410003200434669463800FEF7FEFD061E10DAEC
:10542000A3895B0603D54022AB891343AB81A06DF2
:10543000FAF71AFF300040F268439D4480BCB8463A
:10544000F0BD69463800F9F703FD0028E8D00126D1
:105450007642E5E798FBFFFF062010B500F096F8CE
:10546000012000F08FFDC04670B540F23815435959
:1054700004000BB1002070BD8021FCF7BDFA605123
:1054800030B102000023803208C09042FCD1F1E725
:1054900001204042EFE7C046F8B505000C001600B9
:1054A0001F2908D840F23817C3594BB1A4001B1963
:1054B00018681E60F8BD1623036001204042F9E71A
:1054C0008021FCF799FA03000200E85100218030A6
:1054D000002BF2D002C28242FCD1E7E770B5050092
:1054E0000C001F291ED840F23813C3586BB18A0034
:1054F0009B181A684AB1012A05D0511C0ED0002110
:10550000200019609047002007E0280000F0F4F820
:1055100022000100280000F0DBF870BD16230360B4
:105520000120FAE71623036001204042F5E7C04658
:1055300070B505000C001F2924D840F23816835995
:105540009BB1A2009B181A684AB1511C0BD0012ACA
:1055500007D00021200019609047002070BD012075
:10556000FCE70320FAE70220F8E78021FCF744FA81
:105570000300A85130B100210200803002C28242F3
:10558000FCD1DEE701204042E8E7C04640F6084390
:10559000C2F2000370B504001D681F281DD840F238
:1055A0003813EB5863B182009B181A6842B1012A84
:1055B00004D0511C0DD0002119609047002007E055
:1055C000280000F099F822000100280000F080F87F
:1055D00070BD162301202B60FAE7162301202B60F3
:1055E0004042F5E7F8B540F60843C2F20003040074
:1055F0000E001D681F2808D840F23817E85948B136
:10560000A400041920682660F8BD16232B60012031
:105610004042F9E780212800FCF7EEF90100030081
:105620000022E85180310028F1D004C39942FCD116
:10563000E6E7C04640F6084370B540F23815C2F2BE
:1056400000031C6863590BB1002070BD802120004D
:10565000FCF7D2F9605130B102000023803208C05B
:105660009042FCD1F0E701204042EEE740F60843CB
:10567000C2F2000370B504001D681F2825D840F24F
:105680003816AB599BB1A2009B181A684AB1511C3D
:105690000BD0012A07D0002120001960904700207C
:1056A00070BD0120FCE70320FAE70220F8E7802123
:1056B0002800FCF7A1F90300A85130B10021020035
:1056C000803002C29042FCD1DDE701204042E7E792
:1056D00070B541F6EC4400230500C2F20004080056
:1056E0001100236000F020FC431C00D070BD236833
:1056F000002BFBD02B60F9E710B500F003FC10BDC8
:1057000070B5041C00F028F8211C051C201C01F0B9
:1057100017FE90B9201C00F017F8FE218905F6F756
:10572000B5FD50B1FEF708FB212303604BF29C400E
:10573000C0F6010000F00CF8051C281C70BDC04626
:1057400010B500F08DF910BD400040087047C0460C
:105750000020C7F6C0707047F8B5CE464746FE2316
:105760004500060080B5041C6D089B059D4200D1D4
:10577000E1E000D9D8E0FC239B059D4213D2C82369
:105780009B059D4200D301E14FF2CA21C7F24911A6
:1057900000F080FEFE218905F6F778FD0300201C4D
:1057A000002B00D0BCE0201CFFF7CEFF011CFE2028
:1057B000800501F087FBFC21890501F033FA4EF6E4
:1057C0000871C3F61101041C01F02CFA47F60471AC
:1057D000C3F64F2100F05EFE211C01F023FA41F2D6
:1057E0004611C3F6245101F06DFB211C01F01AFA99
:1057F00040F6A821C3F64E6100F04CFE211C01F0DA
:1058000011FA4BF29001C3F6A66101F05BFB211C7B
:1058100001F008FA4AF6AB21C3F62A6100F03AFE1D
:10582000211C01F0FFF94CF22E618046C3F69D5118
:10583000201C01F0F7F943F26131C3F6307101F039
:1058400041FB211C01F0EEF945F22D71C4F201017A
:1058500000F020FE211C01F0E5F94DF23911C4F2EF
:10586000190101F02FFB211C01F0DCF9FE21890553
:1058700000F010FE8146201C00F0BCFA4946071CCF
:10588000404601F011F849F69913C3F67973804642
:105890009D4263D8391C381C00F0FCFD414601F0E4
:1058A000C1F93D0B2D038046291C281C01F0BAF9D3
:1058B000011C201C01F006FB291C041C381C00F0F4
:1058C000E9FD011C201C00F0EFFF011C00F0E2FDCF
:1058D000011C4BF62E50CBF23B3001F0F3FA011CC9
:1058E000404601F0EFFA291C041C281C00F0D2FDF0
:1058F000011C40F6DB70C3F6497001F0E3FA011CAD
:10590000201C01F0DFFA011C40F6DB70C3F6497081
:1059100001F0D8FA002E03DC80231B069C4660446D
:10592000C0BCB946B046F8BD011C01F0CBFA011C61
:1059300000F0BAFFF4E740F6DB71C3F6C97101F07D
:1059400071F94BF62E51051CCBF23B31201C01F0B6
:1059500069F9011C281C00F09DFDE1E7011C381CC1
:1059600001F060F9391C00F095FD011C00F092FD7A
:105970004BF62E51C3F23B3100F08CFD011C40F67A
:10598000DB70C3F6C97001F09DFAC3E7011C01F09A
:1059900049F94EF60871C3F61101051C01F042F9F0
:1059A00047F60471C3F64F2100F074FD291C01F085
:1059B00039F941F24611C3F6245101F083FA291C4A
:1059C00001F030F940F6A821C3F64E6100F062FD07
:1059D000291C01F027F94BF29001C3F6A66101F0F2
:1059E00071FA291C01F01EF94AF6AB21C3F62A61AF
:1059F00000F050FD291C01F015F94CF22E61061C37
:105A0000C3F69D51281C01F00DF943F26131C3F634
:105A1000307101F057FA291C01F004F945F22D719B
:105A2000C4F2010100F036FD291C01F0FBF84DF233
:105A30003911C4F2190101F045FA291C01F0F2F8FC
:105A4000FE21890500F026FD011C301C00F02CFF12
:105A5000211C01F0E7F8211C00F01CFD60E7C046A6
:105A6000F8B5FF254A00031C5208081CED05AA42A0
:105A70002FD859009C464908A9422AD8FE24A405DB
:105A8000A04241D0022487173C40DF0F3C4321B3A2
:105A9000002A2CD0AA4243D0A94228D0891AC9157D
:105AA0003C2938DC002848DA3C3146DA0020012C59
:105AB0005AD0022C4AD07CB14BF62E51C3F2BB31E6
:105AC00000F0E8FC40F6DB71C4F2490101F0FAF99C
:105AD00002E0191C00F0DEFCF8BD022C0FD0181CEF
:105AE000032CF9D140F6DB70CCF24900F4E76346B1
:105AF00040F6DB70002B0BDBC3F6C970ECE740F619
:105B0000DB70C4F24900E7E7181C00F041F8E3E756
:105B1000CBF6C970E0E740F6DB70C3F6C970C6E7A4
:105B2000013C914225D00020022CD5D84BF6F863D9
:105B3000A400C0F60103E058CEE7011C181C00F0D9
:105B4000B3FEFFF701FE00F023F8B0E74BF62E514D
:105B5000C3F2BB3100F09EFC011C40F6DB70C4F2C6
:105B6000490001F0AFF9B7E780231B069C4660446B
:105B7000B2E7022C06D84BF60473A400C0F601036A
:105B8000E058A9E740F6DB70C3F64970A4E7C046C9
:105B9000F0B5A123C6464500060000B5041C6D08FB
:105BA000DB059D420ED3FF23DB059D4200D9A6E015
:105BB00040F6DB70002C00DCDBE0C3F6C97080BC73
:105BC000B846F0BD4FF6FF73C3F6DF639D4200D9C0
:105BD000ABE0C4239B059D4200D294E001235B42CD
:105BE0009846211C201C01F01DF8011C071C01F027
:105BF00019F846F6D711C3F68541051C01F012F8D5
:105C00004DF65921C3F64B5100F044FC291C01F01C
:105C100009F846F63531C3F6885100F03BFC291CE3
:105C200001F000F842F66E61C3F6BA5100F032FCA2
:105C3000291C00F0F7FF44F62511C3F6126100F0AD
:105C400029FC291C00F0EEFF4AF6AB21C3F6AA613D
:105C500000F020FC391C00F0E5FF4AF22121071C6E
:105C6000CBF61551281C00F0DDFF4FF26B11C3F687
:105C70006E5101F027F9291C00F0D4FF48F295710C
:105C8000C3F69D5101F01EF9291C00F0CBFF48F628
:105C90003861C3F6E35101F015F9291C00F0C2FF89
:105CA0004CF6CD41C3F64C6101F00CF9291C00F013
:105CB000B9FF011C381C00F0EDFB211C00F0B2FF05
:105CC0004346013358D043469F004BF61073C0F64D
:105CD0000103F95801F0F6F84BF62075211C01F08C
:105CE000F1F8C0F60105011C785901F0EBF8002E1F
:105CF00000DB64E780231B069C4660445FE7011CD1
:105D000000F0C8FB5BE74FF2CA21C7F2491100F06F
:105D1000C1FBFE218905F6F7B9FA0300201C002B10
:105D200000D04CE7013B98465BE7FFF70DFD4FF6CF
:105D3000FF73C3F69773041C9D4222D84FF6FF737E
:105D4000C3F62F739D4242D8011C00F0A3FBFE2135
:105D5000890501F0B7F88021051CC905201C00F059
:105D600099FB011C281C00F09FFD40F20008041C58
:105D700037E7CBF6C97022E7011C201C01F0A2F81E
:105D80001DE74FF6FF73C4F21B039D4215D8FF2198
:105D9000890501F097F8FF21051C8905201C00F0FA
:105DA00041FFFE21890500F075FB011C281C00F055
:105DB0007BFD40F20208041C13E7011C0020CBF617
:105DC000807000F071FD40F20308041C09E7FE2119
:105DD000890501F077F8FE21051C8905201C00F0DB
:105DE00059FB011C281C00F05FFD40F20108041C57
:105DF000F7E6C046F0B5FF21C6464300020000B5F5
:105E0000041C5B08C9058B4254D2002B4FD00028DC
:105E100059DBC315014208D1802100230904520037
:105E20001C0001330A42FAD0634280241E00520251
:105E3000520A24047F3E1443DB0742D580221921F5
:105E400000270025761064005204A8182300A04201
:105E500002DC8518231ABF1801395C00520800299A
:105E6000F3D1EBB14BF634744BF63075C0F6010448
:105E7000C0F60105206829682368984601F022F8D9
:105E8000011C4046F6F7F8F950B12068296800F087
:105E900001FB2468011C201CF6F7E4F9D0B102379D
:105EA000FC239B059C467F106744F005C01980BC0D
:105EB000B846F0BD011C00F0B5FE211C00F0EAFA66
:105EC000F5E76400BAE7011C00F0FCFF011C00F0DC
:105ED000EBFCECE7012301379F43E1E741F6EC439C
:105EE00058220120C2F2000340421A607047C046A7
:105EF00041F6EC4358220120C2F2000340421A60EE
:105F00007047C04641F6EC4358220120C2F200031C
:105F100040421A607047C04641F6EC435822C2F234
:105F2000000300201A60704741F6EC43582201201C
:105F3000C2F2000340421A607047C04641F6EC438B
:105F400058220120C2F2000340421A607047C04646
:105F500041F6EC4358220120C2F2000340421A608D
:105F60007047C04641F64852C2F200020300106872
:105F700010B1C3181360704741F64C50C2F20000D4
:105F8000F7E7C046FEE7C046F0B54FF6FF750400E0
:105F9000CE462C40474615400E002900994680B554
:105FA000130C0700000C61434543584363430C0C3A
:105FB0005B19E4188C46A54203D980235B029846FE
:105FC0004044230C61461B184FF6FF7008404946B9
:105FD00056437943240489192018C918C0BCB9460E
:105FE000B046F0BD9E2110B5C905041CF6F758F95E
:105FF00018B9201C01F0BAF910BD9E21201CC9055A
:1060000000F060FF01F0B2F980231B069C4660445B
:10601000F2E7C046F8B501224FF6FF730D00040009
:106020005242C0F21F03802112196B41C9038B42F7
:106030001CD24FF6FF71C0F23F018B4214D02800F2
:1060400003F05CFA00230022C4F2F01302F0F6FA27
:1060500006000F00200003F07DFA32003B0001F043
:1060600039FA03F09BFAF8BD0232E8D940F2FF7327
:106070002342E4D040F60001E30ADB0219430C009E
:10608000DDE7C046F8B557464546DE464E460C00AD
:10609000E0B5924605009B46170080468946002BD6
:1060A00052D18A4200D875E01000F6F749F9050090
:1060B00060B1202341461B1A2200D94082400B00C8
:1060C0001343994643468340874098463C0CB9FBAE
:1060D000F4F24FF6FF7013003840434321009C4612
:1060E0004B465143591A434609041B0C0B439C452C
:1060F00009D9DB19511E9F4200D93DE19C4500D8CA
:106100003AE1023ADB1961465B1AB3FBF4F14C4306
:1061100046461B1B4FF6FF7448431B0434401C4388
:10612000A04200D904E1241A1004084300210A9B6C
:1061300023B1EC401C6000230A9A5360F0BCBB46BC
:10614000B246A946A046F8BD8B4207D90A9B13B1B7
:106150000A9B1860596000210020EFE71800F6F74D
:10616000EFF8010000285CD1A34502D3AA4500D96D
:106170005FE15346EB1A5A469D42AD41A41A6D4267
:10618000621B914601200A9A002AD7D013604B4621
:106190005360D3E7002A00D1D3E01000F6F7D0F81F
:1061A0000500002800D0EBE04FF6FF703B0C99464D
:1061B0000121E41B3840B4FBF9F302005A43944632
:1061C0004A465A43A41A42462404120C22439445D8
:1061D00007D9D2195C1E974202D8944500D931E103
:1061E00023006446121BB2FBF9FC6446664660431A
:1061F0004C4674434646121B4FF6FF74120434405B
:106200001443A04208D96246E419013AA74202D8D1
:10621000A04200D910E19446241A1804634618439A
:1062200085E720275B4652463F1A8340FA401A43CF
:10623000534683409A462B009446FB4022008440FC
:10624000234399466346FA4085404FF6FF74604603
:106250001B0C0440B2FBF3F0A84605006543AB46B7
:106260001D004543551B4A462D04120C2A439345F5
:1062700009D96244451E944500D9D8E0934500D819
:10628000D5E0023862445D46521BB2FBF3F56B4326
:106290004E46D21A4FF6FF736C4312043340134339
:1062A0009C4209D963446A1E9C4500D9BDE09C42CA
:1062B00000D8BAE0023D63444FF6FF721B1B140086
:1062C000000428430440A34654465E4622405643F9
:1062D000B1465E46050C240C6A43654374434E4642
:1062E000360CB346A4185C44A24203D98022520261
:1062F00093465D44220C4E4652194FF6FF75240416
:106300003540641993427CD379D00A9D75B14546D6
:106310002C1BA045AD419B1A6D425B1B1A00CC4063
:10632000BA40CB400A9922430A604B60002105E73E
:10633000E4194B1EA74221D8A0421FD90239E41903
:10634000F1E6CC07400820434FF6FF74EA074B08FC
:106350009046B3FBFAF1020C1B041A430440B2FB53
:10636000FAF3120414430020002240F200091F2512
:106370000904A41A19431EE70A00C4E61900D2E66C
:1063800020224146121A2300D140D34084400A0003
:106390002243924642468740824090463A0C9146BC
:1063A000B3FBF2F449464FF6FF7061432200591ADD
:1063B00053463840424309041B0C0B439A4244D9CC
:1063C000FB18611E9F4226D99B1AB3FBF9FC62465B
:1063D000424366464C46744356461B1B4FF6FF74B9
:1063E0001B0434401C4363469442C1D2E419013B70
:1063F000A742BDD89442BBD2013BE419B8E7A045FF
:1064000083D25546651BAC42A44164426444121BCE
:1064100001382C0079E79A42D6D9BA1AD318B3FBBF
:10642000F9FC6246A11E4243D3E7150044E7280069
:1064300029E700202B00A6E6022252429046E419EA
:10644000C444E9E6023BD219CBE69B1AB3FBF9FC44
:10645000624621004243BCE7F8B5CE46474680B5C8
:106460009146984604000D0003F01EF907000E0047
:1064700002000B0048464146FFF786FD241A8D4175
:10648000089B380031001C605D60C0BCB946B04656
:10649000F8BDC0464A02F8B5530ACE4699464B00AD
:1064A000C90F4746884646004502360E1B0E80B58A
:1064B000C40F6F0A9209AD09F11A44454BD0002967
:1064C00038DD002B00D174E0FF2E00D1BDE0802329
:1064D000DB041A431B2900DCFCE0013D6B0100D406
:1064E000AEE001256D42AD01AF093800F5F728FF98
:1064F0003B0005388340864200DCD2E0B84D311ABB
:106500001D405A0700D19DE00F221340042B00D1FB
:1065100098E004356B0100D494E0481CFE2951D169
:10652000FF200023C0051843E4072043C0BCB94640
:10653000B046F8BD002949D0991B002E71D1002D1D
:1065400000D132E14C1E012900D157E1FF2900D1D1
:106550004AE121006BE0002900DC80E0002B54D1EF
:10656000002A6FD04B1E012900D12AE1FF296CD0EF
:106570001B2B4FDC190020235B1A10009A40C840E7
:10658000531E9A410243AD188023DB041D4200D103
:10659000ACE0711CFE2EC3D001206A082840914D4A
:1065A000154005436A0700D08AE01D42B5D1EF08C7
:1065B00033E0002A46D04B1E012965D0FF2944D084
:1065C000190087E7C0B2AB015B0AABE740F2FE0CF3
:1065D0006046731C184200D092E0002E00D0E7E025
:1065E000002D00D118E1C2B18023AF1ADB041F4295
:1065F00000D140E1551B4446002D00D187E0012029
:106600001D42E0D10021EF0807E0FF2E1DD01B291D
:1066100000DC94E031000535EF087B025B0AC8B26C
:1066200080E7FF2B00D1DFE08020C00405431B2959
:1066300000DC88E0551E44461E00690100D550E785
:1066400031000435EF08FF29E7D1002F00D167E7BB
:106650008023DB033B435B02FF205B0A62E70029E8
:1066600058D0991B002E00D089E0002D00D19DE06C
:106670004E1E012900D1A4E0FF2900D1B5E01B2E58
:1066800000DDB7E0310081E0AA1A530100D4AEE08A
:106690009701BF093800F5F753FE3B0005388340EA
:1066A00001261D00811B20200131CD40411A8B4065
:1066B000591E8B411D4355B300216B0700D1EDE0FE
:1066C0000F232B40042B00D023E76B0100D524E7D8
:1066D000EF08A2E720235B1A10009A40C840531E1F
:1066E0009A410243AD1A6B0100D5FCE66B0700D15D
:1066F000D2E00F2331002B40042B00D009E7A1E7A3
:10670000AF1A7B014ED4002F00D0EEE6002400200B
:10671000002307E7FE23711C0B4221D1002E00D07D
:1067200080E0002D00D19CE0002A00D1AFE0AB1842
:106730005A0100D4ADE09B0101205B0AF2E6802300
:10674000DB041A4317E720242800C840611A8D4053
:1067500029004C1EA141014344461E00551AC2E7C0
:10676000FF2900D1DCE6AF187F087B0705D00F2397
:106770003D1D3B40042B00D064E7FF084DE7FF2B95
:1067800033D01B2936DC8020C00405432800202696
:10679000C840711A8D4029004D1EA94101431E00B9
:1067A0008D18F1E64446571B9FE64446150049E71D
:1067B000002D44D1002A63D180230024FF20DB0375
:1067C000B0E6AA18530112D5064F520817405307D6
:1067D00041D00F231340042B3DD002213D1D31E752
:1067E000FFFFFFFBFFFFFF7D44464F462DE70121E2
:1067F000D70812E705321900D7080EE7571B7B01AF
:1068000035D5BF01BF093800F5F79AFD3B000538C3
:1068100083404446013644E7002A00D176E74446E7
:106820004F46FAE6002DE0D08023DB03B2B19F4251
:1068300000D20DE7994500D30AE74F4608E78023C9
:10684000DB035AB19F4200D202E7994500D3FFE62D
:1068500044464F46FCE60221FF08DEE6FF203B43AC
:1068600060E6002A00D152E70021D708D5E6444669
:106870000121FF08D1E6002F00D07EE7002446E783
:1068800080234A46DB034446FF2013434AE60021A7
:10689000C3E60021DF08C0E63100D3E601206A012B
:1068A00000D58FE62A00DFE7F0B546464F46D646CC
:1068B000C0B547004502C30F3F0E98460E1C6D0A37
:1068C000002F5AD0FF2F21D0802340F2000940F240
:1068D000000AED00DB041D437F3F730074021B0EB2
:1068E000640AF60F03B3FF2B43D080220020E4009C
:1068F000D20414437F3B4246FF1A4B4672400F2B93
:1069000000D99CE070499B00CB589F46002D59D17F
:10691000730074021B0E40F20809FF2740F2020ABE
:10692000640AF60F002BDED1002C3AD10123424637
:106930004946724019430E2918D8644889004158C5
:106940008F465346022B00D1B7E0032B6DD0424651
:106950002C00012B3FD100200024C0052043D2078A
:106960001043E0BCBA46B146A846F0BDFF20002463
:10697000F3E704BB0223FF3FD9E72DB940F2040936
:10698000002740F2010AA8E72800F5F7D9FC76278E
:10699000431F7F429D4040F2000940F2000A3F1A27
:1069A0009BE72000F5F7CCFC431F9C4076235B421D
:1069B0001B1A00209FE703234A461A4391460320EF
:1069C000FC3398E740F20C09FF2740F2030A84E702
:1069D00003282CD0320038007F30002847DD6307C1
:1069E00004D00F232340042B00D00434230103D50B
:1069F0003800374B80301C40FE28B7DCA401640A05
:106A0000C0B2AAE780240022FF20E403A5E7802388
:106A1000DB031D4201D01C420BD08024E4032C4335
:106A200064024246FF20640A97E746462C00802312
:106A3000DB031C4364023200FF20640A8DE76D0112
:106A4000600185422DD21B230024013F012629002D
:106A500064006D00002901DB854201D32D1A344307
:106A6000013B002BF3D16B1E9D412C43B3E7012367
:106A70001B1A1B2B00DD6EE721009E37D940BC405E
:106A80000B00611E8C412343590704D00F2119408C
:106A9000042900D00433590113D49B0100205C0A5F
:106AA0005BE71A2301242D1AD0E7981E4342584170
:106AB000404232000024C0B24FE74246FF2000248B
:106AC0004BE70120002448E738BF010878BF0108E0
:106AD000FFFFFFF770B542004E024C0045026D0A01
:106AE000120EC30F760A240EC90FFF2A0FD0FF2CF7
:106AF0000BD00120A24209D1B54207D18B420FD061
:106B000022B92800431E984100E0012070BD0120F9
:106B1000FF2CFBD13543002DF8D14B401800F5E791
:106B20000020F3E730B5420044024D02C30F480095
:106B3000640A120E6D0A000EC90FFF2A12D0FF2838
:106B400006D0BAB930B925B34CBB4800013830BDC6
:106B500015BB0AB9002CF8D08B4217D001205B423C
:106B60001843F4E7C4B9FF28F8D1ADB900208B422F
:106B7000F4D1ECE70028F1D08B42EFD18242EDDC7A
:106B800004DBAC42EAD80020AC42E0D25800013825
:106B9000DDE7002CDBD0E1E702204042D7E78B4263
:106BA000DCD1EEE730B5420044024D02C30F48008D
:106BB000640A120E6D0A000EC90FFF2A11D0FF28B9
:106BC00006D0A2B930B9BDB144BB480001380DE0D0
:106BD0005DB90AB9002CF8D08B4209D158000138B0
:106BE00004E014B9FF2803D1A5B1022030BD30B9AB
:106BF00001205B421843F9E7002CF7D0F8E78B42FD
:106C0000F6D18242F4DCE9DBAC42F1D80020AC42A0
:106C1000ECD2E3E700208B42EAD1E7E78B42E7D1F1
:106C2000F2E7C046F0B54F464646D6464500440218
:106C30002D0EC0B5640A0E1CC70F002D00D1CDE08B
:106C4000FF2D74D0802340F2000940F2000AE400D6
:106C5000DB041C437F3D73025B0A984673001B0EE6
:106C6000F60F002B73D0FF2B00D1AAE07F3BED186D
:106C70004B460A2B00DD86E043468022DB00D2042F
:106C80001A434B46904677400022022B0FDD4946BF
:106C900001238B4040F23051194200D073E040F2A2
:106CA0004021194200D0D9E08821194268D14FF61D
:106CB000FF72210C43461440404626001B0C024044
:106CC00056435C434A435943A418330C1B199A4258
:106CD00003D980225202944661444FF6FF701A0491
:106CE000304012189401601E84411B0C920E5B18F8
:106CF00014439B011C431B0100D5CDE02B007F33C7
:106D0000002B00DCAFE062070BD00F2229002240ED
:106D1000042A06D00434220103D5694B1C400B0021
:106D20008033FE2B61DCA201520AD8B21FE0002C96
:106D300000D08DE073025B0A984673001B0E40F290
:106D40000809FF2540F2020AF60F002B8BD14346BB
:106D5000002B5AD14A4601331A43914613000A2A9E
:106D600011DC01227740022B91DC00200022C005BB
:106D7000FF0710433843E0BCBA46B146A846F0BD11
:106D80003700444692465346022B2ED0032B11D097
:106D9000012BEAD02B008033691C002B64DD6207D5
:106DA000B9D00F222240042AB4D1B4E70F2A78D0F8
:106DB000370044468022D20322435202FF20520A67
:106DC000D5E74346FF359BBB4A46023313430A2BA4
:106DD000D9DC77404AB19946022258E744B940F2DB
:106DE0000409002540F2010A35E7FF200022BEE732
:106DF0002000F5F7A5FA7625431F6D429C4040F22E
:106E0000000940F2000A2D1A25E74046F5F798FAE6
:106E10004B462D1A763D0A2BB5DC43460538834098
:106E200098464B4600227740022B00DD2FE73EE7D5
:106E300003234A461A4313000A2AB7DC01229A4068
:106E40008821130077400322194200D12FE797E7EA
:106E500040F20C09FF2540F2030AFCE680220027DD
:106E6000FF20D20383E729000122D31A1B2B00DD68
:106E70007BE79E3122008C40DA40631E9C41224316
:106E8000530704D00F231340042B00D004325301C6
:106E900012D5012000226AE7012362081C40144336
:106EA00078E78022D203144284D04346134281D132
:106EB0003700FF201A435AE792010020520A56E792
:106EC000FFFFFFF7F8B54746CE464B02460080B5B8
:106ED000C40F4702580A844648007A0A360EBF0992
:106EE000000ECD0F9B09FF286DD001214D40311AB6
:106EF000AC423AD0002900DC9AE1002800D19EE0A3
:106F0000FF2E00D189E08022D20413431B2900DC2C
:106F1000F6E0013F7A0100D47AE001277F42BF0109
:106F2000BB0998464046F5F70BFA434605388340BF
:106F3000864200DCCCE0B34F311A1F405A0769D0BB
:106F40000F221340042B65D004377B0162D5481C07
:106F5000FE2900D081E0FF200023C0051843E4078C
:106F60002043C0BCB946B046F8BD002900DC77E13B
:106F7000002876D1002B4DD0481E012900D145E1D3
:106F8000FF294AD01B2871DC01001A002020CA40CA
:106F9000411A8B40591E8B411343FF188023DB0499
:106FA0001F4200D1B8E0711CFE2ED4D001229648B9
:106FB0003A407F08074017437A0700D096E01F4207
:106FC000C5D1FA0855E03100FF39894673BB40F25C
:106FD000010841464D40AC4200D1B3E0494600298A
:106FE0004BD0002E00D0F6E0FF21002F00D105E1AC
:106FF0004A1E012900D153E1FF2900D13FE11B2A9C
:1070000000DC21E15F1E2C0006007A0100D584E738
:1070100031000437FA08FF292BD1002A9BD08023A6
:10702000DB0313435B02FF205B0A96E7AC4200D10F
:10703000A5E011B3002ED7D062462C00EFE7002B5D
:10704000E8D0481E012936D0FF29E6D001005DE7CF
:1070500001203B007A0100D453E1C0B2BB015B0ABE
:107060007BE7FF2ED9D01B2900DC9DE031000537DE
:10707000FA0853025B0AC8B26FE7FE20711C08428F
:1070800054D1002E00D0AFE0002F00D100E1002B42
:1070900000D1F7E08021FA1AC9040A4200D137E191
:1070A0000124DF1B2C40002F49D001200F42D5D1F5
:1070B0000021FA08DDE7FF1A7B0100D4DCE0BD0106
:1070C000AD092800F5F73CF92B000538834001266F
:1070D0002022811B0131521A1F009340CF405A1EBB
:1070E00093411F435FB300217B07B1D00F233B4087
:1070F000042B00D028E77B0100D528E7FA08B8E781
:107100001A002020CA40411A8B40591E8B4113435C
:10711000FF1A7B0100D502E77B0700D109E10F23AD
:1071200031003B40042B00D00EE773E7FA1A90467B
:10713000520154D44346002B00D0F3E60024002033
:1071400000230AE74946D9B1002E00D003E7FF210A
:10715000002F54D04A1E012958D0FF2900D18FE0BA
:107160001B2A00DD90E011003A002025CA40691A70
:107170008F40791E8F4117430600FF180EE731BB81
:10718000FE20711C084213D1002E00D096E0002F83
:1071900000D1B2E0002B75D0FB185A0100D4B0E04A
:1071A0009B015B0AFD38D8E68022D2041343ECE64B
:1071B000FF2900D1CFE6FA185208530705D00F2354
:1071C000171D1340042B00D024E7D20851E7002EEE
:1071D000BDD0624623E72C00FF200023BDE601243A
:1071E000DB1B98462C409DE6002F74D1002B00D06D
:1071F00094E080230024FF20DB03AEE62C001F0078
:1072000008E7C046FFFFFFFBFFFFFF7DFB185A01A9
:1072100000D48BE0494A5B081A40590700D18AE044
:107220000F210B400D39042BCFD00221171DF1E6A1
:10723000002900D121E7821B1100002E00D1D4E6E5
:107240008021C9040F43DAE639002024D140A21A74
:1072500097407A1E97410F432C000600DF1B58E72A
:1072600000298DD0811B002E00D171E71B290BDC7A
:107270008022D204174377E70121FA08F9E62C00AF
:107280006246CAE60021F4E605330100DA08F0E6BA
:10729000002B00D152E70124002162462C40E8E691
:1072A000DA1B530130D5920194092000F5F748F814
:1072B0002300053883402C00012609E7002FDFD08A
:1072C000B3B18023DB039A4200D2A8E69C4500D3E9
:1072D000A5E66246A3E65BB18023DB039A4200D2B7
:1072E0009DE69C4500D39AE6012462462C4096E632
:1072F0008023DB03FF2013432FE60020002B00D167
:107300002BE60021DA08B4E62C000121D208B0E611
:10731000002A00D112E70021D208AAE680236246A3
:107320000124DB03FF2013432C4016E60121DA0879
:107330009FE631006EE60221D2089AE6FFFFFF7D4C
:1073400043024A02400049005B0A520A090E000E3D
:10735000FF2806D00020FF2902D1531E9A411000B9
:107360007047FE38002BFBD1F4E7C04641024200D3
:10737000C30F490A0020120E7E2A03DD9D2A02DD7A
:10738000094A98187047802000040143952A07DCB9
:107390009620821AD1404842002BF3D10800F1E731
:1073A000963A9140F7E7C046FFFFFF7F70B590B176
:1073B000C317C5185D40C40F2800F4F7C1FF9E2312
:1073C0001B1A962B0FDC082838D0083885406D0230
:1073D0006D0AD8B202E0002400200025C005284331
:1073E000E407204370BD992B14DC421F95402A000E
:1073F0001449114055071CD00F252A40042A18D0E3
:107400000431CA08490115D59F235202181A550A9A
:10741000C0B2E3E7020029001B3291404A1E9141AD
:107420000522121AD5402A000A4306491140550781
:10743000E2D1CA085202550AD8B2CFE76D026D0AEE
:107440008E30CBE7FFFFFFFB10B5040068B1F4F707
:1074500077FF9E231B1A962B0CDC082834D00838A3
:1074600084406402640AD8B201E000200024C00510
:10747000204310BD992B13DC421F9440144A224034
:1074800061071CD00F212140042918D00432D408F0
:10749000520115D59F236402181A640AC0B2E6E7A8
:1074A000020021001B3291400A00511E8A41052131
:1074B000091ACC401443064A22406107E2D1D4089D
:1074C0006402640AD8B2D2E76402640A8E30CEE75E
:1074D000FFFFFFFBF0B54F464646D646C0B50D034D
:1074E00082B0009201934E00C300CC0F690A450F91
:1074F0009C46009A019B0D435F001903D80F009B27
:10750000009A490A760D7F0D5B0F0B43D200F11BE9
:1075100084425CD0002915DD002F00D08FE01800D8
:107520001043002800D16AE1481E012900D1D2E2AF
:1075300040F2FF77B94200D150E1382800DD7BE20C
:1075400001006EE1002900D1BBE0B91B002E00D084
:10755000EFE164462C43002C00D190E24C1E01293F
:1075600000D1F0E240F2FF76B14200D1C3E2382C04
:1075700000DC61E3541EA242924152429D1AA04691
:107580000E0004002B026CD443461F1D47459B414F
:107590005B42ED182B0200D4A5E340F2FF730136E5
:1075A0009E4200D1F4E0C54A33402A405107FF080B
:1075B00052020F43120B1B051343E4072343380009
:1075C000190002B0E0BCBA46B146A846F0BD002999
:1075D00000DCE2E0002F00D0A3E0180010430028F8
:1075E00000D10CE1481E012900D154E240F2FF779E
:1075F000B94200D1F2E0382800DCBCE280231B0451
:107600000E001D4200D14DE31D0040F2000840F283
:10761000FF7301369E4200D1BAE0A84B01211D4004
:1076200043465A081940EF070A4317436D087B0782
:10763000B0D00F233B40042BACD0B846A4E740F2B7
:10764000FF70864200D1C9E0382900DCE6E0012362
:107650005B4263449C45804140422D1A98462B0270
:1076600092D501234FF6FF755B429846C0F27F0525
:107670002800F4F765FE0100083920224046531A1D
:10768000D840030040468D4088402B438046B1429D
:1076900000DA78E1881B41460130121A45469140D4
:1076A000C5404E1EB1411F009740C34029430F43C0
:1076B0001D003B002B430026002BB8D100270022E1
:1076C00079E740F2FE77711C0F4200D01DE1614660
:1076D0001F0029431743002E00D0D4E1002900D118
:1076E00042E2002F00D109E16146891A8846C4456B
:1076F000B641E91A7642891B80263604314200D110
:10770000C8E26146511A8A4292410F005B1B524205
:107710009A1A1743002F00D0ECE204000023002245
:1077200049E740F2FF70864258D0382900DD4BE12E
:107730008020000403431F2900DDE5E12027781A9B
:10774000824618005746B840814610004F46C84050
:10775000074338005746BA40CB40571EBA41ED1890
:10776000024362449046E045804140422D182B027E
:1077700000D54CE743465B0700D1B7E20F234246F2
:107780001340042B00D0FFE631004346DA0838E00E
:1077900040F2FF73002200270DE7002900D18FE09F
:1077A000B91B002E00D036E160462843002800D1E6
:1077B00025E2481E012900D155E240F2FF76B14290
:1077C00000D17EE2382800DC8BE280252D042B429C
:1077D00000D197E20E0040F2000818E763466E07FA
:1077E000D8080643ED0837002F439FB180223700A9
:1077F00012032A431203120B40F2FF73DBE66346C7
:10780000DA0840F2FF736E071643ED089942EAD09A
:107810003700D3E040F2FF730022CCE68020000462
:1078200003431F2900DDB6E02027781A824618009E
:107830005746B840814610004F46C84007433800BD
:107840005746BA40CB40571EBA41ED1A0243634631
:107850009B1A9C458041984640422D1A2B0289D59F
:107860006D026D0A002D00D002E74046F4F768FD76
:10787000010018311F2900DCFFE643460838834029
:107880008E4200DD95E0891B481C1F2800DCE6E1E4
:107890001F001F39CF40202805D04022121A9340E4
:1078A0005A1E93411F43002F40D000267B0700D073
:1078B000BFE63500B846310067E7C046FFFF7FFFEF
:1078C00040F2FE70711C084200D086E061462943F8
:1078D000002E00D076E11F001743002900D1D2E12D
:1078E00067B1624462458041ED1840422D182B0279
:1078F00000D5EDE117002F439446BFB163466F07F3
:10790000D80800210743ED0858E06146891A8846E7
:10791000C445BF41E91A7F42C91B0F0200D5A4E04C
:1079200047460F430D00002F9CD100240023002266
:1079300041E640F2FF74A74200D1DCE0382900DDC7
:1079400087E08024240425431F2900DDEAE0202667
:10795000741AA1462C004E46B4406646CE403443CD
:10796000A04666464C46A640CD40741EA6414446FD
:107970005B1B3443111B8A429241524288460400E9
:107980003E009D1A6AE7D14D761A1D4003005B0741
:1079900000D0F3E6F8E608001F002038C740202991
:1079A00003D04020411A8B401A43531E9A413A4358
:1079B0004DE7C64A711A13405F07DD0840F2FF73B6
:1079C0002A03120B0B40F6E580231B041D4200D056
:1079D0001AE640F20108E044D6E540F2FF70814229
:1079E00000D1D5E6624462458041EB1840421B1845
:1079F000D8075208104380465D08520705D00F2271
:107A00000E000240042A00D0BEE542466F07D208AD
:107A100017431D09D2E740F2FF70874200D1CCE046
:107A2000382900DCA9E080252D042B4200D143E158
:107A30003E0040F20008EAE501235B4263449C45B6
:107A4000804140422D1A98460E002B0200D508E6D0
:107A50009AE5511E8A42924152429D1A884604007C
:107A60003E002B0200D5FCE58EE56146511A8A42A4
:107A700092415D1B524288460400AD1AF2E60400B2
:107A80001D00D208BDE6002900D0BBE09FBB8022CC
:107A900000241203B0E6624462458041EB18404284
:107AA0001B1816001A0200D4C1E0884972080B4066
:107AB000D90711435F08520700D1F7E00F220A40AF
:107AC000042A00D1F2E00B1D98468845AD416D4275
:107AD0000221ED1959E661468A1A94458041ED1A52
:107AE00040422D1A90462B020CD46F07D308012177
:107AF0001F43ED0862E75E07D20804001643DD0865
:107B000071E604000126ABE608001F002038C740DC
:107B1000202903D04020411A8B401A43531E9A411A
:107B20003A431EE60C002E00203CE640202905D0FA
:107B30004024611A8D40614629438C466446611E8B
:107B40008C41344316E76146511A8A4292415D1BCB
:107B50005242AD1A88462B02D3D46F07CB080400DB
:107B600001211F43ED0829E7002F00D1DDE60400C5
:107B70001D009446C2E60100DDE5802000040543B7
:107B80001F295BDC2020401A804628004646B04072
:107B90006646CE400643B14660464646B040CD40BC
:107BA000461EB0414E465B19304380469044904596
:107BB000924152423E00D518D9E55E07D2081643DD
:107BC000DD0810E60029F8D06146CE0869070E43AB
:107BD00019001143ED08002900D104E680210903B2
:107BE0000D4206D0D808084203D10500D6085B072D
:107BF0001E43730FF600F6085B071E43F3E51D00F6
:107C0000D208FEE56146CE0869070E43ED08002F55
:107C100000D1E8E5802109030D42EAD0DF080F42D8
:107C2000E7D1D6085B0704003D001E43E1E75F078C
:107C3000F6083743DD08C1E6210085E608002E007E
:107C40002038C640202905D04020411A8D40614689
:107C500029438C466046411E88413043A5E72022D7
:107C60000021121A1FE561468E1896429241EB18C8
:107C700052429B181A0200D517E75F07F608012148
:107C80003743DD089AE6002F00D14FE600211D00A2
:107C900090467AE547460F43002F00D145E60D0098
:107CA000C4462BE640F20108E0446DE4C9087F07B2
:107CB0000F431D09022181E6013290461D003E005E
:107CC00062E4D6085A071643DD088CE5FFFF7FFF04
:107CD000124BD2082B405F0717435A02120B0123A5
:107CE00069E401004CE73100B8464EE543463100F7
:107CF000DA0886E532420AD0084B04001A400F0029
:107D0000012353E4013290461D000E003CE4C908F3
:107D100057070F4304000021D5084FE6FFFF7FFF00
:107D2000F0B5DE46454657464E46E0B589B000926E
:107D300001930B031B0B9B464B00CA0F5B0D04000A
:107D400080460392002B00D1C8E040F2FF729342BC
:107D50003AD05946420FC9000A4380210904114311
:107D6000C20090468E4A894692469A4400230024D7
:107D70000493009E019F3B031B0B9B467B005B0D06
:107D80003000FD0F002B00D186E040F2FF729342DD
:107D900000D173E05946720FC9000A4380210904DB
:107DA00011438B467E4900208C4651466344CB1AD2
:107DB0009A46F200039B6B40DBB20F2C00D9F9E02E
:107DC0007849A40009598F465B4603439946002B26
:107DD00000D0BCE0023340F20008082440F2FF7AF1
:107DE0000493C6E72B000022002440F2000812058D
:107DF0002243DB071A434046110009B0F0BCBB46E2
:107E0000B246A946A046F0BDCB464246039D049823
:107E1000022800D130E2032800D1A7E00128E1D0F8
:107E200040F2FF3757443E1E00DC44E2530704D0C3
:107E30000F231340042B00D0CFE22B00D1085A4669
:107E4000D20106D55846584A40F2004610408346B3
:107E5000564440F2FE7296420ADC5A4652070A43E2
:107E600090465A46540240F2FF72240B3240BEE75D
:107E700040F2FF72002440F20008B8E75A46009B27
:107E80001A434A4B9C46E244002A5BD1022340F24B
:107E9000000B02201C438DE75A46009B1A43002A20
:107EA0004AD05B46002B00D1D7E15846F4F748FA98
:107EB000020003000B3A1D27009EBA1A190058460B
:107EC000D64008398840320002439346009A8A40DF
:107ED000534440F2F33A00209A446BE75B46034375
:107EE00099460BB35B46002B00D1A4E15846F4F74A
:107EF00027FA0B235B429C460200844466461D23FE
:107F00009B1B260011005846DE400839884033008C
:107F10000343994623008B409846254B00249B1A27
:107F20009A460023049324E7012340F20008042426
:107F300040F2000A04931CE7012340F2000B0120E9
:107F40001C4337E70323320003201C4332E703239B
:107F5000D9460C2440F2FF7A04930AE780240023D8
:107F600040F20008240340F2FF7240E780245B46A1
:107F700024031C4324032B009046240BF3E78024A6
:107F80004B462403234202D05B462342F1D0802497
:107F90004B4624031C432403039B240BE3E7C04606
:107FA00001FCFFFFB4BF0108FFFFFFFE01F8FFFF68
:107FB0000DFCFFFFCB4500D232E100D12DE10121C4
:107FC00049428C46002440464946E24400945C46BF
:107FD000150E120204924FF6FF7224022543240C60
:107FE000B1FBF4F72A402E00039525007D43491B81
:107FF00009048846454694467A43010C29438A423F
:1080000007D9B1467D1E4944A8468E4200D84CE1AE
:108010004746891AB1FBF4FB65465A466A435D46FA
:108020004FF6FF796543491B4D4609040540294336
:108030008A4208D9039D5846A846414401388D42DA
:1080400000D828E183468A1A59463F0439438B46B3
:10805000049D0F0C280C4FF6FF7106000590584642
:108060000D4008402900069541437D43A8460D0C6C
:10807000A9467043404448447743804503D980254E
:108080006D02A8464744050CA84647444FF6FF78C2
:10809000454600040D404019BA4200D2A3E000D189
:1080A0009DE00099081AD11B009A40F2FF379046D4
:1080B0008045B641039A76425744891B3E008A4266
:1080C00000D142E1B1FBF4F265465543A8462500D4
:1080D0005543491B0904050C2943009188450FD9D4
:1080E000551E0795039D0099A946494400918D426C
:1080F00000D932E1884500D82FE14944023A009185
:1081000045460099491B88466546B1FBF4F14D434D
:10811000AC4645464C432C1B2404A0464FF6FF7446
:10812000044040460443A4450CD9039D481EA8467C
:1081300044448146A54200D90DE1A44500D80AE196
:1081400002394444604612040A43110C201A069C6A
:108150008C464FF6FF71250011404D43894661461C
:10816000A84665464C4305994D43AC464D464D43A4
:10817000291945462D0CA94649448C4203D980242F
:108180006402A146CC440C0C0904454664448C4668
:108190004FF6FF71294061448946A04210D30CD0AC
:1081A00001210A4393498A4500DA85E0111D914275
:1081B00092415242C908934441E6002900D1ACE003
:1081C000551EAC46039DA8464044A84200D29CE000
:1081D000A04200D2E9E000D1F8E06246E0E7009971
:1081E000814200D35DE70121494259448846049900
:1081F000009D89464D44A9460095039D89458941C6
:10820000A94649424944521895423CD2974200D966
:1082100089E000D183E0C34643E7424500D9CEE67A
:1082200048464446C0076408204344464946E4079C
:1082300049080094CBE6F4F783F840F2150C844427
:108240000200634620321C2B00DC57E6230008386E
:10825000834040F2000899465FE6F4F771F80200A7
:108260000300153220331C2A00DC24E6009908386C
:10827000814000228B462BE62B0040F2FF72002447
:1082800040F20008B3E59542C5D10499009DA9428A
:10829000BCD9C34605E78A4200D8D3E60220404253
:1082A0008046C344A8464144CDE68A4200D8AFE6A2
:1082B000023F4944ADE62B000121C91B382900DDEE
:1082C00091E51F294BDC40F21E44150054445846EA
:1082D000A240A040CD40541EA2412843024358462C
:1082E000C8400100500709D00F201040042805D0D5
:1082F000101D90429241524289180200080274D522
:108300000122002440F2000871E56246A04200D03C
:1083100046E70498814500D042E71D0083E50099B7
:10832000884200D877E70221494288460499C3442D
:108330008846009D4544A8460095039D884589418F
:10834000A846494241445218ABE6002F3BDD0122CA
:108350000021934473E54946F4E6079AD0E61F20CE
:108360005C464042C01BC4402000202905D040F29A
:108370003E415C4651448C402243511E8A410721B4
:108380000243080000241040114209D00831114076
:10839000042920D0111D914280410A00404240072B
:1083A000D20802439046002221E50499023A4D008A
:1083B000AC468C45AD416D42A846039D45444019ED
:1083C00065460495A2E70122524275E7049D4D459A
:1083D000EBD362469DE70020E2E7111D91429241F6
:1083E00052422B00C908934429E5480749020C0B67
:1083F000D6E7C04602FCFFFFF0B55746DE464E46C4
:108400004546E0B50D000400E80F8346D80F8246CC
:1084100040F2FF700903090B8C461F0369005E00E0
:10842000490D3F0B760D814219D0864210D00120B4
:10843000B1420ED1BC450CD1A2420AD1D3451ED0C7
:1084400039B9614611430A00531E9A41100000E0F9
:108450000120F0BCBB46B246A946A046F0BD0120B3
:108460008E42F6D1614639430F0017432743002F50
:10847000EFD15B465246981A431E9841E9E7002027
:10848000E7E7C046F0B557464E464546DE46E0B5FE
:108490000D000E034900490D8A4640F2FF7BE90FAB
:1084A00083B004008046019158001903DF0F914604
:1084B000BC46360B090B400DDA451DD058450CD093
:1084C00057465FBB344330BB0A43002A37D0002CE9
:1084D00042D163465800013816E01143002938D1D3
:1084E000534613B92643002EF3D0019B634507D1B1
:1084F000019B5800013807E0264356BB504521D068
:108500000120019B5F42384303B0F0BCBB46B2463A
:10851000A946A046F0BD002CDBD0E6E70028EFD04E
:10852000019B6345ECD18245EADCE1DB8E42E7D872
:10853000DED1C845E4D80020C845E5D2D8E7002CF4
:10854000E2D0DDE7114321B9019BBB42D8D1002025
:10855000DAE702204042D7E7019B6345E6D0CFE748
:10856000F0B557464E464546DE46E0B50D000E03D3
:108570004900490D8A4640F2FF7BE90F83B00400B1
:108580008046019158001903DF0F9146BC46360B17
:10859000090B400DDA451ED058450DD0574647BB54
:1085A0003443002834D10A43002A34D0002C40D16F
:1085B00063465800013815E0114391B9534613B989
:1085C0002643002EF4D0019B63451DD00120019B62
:1085D0005F42384306E026431EB95045F6D11143A9
:1085E000E1B1022003B0F0BCBB46B246A946A046AA
:1085F000F0BD0028EAD0019B6345E7D18245E5DC68
:1086000002DB8E42E2D80ED0019B58000138E9E728
:10861000002CCDD0D7E7002CE4D0D7E7019B002079
:10862000BB42DFD0D2E7C845D0D80020C845D9D258
:10863000EAE7019B6345E4D0C8E7C046F0B557467A
:108640004E464546DE46E0B51F000B031B0B984621
:108650004B00160087B0CA0F5B0D04000192002B7F
:1086600000D1C5E140F2FF72934200D128E14146BA
:10867000420FC9000A43802109041143C2009146F8
:10868000D84A88469346002540F2000A9B447A0067
:108690003C03FB0F520D3000240B0293002A00D143
:1086A00025E140F2FF739A4200D189E1CD4B9C460F
:1086B000624493440A2D00DD3AE1730FE4001C4349
:1086C00080231B042343F000019A029900264A40AC
:1086D0000192022D11DD012140F23054A940220007
:1086E0000A400C4200D023E140F240240C4200D06A
:1086F000DAE188220A4200D00CE24A464FF6FF74C3
:108700004946160C020C2140204014000D00744311
:10871000A1460C0007004543544302922A0C94469C
:108720007743E419A444674503D980225202924654
:10873000D14462464FF6FF74170C254012041C40CA
:1087400094462A001D0C23004B4362449C462300A0
:1087500073439A46634669431B0C51445B186E434E
:1087600003929A4503D98022520292465644190C2C
:108770008A194FF6FF7166460E40B446BA461B048E
:1087800063449A44049252460592424611400E00B8
:10879000170C4643784380463800B446360CB24640
:1087A000029A50434A4342445244904503D980269A
:1087B0007602B0464044160CB046664680444FF6FA
:1087C000FF701204304010180A0062437C436F436C
:1087D0004D43110C2D1949198C4203D98024640290
:1087E000A4466744059D4C46AC4664444FF6FF7C66
:1087F00066460D041640AA19049E9C429B41B4464D
:1088000024188442804162445B42D5184042A94604
:108810008446B24292419D429B41C144CC44524263
:108820005B42134384458041C145924140425242DC
:1088300010436246090C5B181B18DB195B02D20D52
:1088400003991A43904662020A43511E8A41E40D7D
:108850001443624652021443A146DB0100D580E076
:1088600040F2FF315944002900DC22E123005B077C
:1088700015D00F225B462240042A10D04A46101D14
:10888000484592418146524290444246D20106D523
:108890004146554A114040F200428846991840F23C
:1088A000FE73994200DDCBE04B464246DB0852079F
:1088B0001A4343465C0240F2FF73240B0B4042E034
:1088C000434603439946002B00D0E6E07A003C0380
:1088D000FB0F520D40F20008082540F2FF7B40F2EA
:1088E000020A3000240B0293002A00D0D9E62300AC
:1088F0003343002B00D1B0E0002C00D110E1200068
:10890000F3F71EFD030002000B3B1D20C31A3000CD
:10891000D84011000300300008398C4088402343C0
:1089200059468A1A31498B4693440A2D00DCCBE61E
:108930005346022B00D183E0032B37D0012B1BD1F0
:108940000023002400221000019A1B052343D207B4
:108950001343190007B0F0BCBB46B246A946A04677
:10896000F0BD01226308224013434246D20713435D
:10897000994643465B08984640F200415B4659449D
:108980000133002900DC95E04A46520700D17CE71C
:108990000F2248460240042A00D06FE775E70F2DEA
:1089A00000D1DDE0A046B146029B019380244346FE
:1089B0004A4624031C432403240B40F2FF73C2E7FE
:1089C000330023439344002B56D102222A430A2A20
:1089D000AEDC01990298414001918DB31500002051
:1089E000022678E601FCFFFFFFFFFFFE0DFCFFFF04
:1089F00043460343994643B34346002B00D19DE0D1
:108A00004046F3F79DFC0B235B429C4602008444E6
:108A100011004046083988401D23804660461B1AD5
:108A20002000D840030040460343984623008B4073
:108A30009946664B00259B1A9B4640F2000A26E6A3
:108A400040F2FF73002400227DE740F20008042575
:108A500040F2000B40F2010A19E6012215430A2DEB
:108A600000DD65E7019A02994A400192022D00DC7F
:108A700066E7002001262EE603231D430A2D8EDC27
:108A80000121019B029AA9405340882201930326A9
:108A900023000A4200D130E63CE081460C2540F23A
:108AA000FF7B40F2030AF2E50023802401932403B4
:108AB00083E75B460124641A382C00DD40E71F2C55
:108AC0005CDD1F2042464042411ACA401100202C62
:108AD00008D040F23E4C424663449A4013004A4656
:108AE0001A4391464A46531E9A41072318000A43E7
:108AF00000241040134209D008331340042B5ED0E9
:108B0000131D93429241524250071A00D20800238B
:108B1000024318E7029A98468146B246019207E757
:108B2000F3F70EFC03000200153320321C2B00DC8F
:108B3000EBE63300083883400020F1E6F3F700FC51
:108B400040F2150C84440200634620321C2B00DCEA
:108B50005EE723000838834040F20009984668E742
:108B6000802342461B031A4200D11FE71C4200D05B
:108B70001CE71C43029B320001931EE740F21E4C8F
:108B800041464A4663449940E24011434A469A406E
:108B9000531E9A4143460A43E340510709D00F212F
:108BA0001140042905D0111D9142924152429B1857
:108BB0000A00190205D5012300240022C3E6002083
:108BC000A4E758075B021C0BA0E7C0460DFCFFFFA3
:108BD000F0B557464E46DE464546E0B583B00090B8
:108BE00001910C034E000199760DCF0F610A009C94
:108BF000640F0C43009900920193C8001903019B74
:108C0000009A5B00D2005B0D99469446924640F272
:108C1000FF72019B490ADB0F9846009B83465B0F5E
:108C20000B43914500D176E0012145464D40494630
:108C3000A846711AAF4217D0002900DCACE24D46BD
:108C4000002D00D088E065461D43002D00D14AE18B
:108C50004D1E012900D1B5E2914200D13EE1382DEF
:108C600000DD55E2290050E1002900DCE7E24D4635
:108C7000002D00D007E165461D43002D00D132E1F3
:108C80004D1E012900D167E2914200D126E1382D25
:108C900000DC10E380231B040E001C4200D1B2E371
:108CA0001C00002540F2FF7301369E4200D110E106
:108CB0000122C14B2A401C4069081143E2070A43C4
:108CC0006408530709D00F231340042B05D0150067
:108CD0002A1DAA42AD416D426419230200D47FE3EC
:108CE000711C40F2FF76B14200D1F2E0B24B0E406F
:108CF0001C406307D20864021A43240B360526433E
:108D0000FF073E431000310003B0F0BCBB46B24643
:108D1000A946A046F0BDA94AB11862461A43002AE6
:108D200054D0474558D0002977D0002E00D188E193
:108D3000624647465D07D2081543D8082A00024319
:108D4000002A00D1DAE080242A002403044324030B
:108D5000240B40F2FF76D1E7964200D1BEE03829DD
:108D600000DCCFE0451EA84280414042241A230285
:108D7000AED54FF6FF740125C0F27F046D4220008E
:108D8000F3F7DEFA083820222900131AD94084406C
:108D90000B0085402343B04200DA4BE1801B0130D9
:108DA000121A2C009540C440691E8D411900914053
:108DB0000A00C34025432A431C0013002343002616
:108DC000002B00D07DE70022002497E745460122D2
:108DD0005540A8464745A6D1002900D1F0E0002E15
:108DE00000D08FE140F2FF7122000243002A00D13F
:108DF0009AE24A1E012900D1B1E240F2FF76B14267
:108E000000D17FE1382A00DC0DE3802424042342D2
:108E100000D10DE30E00002544E740F2FE71721C04
:108E2000114200D0F3E0624621001A430143002EB4
:108E300000D077E1002900D124E2002A00D1DFE050
:108E40006246851AA84292418026E11A5242891A46
:108E50003604314200D1BBE26246101A8445924189
:108E60001C1B5242A41A02000127434622431F4002
:108E7000002A00D1DBE0344200D1E3E24E4B020095
:108E800001261C4035E7964228D0382900DD14E140
:108E90008022120413431F2900DDA2E120221D00BD
:108EA000521A914695406246CA401543A84662460A
:108EB0004D46AA40CB40551EAA414546E4181543ED
:108EC0002D188542804140422418230200D5E9E64E
:108ED00037E040F2FF76002400220FE7C008650764
:108EE0000543E0082AE7C50863071D4340F2FF7306
:108EF000E008994200D121E72A00D8E040F2FF764D
:108F00000024FBE68022120413431F2900DDB6E093
:108F100020221D00521A914695406246CA401543D0
:108F2000A84662464D46AA40CB40551EAA4145463A
:108F3000E41A1543451BA84280414042241A2302EB
:108F40000CD46B0700D170E20F232B40042B00D010
:108F5000BEE63100ED08C7E7474601266402640A11
:108F6000002C00D00BE72800F3F7EAF903001830D3
:108F70001F2800DC07E7083B9D402B00864200DDF0
:108F800090E0811B481C1F2800DC15E22A001F39D5
:108F9000CA40202805D04021091A8B40591E8B4118
:108FA0001A430026002AABD0530700D08BE61500E9
:108FB00034003100ED0897E7FFFF7FFF01F8FFFF66
:108FC00040F2FE72711C0A427ED121000143002E44
:108FD00000D08BE162461A43002900D1F0E17AB15A
:108FE0006246851885428041E418404224182302D5
:108FF00000D50FE22A002243AB46002A00D17FE7CA
:109000005B466207DD0800212A43E0084FE0624624
:10901000851AA8428941E21A4942511A0A0200D52A
:109020008FE02A000A430C00002A99D1002700266D
:10903000002463E6D54C361A1C406B0784D13100FE
:1090400088E740F2FF7122000243002A74D04A1ED2
:10905000012900D11FE140F2FF76B14200D18EE13B
:10906000382A00DC94E16246551EAC4592415242DA
:109070009C1A47460E00230200D57AE628E60A002D
:109080001D00203AD540A846202905D04022521A7A
:10909000934062461A43924655466B1E9D41434695
:1090A0001D4347E7B94A311A13405A07D80840F21E
:1090B000FF760403240B0E4020E680231B041C4291
:1090C00000D0EDE5451C03E640F2FF72914200D16D
:1090D000FFE66246821882428041E3184042181837
:1090E000C507520815434408520700D4A5E10F22D2
:1090F0000E002A40042A00D0EAE5EA086407224369
:109100000009D4E762465D07D2081543D80815E682
:10911000451EA84280414042241A0E00230200D579
:1091200027E6D5E5002900D002E1002A00D061E160
:109130008024002724030CE6624647461C00D5081D
:10914000D2E66246151AAC4592411C1B01274346E4
:109150005242A41A1F4003E76246811881428041AF
:10916000E31840421B181A0200D402E1874A48085B
:109170001340D90701435A08400700D434E10F20B7
:109180000840042800D12FE10D1D8D42A441644206
:109190000221A418ED08A7E6002900D13DE64A46C1
:1091A000911B002E00D14EE738292DDD6246551E59
:1091B000AC45924152429C1A47464E46230200D586
:1091C000D7E585E56246851AA8428041E41A404207
:1091D000241A230200D5C0E66207ED082A43E008FE
:1091E00065E70A001D00203AD540A846202905D091
:1091F0004022521A934062461A43924655466B1ECD
:109200009D4143461D435BE680222F001204144318
:109210001F2926DC20222500521A06009040954086
:10922000CE40421E9041CC40354305431B1B624655
:10923000551BAC45924152424E469C1A7FE600298E
:1092400000D1BDE64A46911B002E00D1CCE538295D
:1092500033DD80242404234200D1D6E04E4600258D
:1092600020E50A002600203AD640202905D04022D9
:10927000521A944025000543AB465D466A1E95414F
:109280003543D4E7002A00D1D0E6012742461C002E
:10929000E3461740B4E66246151AAC4592411C1BE2
:1092A0005242A41A230200D556E66207ED0847464B
:1092B0002A43E008FBE62900EDE58022120414436E
:1092C0001F2968DC20222500521A06009040954094
:1092D000CE40421E9041CC40354305431B196544A6
:1092E0006545924152424E46D418EEE5002900D120
:1092F00008E7C5086207154362461A43E008002ADA
:1093000000D11BE580221203104207D0D908114278
:1093100004D162460800D5085B071D436B0FED00C2
:10932000ED085B071D4309E562461C00D508DBE537
:10933000C50861070D43E008002A00D1FEE4802241
:1093400012031042EAD0D9081142E7D162465B0706
:10935000D50801271D43434608001F40DEE70100F2
:10936000614461459241E31852429B181A0200D5AC
:10937000FCE6C9085A070A43D808012197E6624665
:10938000D5085A0747461543D808D7E4FFFF7FFFA3
:10939000474611003CE70A002600203AD640202923
:1093A00005D04022521A944025000543AB465D4645
:1093B0006A1E9541354392E720220025121AF5E4F2
:1093C000002A00D133E6654600211C00ED088BE53C
:1093D0002A000A43002A00D128E60C00AB460FE61B
:1093E00015003100ED087FE5C90852070A43180946
:1093F00002215CE662465D070127D8084346D20891
:1094000015431F409AE4451C62E465461C004E4625
:1094100001355DE40E4BED081C4062076402012635
:109420002A43240B6AE411004AE73100ED085BE5AA
:1094300065461C000E0001354AE46207ED082A4328
:10944000000934E6C008620702430021E0082EE666
:10945000FFFF7FFF40F2FF7CF0B50C034D001E03C1
:109460005F00240B6D0D360B7F0D654509D040F272
:10947000FF7100208F4203D116433000431E9841F4
:10948000F0BD04430120002CFAD1F0E770B50B00C9
:10949000020040F2FE350C0382B049000020009229
:1094A0000193240B490DDE0FA94205DD40F21D405A
:1094B000814203DD0F4BF01802B070BD80204003E5
:1094C000204340F23344641A1F2C09DD40F2134359
:1094D0005B1AD84003005842002EEDD11800EBE78C
:1094E000054B009A9C46030061448B40E2401343C5
:1094F000F1E7C046FFFFFF7FEDFBFFFF70B5C0B196
:10950000C317C5185D40C40F2800F2F719FF40F2D9
:109510001E4240F2FF73121A13400A2814DC0200A4
:109520002E00153296400B22121AD5402D032D0B1A
:1095300003E000240023002500261B052B43E4073D
:1095400023433000190070BD0B3885402D030026E1
:109550002D0BF2E710B5040090B1F2F7F1FE40F2E6
:109560001E4240F2FF73121A13400A280FDC0B222E
:109570002100121AD14015300A038440120B01E079
:10958000002300221B0513432000190010BD2200F8
:109590000B38824012030024120BF3E7F0B540F2BF
:1095A000FE764B000F035B0D450F83B07F0A5C1CFA
:1095B0002F4300900191CA0FC50026420BD03749B6
:1095C0005C18FE2C12DDFF200023C0051843D207D3
:1095D000104303B0F0BD00203D43002BF5D0002D1B
:1095E000F1D08023DB03FF203B43EEE7002C0CDDB2
:1095F000009BFF009B01581E8341690F3B430B43B7
:10960000590725D1DB08E0B2DFE7210017312EDB57
:1096100080211E2009043943001B1F282ADD022651
:109620007642341B0E00E6403400202804D01C484B
:109630008446634499400D432B00591E8B412343BC
:109640000721180008400B421FD19B015B0ABCE7B1
:109650000F211940042903D19B015B0AE0B2B4E752
:1096600004335901F8D501340023E0B2ADE70020FE
:109670000023AAE70B4C1C192B00A540C340A140B6
:10968000681E854129430B43DAE70F210024194066
:109690000429E5D19B0120005B0A96E780FCFFFFCF
:1096A000A2FCFFFF82FCFFFFF0B545464E46DE46BA
:1096B0005746E0B583B00090019114000099019ADB
:1096C0001D00904640F20009002A0ADA0E00170039
:1096D00000237242BB4198460092019301235B42F2
:1096E0009946002D00DA9BE02700AA46C346009E5B
:1096F000002D44D1B84555D23800F2F721FE50B1C3
:10970000202331001B1A4246D94082400B001343EC
:1097100087409B4686403D0CBBFBF5F329004FF686
:10972000FF7418005A4659433C406043511A0904DB
:10973000320C0A43904209D9D219591E974200D9D6
:109740001EE1904200D81BE1023BD219121AB2FB73
:10975000F5F04FF6FF7145434443521B120431406C
:109760000A43944207D9BA18411E974202D80238D8
:10977000944200D808001B040024034303E0A845DA
:1097800069D20024002318004B4621001BB10300BE
:1097900000215842A14103B0F0BCBB46B246A946E5
:1097A000A046F0BD002F00D1D1E03800F2F7C8FD8F
:1097B000002800D0E6E043464FF6FF750124DA1B8F
:1097C000380C3D40B2FBF0F3290059438C460100B0
:1097D0005943511A0904320C0A43944507D9D21946
:1097E000591E974202D8944500D926E10B006146E4
:1097F000521AB2FBF0F14843121A4FF6FF704D4374
:10980000120430400243954207D9BA18481E9742C5
:1098100002D80239954200D801001B040B43B2E77D
:109820004B46DB43994600236242AB41C3461700D7
:109830009A46009E002B00D15CE74345A1D8180052
:10984000F2F77EFD040050B90123C2459BD303000B
:10985000BE42434197E72800F2F772FD0400202240
:1098600053463900121BA340D1401943434640469A
:109870003500D340A040D5400A0C9046B3FBF2F22D
:1098800005434FF6FF70AB46150008404543AC4614
:10989000454655435B1B1B049A465B4655461B0CCD
:1098A000A7402B439C450AD9551E5B18AA469942EE
:1098B00000D9C0E09C4500D8BDE0023A5B1865467F
:1098C0005B1BB3FBF8FC65469A4668436346454616
:1098D0005D432B0055464FF6FF78EB1A1B049A4662
:1098E00045465B461D4053462B4398420DD965467D
:1098F0005B18013D994200D99BE0984200D898E05E
:1099000002256D42A8465B18C4441B1A9A461304EC
:10991000624613434FF6FF7215003A4011001D4096
:10992000180C3F0C6943424378436F430D0CBF183A
:10993000ED198C46AA4203D9802252029046404437
:109940002A0C1218924565D35BD000241BE74346CE
:1099500070085A08DB071843030CB2FBF7F4120433
:109960001A434FF6FF73B2FBF7F10340120413439F
:10997000002500220020F60724049A1A0C4321E750
:109980000B00E3E620224346121A87404446D340A8
:10999000310084408640380CB3FBF0F8D1402143BD
:1099A00044464FF6FF75424644433D406A431C1B04
:1099B00024040B0C8B4623439A4241D94446FB189E
:1099C000013C9F4229D99B1AB3FBF0FC62469A46A0
:1099D0006A43634651464343CB1A1B049846594693
:1099E0004FF6FF730B4041460B4361469342C3D28F
:1099F000DB1901399F42BFD89342BDD20139DB192F
:109A0000BAE74FF6FF7261462D040A40AD18A64032
:109A1000AE429AD20024013BB5E69A42D3D9BA1A93
:109A200092469A44BAFBF0FC44466246023C6A43C2
:109A3000CFE7AC4669E7524641E7023BD219D6E68A
:109A40009B1AB3FBF0FC62469A4644466A43C0E761
:109A500000050706080900050706000507060005BA
:109A600007060809FF7FCE7BBF77D27306705A6C5A
:109A7000CC685D650A62D35EB75BB658CD55FD52C2
:109A80004450A34D174BA1483F46F243B841903F85
:109A90007B3D773B8439A137CE350A345632AF301F
:109AA000172F8B2D0D2C9C2A3629DC278E264A2534
:109AB0001124E222BE21A220901F881E871D901C27
:109AC000A01BB81AD819FF182D1862179E16E0159A
:109AD00029157714CB1325138412E9115311C110E2
:109AE0003510AD0F290FAA0E2F0EB80D450DD50C50
:109AF0006A0C010C9D0B3B0BDD0A820A2A0AD40971
:109B000082093209E5089A0852080C08C907870734
:109B100048070B07D00697065F062A06F605C40518
:109B20009405650538050C05E204B90491046B043D
:109B300046042204FF03DE03BD039E037F0362038A
:109B400046032A031003F602DD02C502AE029702A5
:109B500082026D02580200000000000000000102B5
:109B600003040607080900000000010203040000C6
:109B70000000002000000010000000080050002835
:109B80000014003C001E000F000000000000000058
:109B90000102030406070809524553505F4F4B006A
:109BA000434D445F554E4B4E4F574E004745545F13
:109BB00053544154555300524553505F53544154EC
:109BC000555300545249474745525F414C41524D0D
:109BD00000534C454550004745545F54454D505F38
:109BE000484953544F525900524553505F54454DC4
:109BF000505F484953544F5259005345545F5341A5
:109C00004D504C455F494E54455256414C005245CB
:109C100053505F4552524F520050494E47006D70AD
:109C200075363035303A207265616420696E742073
:109C3000656E61626C652072656769737465722018
:109C40006661696C65642E0A006D7075363035305A
:109C50003A2072656164206669666F20656E616294
:109C60006C65207265676973746572206661696CE2
:109C700065642E0A006D7075363035303A20726595
:109C800061642075736572206374726C20726567FD
:109C90006973746572206661696C65642E0A006D73
:109CA0007075363035303A20777269746520696E88
:109CB0007420656E61626C65207265676973746596
:109CC00072206661696C65642E0A006D70753630AD
:109CD00035303A207772697465206669666F206551
:109CE0006E61626C65207265676973746572206667
:109CF00061696C65642E0A006D7075363035303AD6
:109D00002077726974652075736572206374726C54
:109D1000207265676973746572206661696C656439
:109D20002E0A006D7075363035303A20646D702023
:109D300069732072756E6E696E672E0A006D70759C
:109D4000363035303A207772697465206D656D2044
:109D50006661696C65642E0A006D70753630353049
:109D60003A2072656164206D656D206661696C657D
:109D7000642E0A006D7075363035303A20636F649A
:109D80006520636F6D70617265206572726F722EEF
:109D90000A006D7075363035303A20736574207066
:109DA000726F6772616D207374617274206661698D
:109DB0006C65642E0A006D7075363035303A20645B
:109DC0006D70206973206E6F7420696E69746564AC
:109DD0002E0A006D7075363035303A20636E74206F
:109DE0006D757374206265206265747765656E2099
:109DF0003120616E6420342E0A00B8AAB38DB49865
:109E00000D355D00B8AAAAAAB088C3C5C7006D7099
:109E100075363035303A2072657365742066696630
:109E20006F206661696C65642E0A00D8B1B9F38B46
:109E3000A391B609B4D900DAB1B9F38BA391B6DA1C
:109E4000B4DA006D7075363035303A207265616471
:109E500020616363656C65726F6D65746572206304
:109E60006F6E666967206661696C65642E0A006DB5
:109E70007075363035303A2072617465203E20327C
:109E800030302E0A00FEF2ABC4AAF1DFDFBBAFDF39
:109E9000DF006D7075363035303A206D672F6D7389
:109EA000203E20313630302E0A006D707536303548
:109EB000303A20696E76616C696420617869732E2E
:109EC0000A006D7075363035303A20726561642055
:109ED000696E7420737461747573206661696C6552
:109EE000642E0A006D7075363035303A206669662A
:109EF0006F206F766572666C6F772E0A006D7075D5
:109F0000363035303A206E6F20646174612E0A005D
:109F10006D7075363035303A20726561642066693F
:109F2000666F20636F756E74206661696C65642E60
:109F30000A006D7075363035303A207265616420E4
:109F40006661696C65642E0A006D70753630353057
:109F50003A206669666F20646174612069732074B9
:109F60006F6F206C6974746C652E0A006D707536A5
:109F70003035303A207175617420636865636B20F9
:109F80006572726F722E0A006D7075363035303A18
:109F9000207265616420616363656C20636F6E6627
:109FA0006967206661696C65642E0A006D7075369C
:109FB0003035303A2072656164206779726F2063B2
:109FC0006F6E666967206661696C65642E0A006D54
:109FD0007075363035303A2072656164207573656E
:109FE00072206374726C206661696C65642E0A006D
:109FF0006D7075363035303A20777269746520752A
:10A00000736572206374726C206661696C65642E7E
:10A010000A006D7075363035303A206969635F69C2
:10A020006E6974206973206E756C6C2E0A006D70F9
:10A0300075363035303A206969635F6465696E69E9
:10A0400074206973206E756C6C2E0A006D70753605
:10A050003035303A206969635F72656164206973E5
:10A06000206E756C6C2E0A006D7075363035303A86
:10A07000206969635F7772697465206973206E7502
:10A080006C6C2E0A006D7075363035303A20646580
:10A090006C61795F6D73206973206E756C6C2E0A2C
:10A0A000006D7075363035303A20726563656976BB
:10A0B000655F63616C6C6261636B206973206E75B0
:10A0C0006C6C2E0A006D7075363035303A20696937
:10A0D0006320696E6974206661696C65642E0A008C
:10A0E0006D7075363035303A20726561642077685E
:10A0F0006F20616D2069206661696C65642E0A00BD
:10A100006D7075363035303A206964206973206986
:10A110006E76616C69642E0A006D7075363035306C
:10A120003A20777269746520707772206D676D745C
:10A130002031206661696C65642E0A006D70753689
:10A140003035303A207265616420707772206D6717
:10A150006D742031206661696C65642E0A006D7033
:10A1600075363035303A20726573657420666169E2
:10A170006C65642E0A006D7075363035303A206992
:10A180006963206465696E6974206661696C6564E1
:10A190002E0A006D7075363035303A206C656E676A
:10A1A0007468206973207A65726F2E0A006D70756D
:10A1B000363035303A2072656164206669666F20FA
:10A1C000656E61626C65206661696C65642E0A006B
:10A1D0006D7075363035303A206669666F20636F72
:10A1E0006E66206973206572726F722E0A006D7040
:10A1F00075363035303A20666F726365207265734C
:10A200006574206669666F206661696C65642E0AF4
:10A21000006D7075363035303A207265616420709B
:10A220006F776572206D616E6167656D656E742014
:10A2300031206661696C65642E0A006D7075363078
:10A2400035303A20777269746520706F77657220B7
:10A250006D616E6167656D656E7420312066616940
:10A260006C65642E0A006D7075363035303A207298
:10A2700065616420706F776572206D616E616765DE
:10A280006D656E742032206661696C65642E0A000B
:10A290006D7075363035303A20777269746520708C
:10A2A0006F776572206D616E6167656D656E742094
:10A2B00032206661696C65642E0A006D70753630F7
:10A2C00035303A206669666F207265616420666188
:10A2D000696C65642E0A006D7075363035303A2031
:10A2E0006669666F207772697465206661696C655E
:10A2F000642E0A006D7075363035303A2072656113
:10A3000064207369676E616C207061746820726587
:10A31000736574206661696C65642E0A006D7075E2
:10A32000363035303A207772697465207369676E0C
:10A33000616C207061746820726573657420666159
:10A34000696C65642E0A006D7075363035303A20C0
:10A35000777269746520736D7072742064697620F9
:10A360006661696C65642E0A006D70753630353033
:10A370003A207265616420736D707274206469762E
:10A38000206661696C65642E0A006D707536303523
:10A39000303A207265616420636F6E66696720667B
:10A3A00061696C65642E0A006D7075363035303A1F
:10A3B00020777269746520636F6E666967206661D5
:10A3C000696C65642E0A006D7075363035303A2040
:10A3D00072656164206779726F73636F7065206363
:10A3E0006F6E666967206661696C65642E0A006D30
:10A3F0007075363035303A20777269746520677928
:10A40000726F73636F706520636F6E666967206635
:10A4100061696C65642E0A006D7075363035303AAE
:10A4200020777269746520616363656C65726F6D16
:10A430006574657220636F6E666967206661696C1A
:10A4400065642E0A006D7075363035303A207265BD
:10A450006164206669666F20656E61626C65206369
:10A460006F6E666967206661696C65642E0A006DAF
:10A470007075363035303A207772697465206669B8
:10A48000666F20656E61626C6520636F6E666967DA
:10A49000206661696C65642E0A006D707536303512
:10A4A000303A207265616420696E746572727570ED
:10A4B000742070696E206661696C65642E0A006D97
:10A4C0007075363035303A20777269746520696E60
:10A4D000746572727570742070696E206661696C43
:10A4E00065642E0A006D7075363035303A2072651D
:10A4F000616420696E7465727275707420656E6136
:10A50000626C65206661696C65642E0A006D707509
:10A51000363035303A20777269746520696E74651B
:10A52000727275707420656E61626C652066616917
:10A530006C65642E0A006D7075363035303A2072C5
:10A5400065616420696E74657272757074207374CD
:10A5500061747573206661696C65642E0A006D70A4
:10A5600075363035303A2064617461206973206F2C
:10A5700076657220307831462E0A006D707536305F
:10A5800035303A20726561642073656C66207465AD
:10A5900073742078206661696C65642E0A006D70A2
:10A5A00075363035303A2077726974652073656C82
:10A5B0006620746573742078206661696C65642E0A
:10A5C0000A006D7075363035303A2072656164204E
:10A5D00073656C6620746573742079206661696C9C
:10A5E00065642E0A006D7075363035303A2077720A
:10A5F0006974652073656C662074657374207920B6
:10A600006661696C65642E0A006D70753630353090
:10A610003A20726561642073656C6620746573749A
:10A62000207A206661696C65642E0A006D7075364B
:10A630003035303A2077726974652073656C662016
:10A6400074657374207A206661696C65642E0A00F3
:10A650006D7075363035303A2072656164207365EF
:10A660006C6620746573742061206661696C656432
:10A670002E0A006D7075363035303A207772697465
:10A68000652073656C662074657374206120666153
:10A69000696C65642E0A006D7075363035303A206D
:10A6A0007772697465206D6F74696F6E207468725B
:10A6B0006573686F6C64206661696C65642E0A005E
:10A6C0006D7075363035303A2072656164206D6F7B
:10A6D00074696F6E207468726573686F6C6420664D
:10A6E00061696C65642E0A006D7075363035303ADC
:10A6F000207772697465206D6F74696F6E20647560
:10A70000726174696F6E206661696C65642E0A00FF
:10A710006D7075363035303A2072656164206D6F2A
:10A7200074696F6E206475726174696F6E20666102
:10A73000696C65642E0A006D7075363035303A20CC
:10A74000777269746520616363656C20636F6E6600
:10A750006967206661696C65642E0A006D707536E4
:10A760003035303A206765742073742062696173F4
:10A770006573206661696C65642E0A006D707536BC
:10A780003035303A20616363656C2073656C6620F8
:10A7900074657374206661696C65642E0A006D705F
:10A7A00075363035303A206779726F2073656C6684
:10A7B0002074657374206661696C65642E0A006D8F
:10A7C0007075363035303A207265616420693263C5
:10A7D000206D7374206374726C206661696C6564AB
:10A7E0002E0A006D7075363035303A2077726974F4
:10A7F0006520693263206D7374206374726C206607
:10A8000061696C65642E0A006D7075363035303ABA
:10A81000207772697465206669666F20656E616273
:10A820006C65206661696C65642E0A006D70753612
:10A830003035303A20696E76616C696420736C61E2
:10A8400076652E0A006D7075363035303A207265A7
:10A8500061642069326320736C76302061646472B5
:10A86000206661696C65642E0A006D70753630353E
:10A87000303A2077726974652069326320736C7690
:10A88000302061646472206661696C65642E0A0020
:10A890006D7075363035303A2072656164206932EA
:10A8A0006320736C76312061646472206661696C28
:10A8B00065642E0A006D7075363035303A20777237
:10A8C0006974652069326320736C76312061646439
:10A8D00072206661696C65642E0A006D7075363091
:10A8E00035303A20726561642069326320736C767A
:10A8F000322061646472206661696C65642E0A00AE
:10A900006D7075363035303A20777269746520691C
:10A91000326320736C7632206164647220666169F0
:10A920006C65642E0A006D7075363035303A2072D1
:10A930006561642069326320736C763320616464DE
:10A9400072206661696C65642E0A006D7075363020
:10A9500035303A2077726974652069326320736CF0
:10A9600076332061646472206661696C65642E0AC6
:10A97000006D7075363035303A207265616420693B
:10A98000326320736C76342061646472206661697E
:10A990006C65642E0A006D7075363035303A20775C
:10A9A000726974652069326320736C763420616447
:10A9B0006472206661696C65642E0A006D7075367C
:10A9C0003035303A207772697465206932632073BC
:10A9D0006C763020726567206661696C65642E0A4A
:10A9E000006D7075363035303A20777269746520A5
:10A9F00069326320736C7631207265672066616905
:10AA00006C65642E0A006D7075363035303A2077EB
:10AA1000726974652069326320736C7632207265C6
:10AA200067206661696C65642E0A006D707536304A
:10AA300035303A2077726974652069326320736C0F
:10AA4000763320726567206661696C65642E0A0042
:10AA50006D7075363035303A2077726974652069CB
:10AA6000326320736C763420726567206661696C8E
:10AA700065642E0A006D7075363035303A20726587
:10AA800061642069326320736C76302072656720C0
:10AA90006661696C65642E0A006D707536303530FC
:10AAA0003A20726561642069326320736C763120CC
:10AAB000726567206661696C65642E0A006D707549
:10AAC000363035303A207265616420693263207314
:10AAD0006C763220726567206661696C65642E0A47
:10AAE000006D7075363035303A20726561642069CA
:10AAF000326320736C763320726567206661696CFF
:10AB000065642E0A006D7075363035303A207265F6
:10AB100061642069326320736C763420726567202B
:10AB20006661696C65642E0A006D7075363035306B
:10AB30003A2077726974652069326320736C7630CD
:10AB400020646F206661696C65642E0A006D707503
:10AB5000363035303A207772697465206932632067
:10AB6000736C763120646F206661696C65642E0AAF
:10AB7000006D7075363035303A2077726974652013
:10AB800069326320736C763220646F206661696C71
:10AB900065642E0A006D7075363035303A20777254
:10ABA0006974652069326320736C763320646F208A
:10ABB0006661696C65642E0A006D707536303530DB
:10ABC0003A20726561642069326320736C763020AC
:10ABD000646F206661696C65642E0A006D7075365D
:10ABE0003035303A20726561642069326320736CBD
:10ABF000763120646F206661696C65642E0A006D91
:10AC00007075363035303A20726561642069326380
:10AC100020736C763220646F206661696C65642EE7
:10AC20000A006D7075363035303A207265616420E7
:10AC300069326320736C763320646F206661696CBF
:10AC400065642E0A006D7075363035303A207265B5
:10AC500061642069326320736C7630206374726C97
:10AC6000206661696C65642E0A006D70753630353A
:10AC7000303A2077726974652069326320736C768C
:10AC800030206374726C206661696C65642E0A0002
:10AC90006D7075363035303A2072656164206932E6
:10ACA0006320736C7631206374726C206661696C0A
:10ACB00065642E0A006D7075363035303A20777233
:10ACC0006974652069326320736C76312063747215
:10ACD0006C206661696C65642E0A006D7075363093
:10ACE00035303A20726561642069326320736C7676
:10ACF00032206374726C206661696C65642E0A0090
:10AD00006D7075363035303A207772697465206918
:10AD1000326320736C7632206374726C20666169D2
:10AD20006C65642E0A006D7075363035303A2072CD
:10AD30006561642069326320736C763320637472BA
:10AD40006C206661696C65642E0A006D7075363022
:10AD500035303A2077726974652069326320736CEC
:10AD60007633206374726C206661696C65642E0AA8
:10AD7000006D7075363035303A206C656E203E209F
:10AD80003078462E0A006D7075363035303A2072B4
:10AD900065616420693263206D737420737461741B
:10ADA0007573206661696C65642E0A006D70753676
:10ADB0003035303A207265616420693263206D73EA
:10ADC000742064656C6179206374726C20666169BB
:10ADD0006C65642E0A006D7075363035303A207718
:10ADE0007269746520693263206D73742064656CC8
:10ADF0006179206374726C206661696C65642E0AE7
:10AE0000006D7075363035303A20726561642069A6
:10AE1000326320736C7634206374726C20666169CF
:10AE20006C65642E0A006D7075363035303A2077C7
:10AE3000726974652069326320736C7634206374A0
:10AE4000726C206661696C65642E0A006D707536DF
:10AE50003035303A2064656C6179203E203078319D
:10AE6000462E0A006D7075363035303A207772699B
:10AE700074652069326320736C763420646F2066B9
:10AE800061696C65642E0A006D7075363035303A34
:10AE900020726561642069326320736C76342064AB
:10AEA0006F206661696C65642E0A006D70753630BE
:10AEB00035303A2077726974652069326320736C8B
:10AEC0007634206469206661696C65642E0A006DC1
:10AED0007075363035303A207265616420693263AE
:10AEE00020736C7634206469206661696C65642E19
:10AEF0000A006D7075363035303A206C656E203E34
:10AF00002032342E0A006D7075363035303A20729A
:10AF1000656164206578742073656E732064617464
:10AF200061203030206661696C65642E0A005444EB
:10AF30004B204D5055363035300054444B00494974
:10AF400043006D7075363035303A20697271206D6E
:10AF50006F74696F6E2E0A006D7075363035303A39
:10AF600020697271206669666F206F766572666C03
:10AF70006F772E0A006D7075363035303A20697261
:10AF80007120693263206D61737465722E0A006DE1
:10AF90007075363035303A2069727120646D700AF0
:10AFA000006D7075363035303A20697271206461F9
:10AFB00074612072656164790A006D707536303590
:10AFC000303A2069727120756E6B6E6F776E2063F8
:10AFD0006F64652E0A006D7075363035303A207416
:10AFE00061702069727120782075702077697468AB
:10AFF0002025642E0A006D7075363035303A207485
:10B00000617020697271207820646F776E20776993
:10B0100074682025642E0A006D7075363035303A1C
:10B0200020746170206972712079207570207769B1
:10B0300074682025642E0A006D7075363035303AFC
:10B040002074617020697271207920646F776E209E
:10B05000776974682025642E0A006D707536303566
:10B06000303A2074617020697271207A20757020E6
:10B07000776974682025642E0A006D707536303546
:10B08000303A2074617020697271207A20646F7781
:10B090006E20776974682025642E0A006D707536FD
:10B0A0003035303A207461702069727120756E6B92
:10B0B0006E6F776E20636F64652E0A006D70753653
:10B0C0003035303A206F7269656E74206972712074
:10B0D000706F7274726169742E0A006D707536300B
:10B0E00035303A206F7269656E7420697271206C18
:10B0F000616E6473636170652E0A006D7075363021
:10B1000035303A206F7269656E74206972712072F1
:10B1100065766572736520706F7274726169742EE2
:10B120000A006D7075363035303A206F7269656E81
:10B1300074206972712072657665727365206C6126
:10B140006E6473636170652E0A006D7075363035FC
:10B15000303A206F7269656E742069727120756E65
:10B160006B6E6F776E20636F64652E0A004D4158D9
:10B170003330313032004D6178696D20496E74652D
:10B18000677261746564006D617833303130323AD2
:10B1900020697271206669666F20616C6D6F7374CF
:10B1A0002066756C6C2E0A006D6178333031303258
:10B1B0003A2069727120616D6269656E74206C69F4
:10B1C000676874206F766572666C6F772E0A006D03
:10B1D000617833303130323A206972712074656D94
:10B1E00070657261747572652072656164792E0A8A
:10B1F000006D617833303130323A206972712075D8
:10B200006E6B6E6F776E2E0A0053485433300053C6
:10B21000656E736972696F6E004D4C583930363106
:10B2200034004D656C65786973004949432F534D6F
:10B2300042757300494E4600696E66004E414E00ED
:10B240006E616E00303132333435363738396162F1
:10B2500063646566000000003031323334353637C0
:10B26000383941424344454600000000286E756C61
:10B270006C290000300000002F000000504F53499F
:10B2800058000000430000004153434949000000BA
:10B2900049534F2D383835392D310000636A6B73AF
:10B2A000696E676C65000000636A6B6E6172726F35
:10B2B00077000000636A6B77696465005554462D1A
:10B2C0003800000055544638000000004A49530039
:10B2D000455543004A5000004555434A5000000080
:10B2E000534A49530000000049534F00383835395C
:10B2F0000000000049534F2D383835392D0000002B
:10B30000435000004B4F493800000000435032309A
:10B3100038363600435032313836360043503130FB
:10B320003300000047454F524749414E000000009E
:10B33000505300004350313031000000505431353B
:10B3400034000000435031303200000054495300B3
:10B350003632300043503837340000004C435F41F0
:10B360004C4C00004C414E47000000002E000000F5
:10B370004C435F434F4C4C41544500004C435F43AA
:10B3800054595045000000004C435F4D4F4E45540A
:10B39000415259004C435F4E554D455249430000C0
:10B3A0004C435F54494D45004C435F4D4553534119
:10B3B00047455300496E66696E6974790000000064
:10B3C0004E614E0042616C6C6F6320737563636500
:10B3D00065646564000000002F646174612F6A6514
:10B3E0006E6B696E732F776F726B73706163652F0D
:10B3F000474E552D746F6F6C636861696E2F617273
:10B400006D2D31342F7372632F6E65776C69622DE9
:10B4100063796777696E2F6E65776C69622F6C69E7
:10B4200062632F7374646C69622F64746F612E633E
:10B43000000000002F646174612F6A656E6B696E95
:10B44000732F776F726B73706163652F474E552D45
:10B45000746F6F6C636861696E2F61726D2D31342A
:10B460002F7372632F6E65776C69622D63796777CE
:10B47000696E2F6E65776C69622F6C6962632F73DA
:10B4800074646C69622F6D707265632E63000000D6
:10B490002C2066756E6374696F6E3A2000000000A0
:10B4A000617373657274696F6E2022257322206642
:10B4B00061696C65643A2066696C65202225732297
:10B4C0002C206C696E65202564257325730A0000A5
:10B4D000EAD000082EC800082EC80008DCD00008FA
:10B4E0002EC800082EC800082EC800088ED00008FC
:10B4F0002EC800082EC8000850CD000852D1000800
:10B500002EC8000866CD000818D100082EC8000813
:10B5100002D100083CC900083CC900083CC9000829
:10B520003CC900083CC900083CC900083CC90008E7
:10B530003CC900083CC900082EC800082EC80008F5
:10B540002EC800082EC800082EC800082EC8000803
:10B550002EC800085CC900082EC80008A8CA000848
:10B5600040D000085CC900085CC900085CC900083C
:10B570002EC800082EC800082EC800082EC80008D3
:10B5800048CE00082EC800082EC8000872CD00085A
:10B590002EC800082EC800082EC8000844CC000899
:10B5A0002EC80008C6CC00082EC800082EC8000807
:10B5B000C4D900082EC800082EC800082EC80008EC
:10B5C0002EC800082EC800082EC800082EC8000883
:10B5D0002EC800085CC900082EC80008A8CA0008C8
:10B5E00042CA00085CC900085CC900085CC90008C0
:10B5F00068CE000842CA000836CA00082EC80008F3
:10B6000054CE00082EC8000814CF0008E6CE00086B
:10B610007CCE000836CA00082EC8000844CC0008BA
:10B6200032CA00084ECF00082EC800082EC80008F5
:10B630003CDA00082EC8000832CA00082AEA0008CE
:10B6400016E1000816E1000816E1000818E20008FB
:10B65000C4E2000816E1000816E1000816E100083F
:10B6600016E1000816E1000816E1000816E10008DE
:10B6700016E1000816E1000816E1000816E10008CE
:10B6800016E1000816E1000816E1000816E10008BE
:10B6900016E1000816E1000816E1000816E10008AE
:10B6A00016E1000816E1000816E1000816E100089E
:10B6B00016E1000816E1000816E100082AEA000871
:10B6C00016E1000816E1000816E1000818E200087B
:10B6D000C4E200083030303030303030303030307C
:10B6E000303030302020202020202020202020201A
:10B6F000202020204CFC0008D6F80008DCFB0008C5
:10B70000D6F800087CFB0008D6F8000830FB0008DB
:10B71000D6F800087CFC0008F8FA0008B2FA000825
:10B72000D6F80008D6F80008D6F80008D6F80008C1
:10B730008EFA0008D6F80008D6F8000856FA000875
:10B74000F6F9000890F90008D6F80008D6F80008C5
:10B75000D6F80008D6F80008D6F80008D6F8000891
:10B76000D6F80008D6F80008D6F80008D6F8000881
:10B77000D6F800084CFC0008D6F80008DCFB0008EE
:10B78000D6F800087CFB0008D6F8000830FB00085B
:10B79000D6F800087CFC0008F8FA0008B2FA0008A5
:10B7A000D6F80008D6F80008D6F80008D6F8000841
:10B7B0008EFA0008D6F80008D6F8000856FA0008F5
:10B7C000F6F9000890F9000844FD000834FD00086F
:10B7D000D6F80008D6F80008D6F80008D6F8000811
:10B7E000D6F80008D6F80008D6F80008D6F8000801
:10B7F000D6F80008D6F80008D6F80008D6F80008F1
:10B80000D6F80008D6F80008D6F80008D6F80008E0
:10B81000D6F80008D6F80008D6F80008D6F80008D0
:10B82000D6F80008D6F80008D6F80008D6F80008C0
:10B83000D6F80008D6F80008D6F80008D6F80008B0
:10B8400054FD0008D6F8000844FD000834FD000847
:10B8500043000000000000000000000000000000A5
:10B8600000000000000000000000000000000000D8
:10B870004300000000000000000000000000000085
:10B8800000000000000000000000000000000000B8
:10B890004300000000000000000000000000000065
:10B8A0000000000000000000000000000000000098
:10B8B0004300000000000000000000000000000045
:10B8C0000000000000000000000000000000000078
:10B8D0004300000000000000000000000000000025
:10B8E0000000000000000000000000000000000058
:10B8F0004300000000000000000000000000000005
:10B900000000000000000000000000000000000037
:10B9100043000000000000000000000000000000E4
:10B920000000000000000000000000000000000017
:10B93000913501080D2001080000000068BC0108D5
:10B940006CB301089CB401089CB401089CB40108C4
:10B950009CB401089CB401089CB401089CB4010883
:10B960009CB401089CB40108FFFFFFFFFFFFFFFF2D
:10B97000FFFFFFFFFFFF0000010041534349490063
:10B9800000000000000000000000000000000000B7
:10B99000000000000000000000004153434949003E
:10B9A0000000000000000000000000000000000097
:10B9B0000000000000000000000000005CB301086F
:10B9C00070B301087CB3010888B3010894B301087F
:10B9D000A0B30108A8B30108B2240108EC230108B0
:10B9E000EC230108EC230108EC230108EC230108F7
:10B9F000EC230108EC230108EC230108AC24010826
:10BA0000EC230108EC230108EC2301088824010839
:10BA1000EC230108EC230108EC230108EC230108C6
:10BA2000EC230108EC230108EC230108EC230108B6
:10BA3000EC230108EC230108EC230108EC230108A6
:10BA4000EC230108EC230108EC230108EC23010896
:10BA5000EC230108EC230108EC230108EC23010886
:10BA6000EC230108EC230108EC2301088E240108D3
:10BA7000EC23010894240108EC230108EC230108BD
:10BA8000EC230108EC230108EC230108EC23010856
:10BA9000EC2301089A2401086E2401082E240108D1
:10BAA0004E24010848240108322401087C2401089E
:10BAB000040000000000050000040101010101066E
:10BAC0000106000400000000000000000000040463
:10BAD0000000000006020202020206020606060438
:10BAE0000606060606060606060603030606060002
:10BAF0000000000000000000020000000000000044
:10BB00000005040404040407040700030000000007
:10BB10000000000000000101000000000701010119
:10BB200001010701070707060707070707070707B8
:10BB300007070000070707000000000000000000E2
:10BB400005000000190000007D000000000000005A
:10BB5000BC89D897B2D29C3C33A7A8D523F64939E3
:10BB60003DA7F444FD0FA5329D978CCF08BA5B2505
:10BB7000436FAC642806C80A0080E03779C34143AC
:10BB8000176E05B5B5B89346F5F93FE9034F384D43
:10BB9000321D30F94877825A3CBF737FDD4F1575EF
:10BBA000000000000000F03F000000000000244002
:10BBB00000000000000059400000000000408F40DD
:10BBC000000000000088C34000000000006AF84048
:10BBD0000000000080842E4100000000D01263416C
:10BBE0000000000084D797410000000065CDCD41E2
:10BBF000000000205FA00242000000E876483742C3
:10BC0000000000A2941A6D42000040E59C30A24260
:10BC10000000901EC4BCD64200003426F56B0C43D5
:10BC20000080E03779C3414300A0D885573476437C
:10BC300000C84E676DC1AB43003D9160E458E143DD
:10BC4000408CB5781DAF154450EFE2D6E41A4B4452
:10BC500092D54D06CFF08044F64AE1C7022DB54497
:10BC6000B49DD9794378EA44002020202020202068
:10BC7000202028282828282020202020202020209C
:10BC800020202020202020202088101010101010AC
:10BC900010101010101010101004040404040404F8
:10BCA0000404041010101010101041414141414192
:10BCB0000101010101010101010101010101010174
:10BCC0000101010110101010101042424242424284
:10BCD0000202020202020202020202020202020244
:10BCE00002020202101010102000000000000000EC
:10BCF0000000000000000000000000000000000044
:10BD00000000000000000000000000000000000033
:10BD10000000000000000000000000000000000023
:10BD20000000000000000000000000000000000013
:10BD30000000000000000000000000000000000003
:10BD400000000000000000000000000000000000F3
:10BD500000000000000000000000000000000000E3
:10BD60000000000000000000000000004C49010835
:10BD700052410108524101083E490108524101085F
:10BD80005241010852410108F4480108524101089A
:10BD90005241010836450108B049010852410108E5
:10BDA0004A450108724901085241010864490108E5
:10BDB0002C4101082C4101082C4101082C410108AB
:10BDC0002C4101082C4101082C4101082C4101089B
:10BDD0002C41010852410108524101085241010819
:10BDE00052410108524101085241010852410108E3
:10BDF0005241010852410108BE4401086847010848
:10BE000052410108524101085241010852410108C2
:10BE100052410108524101085241010852410108B2
:10BE2000524101085241010856450108524101089A
:10BE300052410108524101084E4401085241010893
:10BE40006C4801085241010852410108C04D0108E7
:10BE50005241010852410108524101085241010872
:10BE60005241010852410108524101085241010862
:10BE70005241010852410108BE4401089C43010897
:10BE80005241010852410108524101085A48010833
:10BE90009C430108A042010852410108564701088D
:10BEA00052410108364701080C4701083446010891
:10BEB000A0420108524101084E4401089C42010879
:10BEC000DA45010852410108524101083E4E01087D
:10BED000524101089C42010830303030303030305F
:10BEE00030303030303030302020202020202020D2
:10BEF000202020202020202000000080DB0F49404F
:10BF0000DB0F49C0DB0F49BFE4CB1640E4CB16C0C2
:10BF10006937AC3168212233B40F14336821A2335E
:10BF20003863ED3EDA0F493F5E987B3FDA0FC93F39
:10BF30006042A20D0000803F3E6A01086C69010862
:10BF400056690108D069010856690108046A0108A8
:10BF500056690108D06901086C6901086C6901081B
:10BF6000046A0108D06901084269010842690108B0
:10BF7000426901080E6A01086C6901086C690108D0
:10BF800056690108AA6A010856690108046A01088D
:10BF900056690108AA6A01086C6901086C69010800
:10BFA000046A0108AA6A0108426901084269010895
:10BFB00042690108B47F0108707E0108E67D01082E
:10BFC000107E0108E67D01085C7F0108E67D01081E
:10BFD000107E0108707E0108707E01085C7F0108F8
:10BFE000107E0108087E0108087E0108087E01080D
:04BFF0007E7F010847
:08BFF40090A0FF7F0100000096
:10BFFC0058020807000012420000C4420000700002
:10C00C000000002400000002000300000065005442
:10C01C00FFEF0000FA80000B12820001030C30C30A
:10C02C000E8C8CE914D5400213710F8E3883F88373
:10C03C003000F883258EF8833000F883FFFFFFFF74
:10C04C000FFEA9D6240004001A8279A10000003C3E
:10C05C00FFFF00000010000038836FA2003E033089
:10C06C004000000002CAE3093E80000020000000EE
:10C07C00000000004000000060000000000C000008
:10C08C00000C186E000006920A16C0DFFFFF025665
:10C09C00FD8CD377FFE1C496E0C5BEAA000000007A
:10C0AC00FFFF0B2B00001657000003594000000047
:10C0BC0000001DFA00026C1D000000003FFFDFEBCA
:10C0CC00003EB3B6000D227800002F3C00000000AB
:10C0DC00001942B5000039A20000B365D90E9FC902
:10C0EC001DCF4C3430000000500000003BB67AE805
:10C0FC000064000000C800000000000010000000F8
:10C10C001000FA921000225E000D229F0001000028
:10C11C0000320000FF46000063D400001000000055
:10C12C0004D6000004CC000004CC00000000107207
:10C13C0000000040000000000000000000060002AB
:10C14C000005000700000000006400000000000073
:10C15C000000000500050064002000000000000045
:10C16C00000000000000400000000300000000324E
:10C17C00F8980000FF650000830F0000FF9BFC0097
:10C18C0000000000000000000000000000000000A3
:10C19C000000000000000000000000000000000093
:10C1AC000000000000000000000010004000000033
:10C1BC00000000060000B26A000200000001FB83D0
:10C1CC000068000000D9FC007CF1FF830000000037
:10C1DC0000650000006403E80064002800000025EE
:10C1EC000000000016A0000000001000000010006D
:10C1FC00002F0000000001F40000100000280000D7
:10C20C00FFFF4581FFFFFA720000000000000000F4
:10C21C00004400050005BAC6004778A200000001E2
:10C22C000000000000000600000000140000254D76
:10C23C00002F706D000005AE000C02D00000000055
:10C24C00000000000000000000000000001B0000C7
:10C25C00000000000000000000000000006400006E
:10C26C0000080000000000000000000000000000BA
:10C27C0000000000000000000000000000000000B2
:10C28C0000000000000000000000000000000000A2
:10C29C000000000000000000000000000000000092
:10C2AC000000000000000000000000000000000082
:10C2BC00000000000000000000000000001B000057
:10C2CC000000000000000000000E000E00000AC775
:10C2DC000004000000000032FFFFFF9C00000B2B4D
:10C2EC00000000020000000100000064FFE50000F7
:10C2FC000000000000000000000000000000000131
:10C30C00000000000001000000000000000180009F
:10C31C000001800000018000002426D300000000F2
:10C32C0000000000000600100096003C0000000019
:10C33C000000000000000000000000000C0A4E6825
:10C34C00CDCF770950166759C619CE820000000070
:10C35C0000000000000000000000000000000000D1
:10C36C000000000017D7840003000000000000004C
:10C37C0000000000C7938F9D1E1B1C1900000000BD
:10C38C0000000000000000000000000000000000A1
:10C39C0000000000020318850000400000000003AC
:10C3AC00000000030000000000000000400000003E
:10C3BC000000000000000000000000000000000071
:10C3CC000000000000000000000000000000000061
:10C3DC000000000000000000000000000000000051
:10C3EC00677DDF7E72902E554CF6E68800000000CB
:10C3FC00000000000000000000000000D8DCB4B811
:10C40C00B0D8B9ABF3F8FAB3B7BB8E9EAEF132F538
:10C41C001BF1B4B8B08097F1A9DFDFDFAADFDFDF53
:10C42C00F2AAC5CDC7A90CC92C97F1A989264666D5
:10C43C00B28999A92D557DB0B08AA896365676F159
:10C44C00BAA3B4B280C0B8A89711B28398BAA3F0BB
:10C45C00240844106418B2B9B49883F1A329557D0B
:10C46C00BAB5B1A38393F0002850F5B2B6AA839362
:10C47C0028547CF1B9A3829361BAA2DADEDFDB81A6
:10C48C009AB9AEF5606870F1DABAA2DFD9BAA2FA3D
:10C49C00B9A38292DB31BAA2D9BAA2F8DF85A4D0B3
:10C4AC00C1BBAD83C2C5C7B8A2DFDFDFBAA0DFDF77
:10C4BC00DFD8D8F1B8AAB38DB4980D355DB2B6BA41
:10C4CC00AF8C96198F9FA70E161EB49AB8AA872CFC
:10C4DC00547CBAA4B08AB691325676B28494A4C86D
:10C4EC0008CDD8B8B4B0F19982A82D557D98A80E76
:10C4FC00161EA22C547C92A4F02C5078F184A8988F
:10C50C00C4CDFCD80DDBA8FC2DF3D9BAA6F8DABA49
:10C51C00A6DED8BAB2B68696A6D0F3C841DAA6C8BB
:10C52C00F8D8B0B4B882A892F52C548898F135D9C3
:10C53C00F418D8F1A2D0F8F9A884D9C7DFF8F88399
:10C54C00C5DADF69DF83C1D8F40114F1A8824EA8E3
:10C55C0084F311D182F5D992289788F109F41C1C27
:10C56C00D884A8F3C0F9D1D99782F129F40DD8F366
:10C57C00F9F9D1D982F4C203D8DEDF1AD8F1A2FAC4
:10C58C00F9A88498D9C7DFF8F8F883C7DADF69DF30
:10C59C00F883C3D8F40114F198A8822EA884F3115F
:10C5AC00D182F5D992509788F109F41CD884A8F35C
:10C5BC00C0F8F9D1D99782F149F40DD8F3F9F9D132
:10C5CC00D982F4C403D8DEDFD8F1AD8898CCA809A1
:10C5DC00F9D98292A8F57CF1883ACF944A6E98DB0F
:10C5EC006931DAADF2DEF9D88795A8F221D1DAA556
:10C5FC00F9F417D9F1AE8ED0C0C3AE82C684C3A8ED
:10C60C008595C8A588F2C0F1F4010EF18E9EA8C6DE
:10C61C003E56F554F18872F40115F19845856EF586
:10C62C008E9E0488F142985A8E9E068869F4011CED
:10C63C00F1981E1108D0F504F11E970202983625C8
:10C64C00DBF9D985A5F3C1DA85A5F3DFD88595A8E3
:10C65C00F309DAA5FAD88292A8F578F1881A849FA2
:10C66C0026889821DAF41DF3D8879F39D1AFD9DF0A
:10C67C00DFFBF9F40CF3D8FAD0F8DAF9F9D0DFD9FA
:10C68C00F9D8F40BD8F3879F39D1AFD9DFDFF41D7C
:10C69C00F3D8FAFCA869F9F9AFD0DADEFAD9F88F39
:10C6AC009FA8F1CCF398DB45D9AFDFD0F8D8F18F48
:10C6BC009FA8CAF38809DAAF8FCBF8D8F2AD978D63
:10C6CC000CD9A5DFF9BAA6F3FAF412F2D8950DD16C
:10C6DC00D9BAA6F3FADAA5F2C1BAA6F3DFD8F1BA41
:10C6EC00B2B68696A6D0CAF349DAA6CBF8D8B0B4BF
:10C6FC00B8D8AD84F2C0DFF18FCBC3A8B2B68696A2
:10C70C00C8C1CBC3F3B0B48898A821DB718D9D71DF
:10C71C00859521D9ADF2FAD88597A828D9F408D8EF
:10C72C00F28D29DAF405D9F285A4C2F2D8A88D9439
:10C73C0001D1D9F411F2D88721D8F40AD8F284980F
:10C74C00A8C801D1D9F411D8F3A4C8BBAFD0F2DE7C
:10C75C00F8F8F8F8F8F8F8F8D8F1B8F6B5B9B08AEE
:10C76C0095A3DE3CA3D9F8D85CA3D9F8D87CA3D97F
:10C77C00F8D8F8F9D1A5D9DFDAFAD8B18530F7D9DC
:10C78C00DED8F830ADDADED8F2B48C99A32D557D15
:10C79C00A083DFDFDFB591A0F629D9FBD8A0FC2957
:10C7AC00D9FAD8A0D051D9F8D8FC51D9F9D879D91F
:10C7BC00FBD8A0D0FC79D9FAD8A1F9F9F9F9F9A0EC
:10C7CC00DADFDFDFD8A1F8F8F8F8F8ACDEF8ADDE88
:10C7DC008393AC2C547CF1A8DFDFDFF69D2CDAA020
:10C7EC00DFD9FADB2DF8D8A850DAA0D0DED9D0F8F2
:10C7FC00F8F8DB55F8D8A878DAA0D0DFD9D0FAF859
:10C80C00F8F8F8DB7DF8D89CA88CF530DB38D9D05B
:10C81C00DEDFA0D0DEDFD8A848DB58D9DFD0DEA021
:10C82C00DFD0DED8A868DB70D9DFDFA0DFDFD8F17E
:10C83C00A888902C547C98A8D05C38D1DAF2AE8CB5
:10C84C00DFF9D8B087A8C1C1B188A8C6F9F9DA3622
:10C85C00D8A8F9DA36D8A8F9DA36D8A8F9DA36D859
:10C86C00A8F9DA36D8F78D9DADF818DAF2AEDFD824
:10C87C00F7ADFA30D9A4DEF9D8F2AEDEFAF983A717
:10C88C00D9C3C5C7F1889BA77AADF7DEDFA4F884BE
:10C89C009408A797F300AEF29819A488C6A39488BD
:10C8AC00F632DFF28393DB09D9F2AADFD8D8AEF8DF
:10C8BC00F9D1DAF3A4DEA7F1889B7AD8F38494AE8D
:10C8CC0019F9DAAAF1DFD8A881C0C3C5C7A392832E
:10C8DC00F628ADDED9F8D8A350ADD9F8D8A378ADE9
:10C8EC00D9F8D8F8F9D1A1DADEC3C5C7D8A181949B
:10C8FC00F818F2B089ACC3C5C7F1D8B8B4B09786F4
:10C90C00A8319B069907AB9728889BF00C20144004
:10C91C00B0B4B8F0A88A9A285078B79BA829517956
:10C92C00247059446938644831F1BBAB88002C54ED
:10C93C007CF0B38BB8A804285078F1B088B4972653
:10C94C00A85998BBABB38B02264666B0B8F08A9C4C
:10C95C00A82951798B2951798A2470598B205871C7
:10C96C008A4469388B3940688A6448318B30496015
:10C97C0088F1AC002C547CF08CA804285078F188F9
:10C98C009726A85998AC8C02264666F0899CA82953
:10C99C005179247059446938644831A9880920595F
:10C9AC0070AB11384069A8193148608CA83C415CC7
:10C9BC00207C00F187981986A86E767EA999882D1F
:10C9CC00557DD8B1B5B9A3DFDFDFAED0DFAAD0DE9D
:10C9DC00F2ABF8F9D9B087C4AAF1DFDFBBAFDFDF68
:10C9EC00B9D8B1F1A3978E60DFB084F2C8F8F9D949
:10C9FC00DED89385F14AB183A308B5839A0810B7A2
:10CA0C009F10D8F1B0BAAEB08AC2B2B68E9EF1FB0E
:10CA1C00D9F41DD8F9D90CF1D8F8F8AD61D9AEFB21
:10CA2C00D8F40CF1D8F8F8AD19D9AEFBDFD8F41660
:10CA3C00F1D8F8AD8D61D9F4F4ACF59C9C8DDF2B5D
:10CA4C00BAB6AEFAF8F40BD8F1AED0F8AD51DAAE06
:10CA5C00FAF8F1D8B9B1B6A3839C08B9B1839AB5E9
:10CA6C00AAC0FD3083B79F10B58B93F20202D1ABF5
:10CA7C00DADED8F1B080BAABC0C3B284C1C3D8B1CE
:10CA8C00B9F38BA391B609B4D9ABDEB0879CB9A32B
:10CA9C00DDF1B38B8B8B8B8BB087A3A3A3A3B28B52
:10CAAC00B69BF2A3A3A3A3A3A3A3A3A3A3F1B087B1
:10CABC00B59AA3F39BA3A3DCBAACDFB9A3A3A3A33E
:10CACC00A3A3A3A3A3A3A3A3A3A3A3A3D8D8D8BB73
:10CADC00B3B7F1AAF9DAFFD9809AAA28B48098A73B
:10CAEC0020B79787A86688F07951F1902C870CA70E
:10CAFC0081976293F071716085940129517990A5A9
:10CB0C00F1284C6C870C95188578A38390284C6C75
:10CB1C00886CD8F3A28200F210A8921980A2F2D9E4
:10CB2C0026D8F188A84DD948D896A83980D93CD8B0
:10CB3C009580A839A68698D92CDA87A72CD8A889ED
:10CB4C009519A980D938D8A88939A980DA3CD8A8F0
:10CB5C002EA83990D90CD8A8953198D90CD8A809F9
:10CB6C00D9FFD801DAFFD89539A9DA26FFD890A8D1
:10CB7C000D8999A810809821DA2ED88999A831802E
:10CB8C00DA2ED8A886963180DA2ED8A8873180DAAA
:10CB9C002ED8A88292F34180F1D92ED8A882F3190D
:10CBAC0080F1D92ED882ACF3C0A28022F1A62EA798
:10CBBC002EA92298A829DAACDEFFD8A2F22AF1A974
:10CBCC002E8292A8F23180A696F1D900AC8C9C0CE6
:10CBDC0030ACDED0DEFFD88C9CACD010ACDE8092BA
:10CBEC00A2F24C82A8F1CAF235F19688A6D900D8E7
:10CBFC00F1FF00000024F400100C002000000000E5
:10CC0C0000000000EC190020541A0020BC1A00206F
:10CC1C000000000000000000000000000000000008
:10CC2C0000000000000000000000000000000000F8
:10CC3C0000000000000000000000000000000000E8
:10CC4C0000000000000000000000000000000000D8
:10CC5C0000000000000000000000000000000000C8
:10CC6C0000000000000000000000000000000000B8
:10CC7C0000000000000000000000000000000000A8
:10CC8C000000000000000000000000000000000098
:10CC9C000000000000000000010000000000000087
:10CCAC000E33CDAB34126DE6ECDE05000B0000004C
:10CCBC000000000000000000000000000000000068
:10CCCC000000000000000000000000000000000058
:10CCDC000000000000000000000000000000000048
:10CCEC000000000000000000000000000000000038
:10CCFC000000000000000000000000000000000028
:10CD0C000000000000000000000000000000000017
:10CD1C000000000000000000000000000000000007
:10CD2C0000000000000000000000000000000000F7
:10CD3C0000000000000000000000000000000000E7
:10CD4C000000000003000000EC190020430000006C
:10CD5C0000000000000000000000000000000000C7
:10CD6C0000000000000000000000000000000000B7
:10CD7C0000000000000000000000000000000000A7
:10CD8C000000000000000000000000000000000097
:10CD9C000000000000000000000000000000000087
:10CDAC000000000000000000000000000000000077
:10CDBC000000000000000000000000000000000067
:10CDCC000000000000000000000000000000000057
:10CDDC000000000000000000000000000000000047
:10CDEC000000000000000000000000000000000037
:10CDFC000000000000000000000000000000000027
:10CE0C000000000000000000000000000000000016
:10CE1C000000000000000000000000000000000006
:10CE2C0000000000000000000000000000000000F6
:10CE3C0000000000430000000000000000000000A3
:10CE4C0000000000000000000000000000000000D6
:10CE5C000000000043000000000000000000000083
:10CE6C0000000000000000000000000000000000B6
:10CE7C000000000043000000000000000000000063
:10CE8C000000000000000000000000000000000096
:10CE9C000000000043000000000000000000000043
:10CEAC000000000000000000000000000000000076
:10CEBC000000000043000000000000000000000023
:10CECC000000000000000000000000000000000056
:10CEDC000000000043000000000000000000000003
:10CEEC000000000000000000000000000000000036
:10CEFC0000000000430000000000000000000000E3
:10CF0C000000000000000000000000000000000015
:10CF1C0000000000913501080D2001080000000000
:10CF2C0068BC01086CB301089CB401089CB40108EE
:10CF3C009CB401089CB401089CB401089CB4010881
:10CF4C009CB401089CB401089CB40108FFFFFFFFCE
:10CF5C00FFFFFFFFFFFFFFFFFFFF0000010041533A
:10CF6C0043494900000000000000000000000000E0
:10CF7C000000000000000000000000000000415311
:10CF8C0043494900000000000000000000000000C0
:10CF9C000000000000000000000000000000000085
:10CFAC004300000000000000000000000000000032
:10CFBC000000000000000000000000000000000065
:10CFCC00FFFFFFFF00000200000000000000000057
:10CFDC00D80F0020D80F0020E00F0020E00F002019
:10CFEC00E80F0020E80F0020F00F0020F00F0020C9
:10CFFC00F80F0020F80F0020001000200010002077
:10D00C000810002008100020101000201010002024
:10D01C0018100020181000202010002020100020D4
:10D02C002810002028100020301000203010002084
:10D03C003810002038100020401000204010002034
:10D04C0048100020481000205010002050100020E4
:10D05C005810002058100020601000206010002094
:10D06C006810002068100020701000207010002044
:10D07C0078100020781000208010002080100020F4
:10D08C0088100020881000209010002090100020A4
:10D09C009810002098100020A0100020A010002054
:10D0AC00A8100020A8100020B0100020B010002004
:10D0BC00B8100020B8100020C0100020C0100020B4
:10D0CC00C8100020C8100020D0100020D010002064
:10D0DC00D8100020D8100020E0100020E010002014
:10D0EC00E8100020E8100020F0100020F0100020C4
:10D0FC00F8100020F8100020001100200011002072
:10D10C00081100200811002010110020101100201F
:10D11C0018110020181100202011002020110020CF
:10D12C00281100202811002030110020301100207F
:10D13C00381100203811002040110020401100202F
:10D14C0048110020481100205011002050110020DF
:10D15C00581100205811002060110020601100208F
:10D16C00681100206811002070110020701100203F
:10D17C0078110020781100208011002080110020EF
:10D18C00881100208811002090110020901100209F
:10D19C009811002098110020A0110020A01100204F
:10D1AC00A8110020A8110020B0110020B0110020FF
:10D1BC00B8110020B8110020C0110020C0110020AF
:10D1CC00C8110020C8110020D0110020D01100205F
:10D1DC00D8110020D8110020E0110020E01100200F
:10D1EC00E8110020E8110020F0110020F0110020BF
:10D1FC00F8110020F811002000120020001200206D
:10D20C00081200200812002010120020101200201A
:10D21C0018120020181200202012002020120020CA
:10D22C00281200202812002030120020301200207A
:10D23C00381200203812002040120020401200202A
:10D24C0048120020481200205012002050120020DA
:10D25C00581200205812002060120020601200208A
:10D26C00681200206812002070120020701200203A
:10D27C0078120020781200208012002080120020EA
:10D28C00881200208812002090120020901200209A
:10D29C009812002098120020A0120020A01200204A
:10D2AC00A8120020A8120020B0120020B0120020FA
:10D2BC00B8120020B8120020C0120020C0120020AA
:10D2CC00C8120020C8120020D0120020D01200205A
:10D2DC00D8120020D8120020E0120020E01200200A
:10D2EC00E8120020E8120020F0120020F0120020BA
:10D2FC00F8120020F8120020001300200013002068
:10D30C000813002008130020101300201013002015
:10D31C0018130020181300202013002020130020C5
:10D32C002813002028130020301300203013002075
:10D33C003813002038130020401300204013002025
:10D34C0048130020481300205013002050130020D5
:10D35C005813002058130020601300206013002085
:10D36C006813002068130020701300207013002035
:10D37C0078130020781300208013002080130020E5
:10D38C008813002088130020901300209013002095
:10D39C009813002098130020A0130020A013002045
:10D3AC00A8130020A8130020B0130020B0130020F5
:10D3BC00B8130020B8130020C0130020C0130020A5
:10D3CC00C8130020C8130020D0130020D013002055
:04D3DC00441D0020CC
:040000050800C449E2
:00000001FF
