:020000040800F2
:1000000000500020E91900083D0B0008410B0008D2
:10001000450B0008490B00084D0B000800000000CC
:10002000000000000000000000000000311A00087D
:10003000311A000800000000311A0008210B0008E6
:10004000311A0008311A0008311A0008311A000864
:10005000311A0008311A0008311A0008250B00086F
:10006000311A0008311A0008311A0008311A000844
:10007000311A0008311A0008311A0008311A000834
:10008000311A0008311A0008311A0008311A000824
:10009000311A0008311A0008311A0008311A000814
:1000A000311A0008311A0008311A0008311A000804
:1000B000311A0008311A0008311A0008311A0008F4
:1000C000311A0008311A0008311A0008311A0008E4
:1000D000311A0008311A0008311A0008311A0008D4
:1000E000311A0008311A0008311A00080000000017
:1000F0000000000000000000000000000000000000
:0C01000000000000000000005FF808F1A3
:10011000024610B578B1D178937800884B404340BF
:1001200083EA10231029D8B228BF102100230332FC
:10013000DCB2A14200D810BD12F8014F013360407B
:10014000F6E7F8B507460E4615461C46E3B1102AF9
:1001500018D802B1C1B1231D12220021184601F0A6
:10016000EFFC4AF65522A7702280E57025B11EB13A
:100170002A46314600F006FD2046FFF7C9FF2075EC
:100180000020F8BD0320FCE70720FAE7F8B50E468B
:100190001446054640B33AB3042901D80320F8BDFC
:1001A00016220021204601F0CBFC45F2AA532A88F2
:1001B0009A421BD14AF655232380AB78A370EA7884
:1001C000102AE270EAD8171DB742E7DA1AB1291DE2
:1001D000201D00F0D7FCED5D20462575FFF798FF48
:1001E000281A18BF0120DAE70720D8E70120D6E750
:1001F000112802460ED8112825D8DFE800F009267C
:100200001C1E2424242424242424242424242022C2
:100210001148704730281AD007D8202819D00F4B22
:100220000F48212A18BF184670470C4B0D48FF2A6B
:1002300018BF184670470C4870470C4870470C4868
:1002400070470C487047054870470B4870470B488B
:1002500070470B48704700BF68A6000870A60008EA
:10026000B8A60008DEA600087CA6000887A600083D
:1002700093A60008A1A60008E9A60008CAA60008DF
:10028000A7A6000870477047164B1A6842F48032E0
:100290001A601A689103FCD513490A6842F00202F9
:1002A0000A605A6822F480325A605A6842F4E012B6
:1002B0005A601A6842F080721A601A689201FCD57E
:1002C0005A685A605A6842F480625A605A685A60A2
:1002D0005A6842F002025A605A6802F00C02082A78
:1002E000FAD170470010024000200240024A936990
:1002F00043F01C0393617047001002404FF0E0236D
:10030000044A07215A6100229A611961024B1A605E
:10031000704700BF3F190100DC070020044A116844
:1003200013685B1A834200D3704730BFF8E700BF01
:10033000DC070020014B1868704700BFDC07002075
:10034000034B044ADA60BFF34F8F30BFFDE700BFB5
:1003500000ED00E00400FA05024A1368013313605F
:10036000704700BFDC07002070B50546FFF7E2FFCD
:100370000446074EFFF7DEFF031B632B01D9052060
:1003800070BDB38A9BB235EA0303F3D10020F7E7CF
:1003900000540040184B00209A6942F008029A610C
:1003A000DA6942F40012DA61144A116821F07061CE
:1003B0001160116841F030611160116821F07041E5
:1003C0001160116841F0304111601A6942F4001265
:1003D0001A611A6922F400121A612422A3F5DE338D
:1003E0009A80B4229A8325221A841A8892B242F003
:1003F00001021A80704700BF00100240000C01404B
:100400002DE9F74F884691461F460646002800F022
:10041000A380002900F0A08000244FF0600ADFF8DC
:100420003CB1BBF8003001209BB243F48073ABF8C1
:100430000030FFF799FF28B10134E4B2022CF0D963
:10044000052561E00220ABF810A0FFF78DFF38B161
:10045000BBF800309BB243F40073ABF80030EBE71D
:100460003546BBF8183008EB060380200093FFF7F1
:100470007BFF009B98B1BBF800309BB243F4007344
:10048000ABF80030BBF8003005209BB243F400739A
:100490000134ABF80030E4B2FFF740FFCCE715F8C9
:1004A000012B9D42ABF81020DFD10420FFF75CFF49
:1004B00005460028CCD1B9F1000F46D0002F44D01A
:1004C0003B78002B41D0BBF8003001209BB243F4B5
:1004D0008073ABF80030FFF747FF0028ACD16123F1
:1004E0000220ABF81030FFF73FFF0028B0D12946BB
:1004F000BBF81830194B3878CAB2904208D81A881D
:1005000092B242F480621A80284603B0BDE8F08FB0
:10051000013890420AD1188820F480600004000C51
:100520001880188880B240F4007018804020CDE90F
:100530000012FFF719FF0099019A084B01310028BA
:10054000A0D1188A09F80200D5E7044A13889BB2A3
:1005500043F400731380D7E70725D5E70054004024
:1005600000231A46FFF74CBF70B50E4605468EB005
:1005700058B351B30388C4785BBAADF808304388E8
:10058000ADF80A30FCB12246011D03A800F0FAFACA
:100590000434E4B22A7D152504F138036B44013498
:1005A00003F8302CE1B20DF1070308AA02A88DF878
:1005B0000750FFF725FF20B93246294608A8FFF764
:1005C000E5FD0EB070BD0424E4E70720F9E710B59F
:1005D00004468CB0C0B100226B4611460220FFF7E2
:1005E000B0FD034668B9684606A9FFF7BDFF03469C
:1005F00038B99DF81A20032A08D107AA03CA206037
:10060000616018460CB010BD0723FAE70223F8E733
:10061000002200B589B01146112002ABFFF791FD11
:1006200080B9BDF8083005215BBAADF80030BDF8DF
:100630000A306846ADF802309DF81C308DF8043061
:10064000FFF78EFF09B05DF804FB00BF01220A4BE3
:100650005A6102225A61094A90811189890706D597
:1006600006490A89120604D401221A61704700BFA4
:10067000F3E700BFF5E700BF00080140003001408C
:1006800001220A4B5A6102221A61094A908111899A
:10069000890706D506490A89120604D401221A617F
:1006A000704700BFF3E700BFF5E700BF0008014057
:1006B0000030014010B54FF480620021064801F07F
:1006C0003FFA4FF48064013C0020A4B2FFF7D8FF4A
:1006D000002CF8D110BD00BFE0070020404A38B51B
:1006E0009369404C43F4805343F0040393612368BF
:1006F000102523F0704323F4700323602368A2F5D0
:10070000604243F0304343F43003236023680A20FF
:1007100023F4702323F0FF032360236843F4403362
:1007200043F033032360112323614FF44773138095
:1007300013889BB243F0400313806561FFF7EEFD21
:100740000A202561FFF7EAFDAE20FFF77FFFD520E5
:10075000FFF77CFF8020FFF779FFA820FFF776FFE7
:100760003F20FFF773FFD320FFF770FF0020FFF754
:100770006DFF4020FFF76AFF8D20FFF767FF142011
:10078000FFF764FF2020FFF761FF0020FFF75EFF07
:10079000A120FFF75BFFC820FFF758FFDA20FFF723
:1007A00055FF1220FFF752FF8120FFF74FFFCF20A8
:1007B000FFF74CFFD920FFF749FFF120FFF746FF75
:1007C000DB20FFF743FF4020FFF740FFA620FFF7A5
:1007D0003DFFAF20FFF73AFFBDE83840FFF76ABFA3
:1007E000001002400008014070472DE9F0410A2640
:1007F000044688B08846174600214FF480621F489F
:100800001D4601F09DF994FBF6F306FB13440534F5
:1008100024B294FBF6F41621194A009402A801F0C0
:1008200049F943461621174A02A801F043F93B460D
:100830001621154A02A801F03DF94FF47A72B5FB72
:10084000F2F302FB1355ADB2B5FBF6F59DF8381087
:10085000009501910D4A162102A801F02BF94FF4E1
:100860008064064D013C15F8010BA4B2FFF708FFA8
:10087000002CF7D108B0BDE8F08100BFE0070020F0
:10088000EEA60008FCA6000807A7000812A70008AB
:1008900038B54FF480620021074801F051F94FF458
:1008A0008064054D013C15F8010BA4B2FFF7E8FE8A
:1008B000002CF7D138BD00BFE007002038B54FF459
:1008C00080620021074801F03BF94FF48064054D38
:1008D000013C15F8010BA4B2FFF7D2FE002CF7D1B2
:1008E00038BD00BFE0070020AE20AFE6164B9A6986
:1008F00042F008029A61DA6942F00202DA61A3F575
:1009000082331A6822F00F021A601A6842F00B0252
:100910001A604722A3F584331A8540F2E7329A859C
:100920004FF4FA729A879A8B92B242F060029A83DD
:100930001A8C92B242F480721A841A8822F0010250
:100940001204120C1A80704700100240074A1388E4
:1009500030B19BB243F001031380054B1870704710
:1009600023F001031B041B0CF6E700BF000400404A
:10097000E00B0020022810B50DD003281BD0012861
:1009800018D1FFF7E3FF6420FFF7C8FC0020BDE8A3
:100990001040FFF7DBBF03240120FFF7D7FFC8207B
:1009A000FFF7BCFC0020FFF7D1FF9620FFF7B6FC55
:1009B000013CF1D110BD0120E9E70020FFF7C6BFDF
:1009C000014B1878704700BFE00B002010B5034CB6
:1009D0002070FFF7AFFC606010BD00BFE40B00208B
:1009E00008B5FFF7A7FC054B5B68C01A40F6B833A3
:1009F000984294BF0020012008BD00BFE40B0020F6
:100A00000022034B0120C3E903221A725A61DDE779
:100A1000E40B002013B5FFF78DFCB0F5FA7F02D987
:100A20000620FFF7D3FF354C2378072B63D8DFE888
:100A300003F004090D1C2E49525CFFF7E1FF012071
:100A400002B010BD0220FFF7C1FFF8E72C48FFF706
:100A5000BEFD20B9237B022B05D90420F3E7FFF765
:100A6000BFFF0028EBD00320EDE70020FFF7BCFE1E
:100A7000237B622100934FF4B470E3892269FFF76E
:100A8000B4FEFFF7ADFF0028D9D00620DBE7012038
:100A9000FFF7AAFEE28A217B607BFFF7F9FE0220C6
:100AA000FFF768FF237A33B100232372FFF785FF36
:100AB0000520FFF78BFFFFF793FF0028BFD0FFF75C
:100AC0007CFFE2E7FFF779FFFFF7F8FE4FF4FA70DB
:100AD000FFF724FCD9E7FFF7F1FEFFF799FD10B906
:100AE0000720FFF773FF0720ADE7FFF7FDFEFFF7D5
:100AF00064FF30BFFDE70020A5E700BFE40B002046
:100B0000F00B0020014B1878704700BFE40B002069
:100B100010B10122014B1A72704700BFE40B002094
:100B2000FFF71ABC044B5A69920704D50222012030
:100B30005A61FFF7EDBF70470004014000BFFDE7B9
:100B4000FFF7FEBB00BFFDE700BFFDE700BFFDE70D
:100B50004FF00062014B9A60704700BF00ED00E06B
:100B6000014B024A1A6070470000002000A24A04AC
:100B70004CAE000800000020DC070020DC0700204D
:100B80005C0F0020844641EA000313F0030349D1BF
:100B9000403A23D30B6803604B6843608B688360E3
:100BA000CB68C3600B6903614B6943618B698361E7
:100BB000CB69C3610B6A03624B6A43628B6A8362CF
:100BC000CB6AC3620B6B03634B6B43638B6B8363B7
:100BD000CB6BC36340304031403ADBD230320BD371
:100BE0000B6803604B6843608B688360CB68C360AD
:100BF00010301031103AF3D20C3205D351F8043BC7
:100C000040F8043B043AF9D2043208D0D2071CBFA2
:100C100011F8013B00F8013B01D30B8803806046CB
:100C2000704700BF082A13D38B07B1D010F003031D
:100C3000AED0C3F10403D21ADB071CBF11F8013B8D
:100C400000F8013BA4D331F8023B20F8023B9FE7B8
:100C5000043AD9D3013A11F8013B00F8013BF9D22B
:100C60000B7803704B7843708B78837060467047C5
:100C700080EA010C1CF0030F37D110F0030C20F0B8
:100C8000030021F0030150F8042B08BF51F8043B86
:100C90000ED08CF0030C6FF07F434FEACC0C23FA9C
:100CA0000CFC51F8043B42EA0C0243EA0C0300BF7F
:100CB000A2F1013C9A4201BF2CEA020C1CF0803FD9
:100CC00050F8042B51F8043BF2D04FEA02604FEA8F
:100CD0001222012828BFB0EB036F08BF1B0AF4D013
:100CE00003F0FF03000EC01A704710F0030F0AD084
:100CF00010F8012B11F8013B012A28BF9A42F4D0C9
:100D0000A2EB030070474DF8045D50F8042B01F08E
:100D1000030521F0030151F8043B022D26D04DD8E4
:100D200022F07F45B5EB132FA2F1013C2CEA020C17
:100D30000DD11CF0803C08BF51F8043B0AD185EA74
:100D40000205B5EB036F0CD150F8042BE8E74FEA2E
:100D500013235BE03CF07F4C54D10B784FEA1265D3
:100D600054E04FEA126503F0FF034FE04FEA0245FB
:100D7000A2F1013C4FEA15452CEA020CB5EB134FEA
:100D800018D11CF0803C08BF51F8043B07D185EA1C
:100D90000205B5EB034F09D150F8042BE6E75FEAF3
:100DA0000C4C2FD10B884FEA12452FE04FEA03433A
:100DB0004FEA12454FEA134328E000BF02F0FF0557
:100DC000B5EB136FA2F1013C2CEA020C0DD11CF023
:100DD000803C08BF51F8043B0AD185EA0205B5EB17
:100DE000032F0AD150F8042BE8E74FEA13630DE014
:100DF00012F0FF0F06D051F8043B4FEA122523F002
:100E00007F4303E04FF0000020BC704705F0FF0275
:100E100003F0FF00012828BF904204BF2D0A1B0ADF
:100E2000F4D0A2EB000020BC704700BF70B54FF0BB
:100E3000FF0C4CF4E06C1CEA11541DBF1CEA135566
:100E400094EA0C0F95EA0C0F00F0DEF82C4481EACE
:100E5000030621EA4C5123EA4C5350EA013518BFEE
:100E600052EA033541F4801143F4801338D0A0FBDB
:100E700002CE4FF00005E1FB02E506F00042E0FB88
:100E800003E54FF00006E1FB03569CF0000F18BF8E
:100E90004EF0010EA4F1FF04B6F5007F64F5407436
:100EA00004D25FEA4E0E6D4146EB060642EAC621C9
:100EB00041EA55514FEAC52040EA5E504FEACE2E36
:100EC000B4F1FD0C88BFBCF5E06F1ED8BEF1004F39
:100ED00008BF5FEA500E50F1000041EB045170BDB5
:100EE00006F0004646EA010140EA020081EA0301F9
:100EF000B4EB5C04C2BFD4EB0C0541EA045170BDF5
:100F000041F480114FF0000E013C00F3AB8014F16E
:100F1000360FDEBF002001F0004170BDC4F10004B7
:100F2000203C35DA0C341BDC04F11404C4F1200538
:100F300000FA05F320FA04F001FA05F240EA020093
:100F400001F0004221F0004110EBD37021FA04F6C9
:100F500042EB06015EEA430E08BF20EAD37070BD83
:100F6000C4F10C04C4F1200500FA04F320FA05F0E2
:100F700001FA04F240EA020001F0004110EBD370E4
:100F800041F100015EEA430E08BF20EAD37070BD54
:100F9000C4F1200500FA05F24EEA020E20FA04F32D
:100FA00001FA05F243EA020321FA04F001F00041DC
:100FB00021FA04F220EA020000EBD3705EEA430E4D
:100FC00008BF20EAD37070BD94F0000F0FD101F07C
:100FD0000046400041EB010111F4801F08BF013CB5
:100FE000F7D041EA060195F0000F18BF704703F0F3
:100FF0000046520043EB030313F4801F08BF013D7A
:10100000F7D043EA0603704794EA0C0F0CEA135535
:1010100018BF95EA0C0F0CD050EA410618BF52EAEF
:101020004306D1D181EA030101F000414FF00000F5
:1010300070BD50EA410606BF1046194652EA430603
:1010400019D094EA0C0F02D150EA013613D195EA77
:101050000C0F05D152EA03361CBF104619460AD1BF
:1010600081EA030101F0004141F0FE4141F47001C9
:101070004FF0000070BD41F0FE4141F4780170BDB9
:1010800081F0004102E000BF83F0004330B54FEA39
:1010900041044FEA430594EA050F08BF90EA020FA6
:1010A0001FBF54EA000C55EA020C7FEA645C7FEA39
:1010B000655C00F0E2804FEA5454D4EB5555B8BF5C
:1010C0006D420CDD2C4480EA020281EA030382EACD
:1010D000000083EA010180EA020281EA0303362D5F
:1010E00088BF30BD11F0004F4FEA01314FF4801C32
:1010F0004CEA113102D0404261EB410113F0004F44
:101100004FEA03334CEA133302D0524263EB4303FA
:1011100094EA050F00F0A780A4F10104D5F1200E98
:101120000DDB02FA0EFC22FA05F2801841F10001F3
:1011300003FA0EF2801843FA05F359410EE0A5F1C7
:1011400020050EF1200E012A03FA0EFC28BF4CF0F8
:10115000020C43FA05F3C01851EBE37101F00045AE
:1011600007D54FF0000EDCF1000C7EEB00006EEBBB
:101170000101B1F5801F1BD3B1F5001F0CD3490845
:101180005FEA30004FEA3C0C04F101044FEA44529C
:1011900012F5800F80F09A80BCF1004F08BF5FEA23
:1011A000500C50F1000041EB045141EA050130BD03
:1011B0005FEA4C0C404141EB0101013C28BFB1F515
:1011C000801FE9D291F0000F04BF01460020B1FA60
:1011D00081F308BF2033A3F10B03B3F120020CDA33
:1011E0000C3208DD02F1140CC2F10C0201FA0CF011
:1011F00021FA02F10CE002F11402D8BFC2F1200C76
:1012000001FA02F120FA0CFCDCBF41EA0C0190402B
:10121000E41AA2BF01EB0451294330BD6FEA040474
:101220001F3C1CDA0C340EDC04F11404C4F120025F
:1012300020FA04F001FA02F340EA030021FA04F371
:1012400045EA030130BDC4F10C04C4F1200220FAC8
:1012500002F001FA04F340EA0300294630BD21FA06
:1012600004F0294630BD94F0000F83F4801306BFCC
:1012700081F480110134013D4EE77FEA645C18BFC0
:101280007FEA655C29D094EA050F08BF90EA020F57
:1012900005D054EA000C04BF1946104630BD91EA4F
:1012A000030F1EBF0021002030BD5FEA545C05D152
:1012B0004000494128BF41F0004130BD14F5800491
:1012C0003CBF01F5801130BD01F0004545F0FE4105
:1012D00041F470014FF0000030BD7FEA645C1ABF3A
:1012E000194610467FEA655C1CBF0B46024650EA71
:1012F000013406BF52EA033591EA030F41F400219D
:1013000030BD00BF90F0000F04BF0021704730B522
:101310004FF4806404F132044FF000054FF00001F7
:1013200050E700BF90F0000F04BF0021704730B5B8
:101330004FF4806404F1320410F0004548BF40428D
:101340004FF000013EE700BF42004FEAE2014FEAE2
:1013500031014FEA02701FBF12F07F4393F07F4FBD
:1013600081F06051704732F07F4208BF704793F0C0
:101370007F4F04BF41F40021704730B54FF46074D3
:1013800001F0004521F000411CE700BF50EA0102D6
:1013900008BF704730B54FF000050AE050EA01027F
:1013A00008BF704730B511F0004502D5404261EBEF
:1013B00041014FF4806404F132045FEA915C3FF430
:1013C000D8AE4FF003025FEADC0C18BF03325FEACD
:1013D000DC0C18BF033202EBDC02C2F1200300FA7E
:1013E00003FC20FA02F001FA03FE40EA0E0021FAA3
:1013F00002F11444BDE600BF70B54FF0FF0C4CF491
:10140000E06C1CEA11541DBF1CEA135594EA0C0F42
:1014100095EA0C0F00F0DEF82C4481EA030621EA7D
:101420004C5123EA4C5350EA013518BF52EA0335B8
:1014300041F4801143F4801338D0A0FB02CE4FF06A
:101440000005E1FB02E506F00042E0FB03E54FF09A
:101450000006E1FB03569CF0000F18BF4EF0010E92
:10146000A4F1FF04B6F5007F64F5407404D25FEA8E
:101470004E0E6D4146EB060642EAC62141EA555141
:101480004FEAC52040EA5E504FEACE2EB4F1FD0C83
:1014900088BFBCF5E06F1ED8BEF1004F08BF5FEA01
:1014A000500E50F1000041EB045170BD06F00046B3
:1014B00046EA010140EA020081EA0301B4EB5C0460
:1014C000C2BFD4EB0C0541EA045170BD41F4801158
:1014D0004FF0000E013C00F3AB8014F1360FDEBF7D
:1014E000002001F0004170BDC4F10004203C35DA59
:1014F0000C341BDC04F11404C4F1200500FA05F3DC
:1015000020FA04F001FA05F240EA020001F000427C
:1015100021F0004110EBD37021FA04F642EB0601F2
:101520005EEA430E08BF20EAD37070BDC4F10C041C
:10153000C4F1200500FA04F320FA05F001FA04F2E0
:1015400040EA020001F0004110EBD37041F10001CC
:101550005EEA430E08BF20EAD37070BDC4F12005D7
:1015600000FA05F24EEA020E20FA04F301FA05F23F
:1015700043EA020321FA04F001F0004121FA04F2E7
:1015800020EA020000EBD3705EEA430E08BF20EAB7
:10159000D37070BD94F0000F0FD101F000464000F1
:1015A00041EB010111F4801F08BF013CF7D041EA73
:1015B000060195F0000F18BF704703F00046520077
:1015C00043EB030313F4801F08BF013DF7D043EA48
:1015D0000603704794EA0C0F0CEA135518BF95EAFE
:1015E0000C0F0CD050EA410618BF52EA4306D1D185
:1015F00081EA030101F000414FF0000070BD50EAA4
:10160000410606BF1046194652EA430619D094EA2D
:101610000C0F02D150EA013613D195EA0C0F05D117
:1016200052EA03361CBF104619460AD181EA03016B
:1016300001F0004141F0FE4141F470014FF0000023
:1016400070BD41F0FE4141F4780170BD70B54FF0BE
:10165000FF0C4CF4E06C1CEA11541DBF1CEA13553E
:1016600094EA0C0F95EA0C0F00F0A7F8A4EB050420
:1016700081EA030E52EA03354FEA013100F0888017
:101680004FEA03334FF0805545EA131343EA1263E0
:101690004FEA022245EA111545EA10654FEA002695
:1016A0000EF000419D4208BF964244F1FD0404F54E
:1016B000407402D25B084FEA3202B61A65EB0305AA
:1016C0005B084FEA32024FF480104FF4002CB6EB67
:1016D000020E75EB030E22BFB61A754640EA0C00E7
:1016E0005B084FEA3202B6EB020E75EB030E22BF27
:1016F000B61A754640EA5C005B084FEA3202B6EB68
:10170000020E75EB030E22BFB61A754640EA9C0026
:101710005B084FEA3202B6EB020E75EB030E22BFF6
:10172000B61A754640EADC0055EA060E18D04FEAB4
:10173000051545EA16754FEA06164FEAC30343EA54
:1017400052734FEAC2025FEA1C1CC0D111F4801F21
:101750000BD141EA00014FF000004FF0004CB6E71A
:1017600011F4801F04BF01430020B4F1FD0C88BFB9
:10177000BCF5E06F3FF6AFAEB5EB030C04BFB6EBC4
:10178000020C5FEA500C50F1000041EB045170BDB7
:101790000EF0004E4EEA113114EB5C04C2BFD4EBE4
:1017A0000C0541EA045170BD41F480114FF0000E68
:1017B000013C90E645EA060E8DE60CEA135594EAE4
:1017C0000C0F08BF95EA0C0F3FF43BAF94EA0C0FE7
:1017D0000AD150EA01347FF434AF95EA0C0F7FF45C
:1017E00025AF104619462CE795EA0C0F06D152EAB0
:1017F00003353FF4FDAE1046194622E750EA410694
:1018000018BF52EA43067FF4C5AE50EA41047FF4A4
:101810000DAF52EA43057FF4EBAE12E74FF0FF3C09
:1018200006E000BF4FF0010C02E000BF4FF0010CDA
:101830004DF804CD4FEA410C7FEA6C5C4FEA430C53
:1018400018BF7FEA6C5C1BD001B050EA410C0CBFA2
:1018500052EA430C91EA030F02BF90EA020F002004
:10186000704710F1000F91EA030F58BF994208BF6B
:1018700090422CBFD8176FEAE37040F00100704728
:101880004FEA410C7FEA6C5C02D150EA013C07D17F
:101890004FEA430C7FEA6C5CD6D152EA033CD3D0CA
:1018A0005DF8040B704700BF8446104662468C46C4
:1018B0001946634600E000BF01B5FFF7B7FF0028F7
:1018C00048BF10F1000F01BD4DF808EDFFF7F4FF20
:1018D0000CBF012000205DF808FB00BF4DF808EDAB
:1018E000FFF7EAFF34BF012000205DF808FB00BFCE
:1018F0004DF808EDFFF7E0FF94BF012000205DF8F0
:1019000008FB00BF4DF808EDFFF7CEFF94BF0120A4
:1019100000205DF808FB00BF4DF808EDFFF7C4FF9D
:1019200034BF012000205DF808FB00BF4FEA410CE6
:101930007FEA6C5C02D150EA013C0AD14FEA430CC9
:101940007FEA6C5C02D152EA033C02D14FF0000006
:1019500070474FF0010070474FEA410212F5001244
:1019600015D211D56FF47873B3EB625212D94FEAE6
:10197000C12343F0004343EA505311F0004F23FAD0
:1019800002F018BF404270474FF00000704750EA25
:10199000013005D111F0004008BF6FF000407047E2
:1019A0004FF00000704700BF08B5FEF76DFCFEF772
:1019B000A5FCFEF79BFCFEF7EDFC68B9FEF78EFE7A
:1019C000FEF794FFFFF71CF8FFF724F820B1FEF7AD
:1019D000B1FCB0F5FA7FF7D9FEF71AFEFEF784FFE7
:1019E000FEF7EBFF30BFFDE7FFF7B2F80B480C49FD
:1019F0000C4A002302E0D458C4500433C4188C426B
:101A0000F9D3094A094C002301E013600432A242D1
:101A1000FBD300F0E3F8FFF7C7FF7047000000209A
:101A2000DC0700204CAE0008DC0700205C0F002023
:101A3000FEE7000008B410B5002A04469DB034DB70
:101A40004FF4027C4FF00003ADF814C01B934FF627
:101A5000FF7C0291069120AB15D0013A04920792C7
:101A600002A91F9A0193ADF816C000F0DFF8421CDE
:101A700001DA8B2323600022029B1A701DB0BDE89F
:101A8000104001B070470492079202A91F9A019377
:101A9000ADF816C000F0CAF8431C01DA8B232360AE
:101AA0001DB0BDE8104001B070478B234FF0FF30F0
:101AB0002360F5E70CB410B5204B00291C689CB0DE
:101AC00036DB4FF000034FF402721B934FF6FF7C9E
:101AD00002900690ADF814201FAB16D001391E9A63
:101AE00004910791204602A90193ADF816C000F0B9
:101AF0009DF8421C01DA8B2323600022029B1A709E
:101B00001CB0BDE8104002B0704704910791204618
:101B10001E9A02A90193ADF816C000F087F8431C85
:101B200001DA8B2323601CB0BDE8104002B070477F
:101B30008B234FF0FF302360F5E700BF0400002047
:101B4000830730B546D08446841805E0634603F821
:101B5000011B9D0703D09C46A445F7D130BD013A37
:101B60000244A2EB0C02032A29D9CCB204EB0424D0
:101B70000F2A04EB04442FD9A2F1100C2CF00F0C07
:101B800003F11005AC44C3E90044C3E90244103337
:101B90006345F8D112F00C0F02F00F0E18D01A4660
:101BA0002EF0030C9C44AEF1040542F8044B624550
:101BB000FBD125F0030404330EF003022344002A72
:101BC000CCD0C9B21A4403F8011B9342FBD130BDFB
:101BD0007246F4E70346C6E79646E0E770B50F4B5A
:101BE0000F4DAB42A3EB050607D00024B61055F805
:101BF000043B01349847A642F9D8FEF743FB094D50
:101C0000094B5E1BAB424FEAA60606D0002455F8EE
:101C1000043B01349847A642F9D870BD4CAE000889
:101C20004CAE00084CAE00084CAE00082DE9F04F59
:101C3000DBB00C4615460A910E93834603F02CF850
:101C400003681846179303F06BF9082216900021D9
:101C50002AA8FFF775FFA3891B0603D52369002B6C
:101C600001F0A980002300249E46CDE92F330023F4
:101C700031AACDE912342F461446CDE91AEE2E9240
:101C8000CDF860E0CDF864E0CDF820E0CDF844E098
:101C90003D466E4BD3F8E46002F0ECFF0DF1A80C6A
:101CA00003462A46584626A9CDF800C0B04700286A
:101CB00000F09F80C0F29580269B252B01D0054423
:101CC000E7E7B5EB0708064640F0978000224FF0A3
:101CD000FF339246079301352B788DF88F200992B8
:101CE00099460135A9F120035A2B00F2B180DFE8B3
:101CF00013F03A02AF00AF003602AF00AF00AF0002
:101D00001902AF00AF006A00F301AF00EF01FC0160
:101D1000AF00F8015B005B005B005B005B005B00F9
:101D20005B005B005B00AF00AF00AF00AF00AF0037
:101D3000AF00AF002301AF007901F70223012301B7
:101D40002301AF00AF00AF00AF00F302AF00AF0060
:101D50004402AF00AF00AF00B601AF009902AF0080
:101D6000AF00B707AF00AF00AF00AF00AF00AF00EC
:101D7000AF00AF002301AF0079016401230123010B
:101D80002301180364017400AF003103AF00220384
:101D900066033B037400AF00B6017200D202AF00CD
:101DA000AF002908AF0072000022A9F1300315F836
:101DB000019B02EB820203EB4202A9F13003092BE3
:101DC000F5D909928EE70E9B53F8042B002A09924D
:101DD0000E93C0F27A812B7882E72B784AF0200AA2
:101DE0007EE7082200212AA8FFF7AAFE0120054469
:101DF0004FE7B5EB0708064610D02F9A309B01320B
:101E00004344072AC4E9007830932F9215DC083444
:101E1000089B43440893002E7FF458AF309B002B5F
:101E200041F058830A9B9B8903F04003002B41F04B
:101E3000F08708985BB0BDE8F08F58460A992EAA43
:101E400002F01CF80028EDD131ACE1E73C020020A3
:101E5000B9F1000FE2D0002301228DF804910C9219
:101E600041AF8DF88F300B93CDE90623CDE90F33C9
:101E70001493309E1AF08403314600F0E2809DF8FE
:101E80008F20FAB14FF000082F980122013001365F
:101E9000626007280DF18F02CDE92F06226000F362
:101EA000FB830834B8F1000F0CD02F9802220130C8
:101EB00002366260072824AACDE92F06226000F3CB
:101EC000DF830834802B00F0E482079B0C9AA3EB9D
:101ED0000208B8F1000F00F324831AF4807F40F069
:101EE00081820C9B27601E4463602F9B30960133D8
:101EF000072B2F9300F36D8308341AF0040F05D0DD
:101F0000099B069A9F1A002F00F3D483DDE908325B
:101F100006998A42ACBF9B185B180893002E40F0CC
:101F2000388300232F930B9B1BB158460B9904F069
:101F30006FF92F4631ACABE60E9B073323F0070158
:101F4000F1E80223CDE91223139B1E9223F00043F4
:101F50001F930E914FF0FF32DDE91E01AE4BFFF7EC
:101F6000E5FC002840F02186DDE91E014FF0FF323C
:101F7000A94BFFF7BDFC0646002840F01686DDE9B8
:101F80001201002200232AF0800AFFF7A7FC002894
:101F900041F04B819DF88F30B9F1470FCCBF9F4F77
:101FA0009F4F002B41F021860322CDE90F330B9385
:101FB0000C920793149306925BE71AF0200F40F0FF
:101FC000A5850E9A1AF0100F52F8046B41F026877F
:101FD0001AF0400F0E9201F01C8146F3C0384346C0
:101FE00036B28EE10E9BB9F1430F03F1040603D024
:101FF0001AF0100F00F0B886082200212CA8FFF775
:102000009FFD0E9A41AF2CAB39465846126805F039
:1020100079FE034601330C9001F0F6860C9B23EA0F
:10202000E373069300230E96309ECDE90F338DF8AF
:102030008F300B93079314931AF0840331467FF487
:102040001EAF099A0698A2EB0008B8F1000F00F342
:102050002B849DF88F20002A3FF437AF12E700232E
:10206000DDF838808DF88F3058F8047B002F00F0B1
:102070009186B9F1530F01F012801AF010030F93FB
:1020800041F00D80079B002BC1F236821A4638467C
:102090000F9902F005FF9DF88F300B90002801F09A
:1020A0008F850B9ACDF83880D21B0C9222EAE2720F
:1020B000069213B11346013306930F9B4FF0730939
:1020C0000793149310930B93D3E6099B5B420993F8
:1020D0002B784AF0040A03E62B238DF88F302B78F7
:1020E000FEE52B784AF0800AFAE5294611F8019BB3
:1020F000B9F12A0F01F07586A9F13003092B98BFB9
:10210000002201F22C8411F8019B02EB820203EB06
:102110004202A9F13003092BF5D942EAE2730D46D8
:102120000793DFE5584602F0B7FD43681846199358
:1021300002F0F6FE1B900646584602F0ADFD81689F
:102140002B781A91002E3FF4CBAD00293FF4C8AD97
:102150000A78002A3FF4C4AD4AF4806AC0E52B78BF
:102160004AF0010ABCE59DF88F202B78002A7FF405
:10217000B7AD20228DF88F20B2E51AF0200F4AF07B
:10218000100000F0BB840E9B073323F007031A46B0
:10219000596852F8083B0E9200228DF88F20079A5A
:1021A000002A18DB53EA010220F4906A15D1079A3D
:1021B0009AB910F001031A46069300F04B873023BA
:1021C0008DF86731079B0C92CDE90F3314930B9375
:1021D0000DF267174DE620F4806A5AAF03F007024C
:1021E000DB0843EA4173C908303253EA0106384636
:1021F00007F8012DF2D11AF001010F9140F023836D
:10220000079A5AABDB1B9A42B8BF1A460C93069248
:10221000149110910B912CE6FFFFEF7F2CA7000883
:1022200028A700081AF0200F4AF0100138D10E9BA1
:102230001A1D4FF000080E9B07981B6840451E466C
:102240008DF88F80C0F2808521F0800A002B00F08D
:1022500089840E920A2E78F1000380F0B78306F18C
:102260003003DBB28DF86731079B0DF26717012B46
:10227000B8BF0123069301230C939DF88F30002BE8
:1022800001F0A985069B013306930023CDE90F33A6
:102290000B931493EDE51AF0200F00F04C84514697
:1022A0000E9B073323F007031A46D3F8048000235C
:1022B0008DF88F30079B52F8086B002B0E92C0F2FE
:1022C000448556EA080321F0800AC3D1079B002BFE
:1022D00000F04D840026C2E72B784AF0080AFFE49C
:1022E0001AF0200F4AF0100100F01A840E9B8A4663
:1022F000073323F007031A465B6852F8086B9846C9
:102300000E92002BC0F25183079A002AA2DB56EAF4
:1023100008032AF0800A9DD1002A01F05980302359
:10232000A0E72B78682B03BF6B784AF4007A01355D
:102330004AF0400AD4E40E9A1AF0200F02F1040386
:1023400000F01E84126808991160C91751602F4669
:102350000E939DE42B786C2B03BF6B784AF0200A18
:1023600001354AF0100ABBE4002647F630030E9A06
:10237000079F52F8041BB742ADF890308DF88F607C
:102380000B46C0F2E5842AF0800040F0020A0029E2
:1023900040F0D586002F01F0228030238DF8673180
:1023A000012306974FF078098C46CDE90B13109165
:1023B0000E9214910F910DF2671700F0A6BC1AF05F
:1023C000200F40F0EF830E9A1AF0100152F8043BF0
:1023D00041F02A851AF0400000F00B8750460E921B
:1023E0009BB2D9E6B9F1650F40F3FD80DDE912013A
:1023F00000220023FFF768FA002800F0A0810123E3
:1024000063602F9BB24A01330136072B30962F931E
:10241000226000F338860834259B119A934280F29B
:102420006483169B179A1E44C4E900232F9B3096A1
:102430000133072B2F9300F3A1840834119B5F1EF7
:10244000002F7FF75AAD102F2F9B41F35384A149E2
:1024500032464FF010080E46DDF82890159104E042
:102460000834103F102F40F3A98001331032072B9E
:10247000C4E90068CDE92F32F2DD494658462EAA5C
:1024800001F0FCFC002840F08C80DDE92F3231ACFB
:10249000E7E7099B069AA3EB0208B8F1000F7FF764
:1024A00014ADB8F1100F2F9A41F32C83DFF824C23A
:1024B0002146304610232E4664460A9DCDF854C06E
:1024C00006E0A8F11008B8F1100F01F1080118DDBD
:1024D00001321030072AC1E90043CDE92F20F0DD99
:1024E000294658462EAA01F0C9FC002859D1DDE939
:1024F0002F20A8F11008B8F1100F4FF0100331A9E8
:10250000E6DC35460C4606460132159B4644072A52
:10251000CDE92F262360C4F8048000F3FE8508343B
:10252000D3E46C4BB8F1100F2F9A159324DD21469C
:1025300010230A9C06E0A8F11008B8F1100F01F171
:10254000080118DD013263481036072AC1E900038B
:10255000CDE92F26EFDD214658462EAA01F08EFC4C
:10256000F8B9DDE92F26A8F11008B8F1100F4FF0E7
:10257000100331A9E6DC0C460132159B4644072ABC
:10258000CDE92F262360C4F8048000F302820834CA
:10259000A3E458460A992EAA01F070FC00283FF4E3
:1025A000C0AC0B9B002B3FF43DAC58460B9903F09D
:1025B0002FFE0A9B9B8903F0400337E41646159AC9
:1025C00001333E44072B22606760CDE92F367FF749
:1025D00093AC58460A992EAA01F050FC0028E0D18D
:1025E000309E31AC89E42F9B013603F10108119B29
:1025F00004F10809012B40F33D810123B8F1070FD5
:10260000CDE92F862760636000F36282169B08F194
:102610000108179A1E44B8F1070FC9E90023CDE954
:102620002F8600F3488209F10809119B0022DDE999
:1026300012015C1E0023FFF747F9002840F07E815D
:1026400008F1010801372644B8F1070FCDE92F86BC
:10265000C9F80070C9F8044000F3198109F10809AC
:10266000189A08F101031644C9F80420072B28AA78
:10267000CDE92F36C9F80020ABDC09F108043CE4B1
:1026800058460A992EAA159301F0F8FB002888D124
:10269000309E159B31AC15E458460A992EAA159325
:1026A00001F0ECFB00287FF47CAF309E159B31AC31
:1026B000FFF7F8BB102F2F9B41F39481064AAA46DF
:1026C0004FF010081546DDF8289015920BE000BF7A
:1026D00068A70008C4A90008D4A90008103F102F5B
:1026E00004F1080415DD01331036072BC4E9005846
:1026F000CDE92F36F2DD494658462EAA01F0BEFB41
:1027000000287FF44EAFDDE92F36103F102F31AC9B
:10271000E9DC55460133159A3E44072BC4E90027EE
:10272000CDE92F367FF7F2AB58460A992EAA01F071
:10273000A5FB00287FF435AF309EFFF7E7BB259956
:10274000002940F34C84DDF83C90119B9945A8BFCB
:102750009946B9F1000F0ADD2F9B4E440133072B38
:10276000C4E9007930962F9300F38C870834DDF8A4
:102770003C80B9F1000FA8BFA8EB0908B8F1000F21
:1027800000F328830F9B1AF4806F3B4440F04B8387
:10279000259A11998A4203DB1AF0010F00F0328664
:1027A000169917980E44C4E900012F99309601310B
:1027B00007292F9101F382800834119907EB010852
:1027C000A8EB03088F1AB845A8BFB846B8F1000FA8
:1027D0000BDD23602F9B46440133072BC4F8048094
:1027E00030962F9301F3EF800834B8F1000FA8BFA3
:1027F000A7EB0807002F7FF780AB102F2F9B41F32B
:102800007982C44932464FF010080E46DDF8289010
:10281000159104E00834103F102F7FF7CFAE01333D
:102820001032072BC4E90068CDE92F32F2DD4946AA
:1028300058462EAA01F022FB00287FF4B2AEDDE953
:102840002F3231ACE7E7302A00F0538430230238CE
:10285000002207F8013C07465AAB1B1A0B920C9357
:102860000799CDE90F229942B8BF194614920691F3
:10287000FFF7FFBA1AF0010F7FF4BFAE0123B8F1E2
:10288000070FCDE92F86276063607FF7E9AE5846D2
:102890000A992EAA01F0F2FA00287FF482AEDDE94F
:1028A0002F860DF1C409DBE62F9AB8F1100F41F322
:1028B0005280DFF864C220462095102665460A9CA7
:1028C000CDF854C0219306E0A8F11008B8F1100F1C
:1028D00000F1080017DD01321031072AC0E9005667
:1028E000CDE92F21F0DD214658462EAA01F0C6FA87
:1028F00000287FF456AEDDE92F21A8F11008B8F1C9
:10290000100F31A8E7DC0446209D219B159808EBA9
:1029100001062060501C0728CDE92F06C4F804806A
:1029200000F382839DF88F200834002A40F0E28073
:10293000002B3FF4CAAA1346FFF7B8BA119B012B2C
:102940007FF78EAE112B41F35B82724932464346CC
:1029500010270E46DDF82880159105E009F10809D9
:10296000103C102C40F31D8401331032072BC9E9B1
:102970000067CDE92F32F1DD414658462EAA01F01D
:102980007DFA00287FF40DAEDDE92F320DF1C40988
:10299000E6E758460A992EAA01F070FA00287FF45B
:1029A00000AE309E31ACFFF798BA2D238DF88F30F2
:1029B000079B764268EB4808002BFFF64BAC0A2ECB
:1029C00078F100032AF0800AFFF449AC0AF480632E
:1029D000CDE90B494FF0000C1C46DDF868905AA970
:1029E000069526E016EB08034C4843F10003A0FBD4
:1029F000032020F0030202EB90029B1A4FF0CC322E
:102A0000B6464546F31A02FB03F2444868F1000853
:102A100000FB0822A3FB0063BEF10A0F13444FEA38
:102A2000560675F10005394646EAC3764FEA530863
:102A30002DD33A4D16EB080343F10003A5FB032009
:102A400020F0030202EB90029B1AF31AA3FB05325B
:102A500068F1000005FB00225B0843EAC27303EB48
:102A60008303A6EB430330330CF1010C4F1E01F836
:102A7000013C002CB6D099F800306345B2D1BCF1CE
:102A8000FF0FAFD00A2E78F1000380F0EF83079A92
:102A90005AABDB1B9A42B8BF1A46069DCDF8689028
:102AA0000B9CDDF83090CDF844C00C9306929DF855
:102AB0008F30FFF7E4BB58460A992EAA01F0DEF9E1
:102AC00000287FF46EADDDE92F860DF1C409ACE579
:102AD00058460A992EAA01F0D1F900287FF461AD79
:102AE000DDE92F860DF1C40990E51AF0010F3FF4DE
:102AF00004AA96E498460023FFF7C7B90E9B1A1D57
:102B00000E9B00211B680E92FFF746BB5146FFF754
:102B1000EDBB00BFC4A90008D4A90008CDCCCCCC23
:102B20000E9B1A1D0E9B8A461E680E924FEAE6788F
:102B30004346FFF7E6BB0E9A1AF0100852F8043B22
:102B400041F06F811AF0400100F03D839EB2079B77
:102B50008DF88F80002BFFF67CAB2AF0800A002EC8
:102B60007FF477AB079B0E92002B7FF4B3ABCDE9DC
:102B70000F330C93149306930B935AAFFFF779B965
:102B80001AF0100F40F0D5821AF0400F40F09C84EC
:102B90001AF4007F00F0CD820E9A08991268117025
:102BA000FFF7D5BB5046FFF7EEBADDE9120102464A
:102BB0000B46FEF7BBFE0646002841F01D80B9F12A
:102BC000610F00F09985B9F1410F00F0CD86079BA8
:102BD000013300F0C484B9F1670F139B4AF4807885
:102BE00000F09C87B9F1470F00F098870B90DDE962
:102BF0001212002A1346C0F2898700231593DDE9DB
:102C00001223CDE91C23A9F14103252B00F21584E1
:102C1000DFE813F03F07130413041304B0041C058A
:102C200013041304130413041304130413041304EC
:102C300013041304130413041304130413041304DC
:102C400013041304130413041304130413041304CC
:102C5000130413043F07130413041304B0041C05E6
:102C6000B8481AF0200600F075810E9B073323F058
:102C700007031A465E6852F8083B0E921AF00102EA
:102C800000F0778153EA060200F0ED8130228DF8E2
:102C9000902000228DF88F20079A8DF89190002ABD
:102CA000C0F293812AF4906242F0020A03F00F020C
:102CB000825C0AF002011B0943EA06738DF8672162
:102CC000320953EA16160DF267170BD003F00F0600
:102CD000865D1B0943EA0273120907F8016D53EA86
:102CE0000206F3D1079A5AAB4FF0000CDB1B9A4255
:102CF000B8BF1A46CDE90FCC0C930692CDF82CC084
:102D0000CDF850C000293FF4B4A8DDE92F06069B9A
:102D10003146023306931AF08403024608D1DDF8E7
:102D200024E0DDF81880AEEB0808B8F1000F07DCEE
:102D3000BCF1000F3FF4BAA84FF00208FFF7A5B8A6
:102D40000223B2E580488CE70E928A46FFF782BAEA
:102D50000E927D4A03F00F07104602214FF07809CA
:102D6000D25D4AF0020AA6E70E9B41AF1B688DF8C0
:102D70000431012306930C93FFF754B958460A997E
:102D80002EAA01F07BF800287FF40BAC309E31AC0A
:102D9000FFF754BB079B3A46062B28BF062307972D
:102DA0000B97CDE90F22694F0693CDF838800C932D
:102DB0001492FFF75EB84021584603F065FB0A9B6A
:102DC00018601861002801F0518040230A9A53616D
:102DD000FEF748BFB8F1100F2F9B41F30D805C4800
:102DE000224631464FF0100906460A9C159006E02F
:102DF0000832A8F11008B8F1100F40F3BD8201337A
:102E00001031072BC2E90069CDE92F31F0DD2146F1
:102E100058462EAA01F032F800287FF4C2ABDDE953
:102E20002F3131AAE5E7119A3146BA1807922246A6
:102E30001C46109BDDF85080002BCDF854A0DDF827
:102E400068901B9EDDF828A00F95149731DDB8F12E
:102E5000000F40F3128108F1FF382F98199B0130C1
:102E600031440728C2E9003630912F9000F3A28048
:102E70000832079B99F800001F1B8742A8BF07462E
:102E8000002F0CDD2F98394401300728C2E9004794
:102E900030912F9000F3348199F800000832002F10
:102EA000B4BF0546C51B002D15DC0444109B002B48
:102EB000CDDCB8F1000FCEDC2346149F1446119AE6
:102EC0000E46BA18934228BF13460F9DDDF854A052
:102ED000CDF868905CE4102D2F981D4B23DD0C94E9
:102EE00010272C461D4604E0103C102C02F108026D
:102EF00016DD0130164B10310728C2E90037CDE945
:102F00002F01F1DD514658462EAA00F0B7FF0028E8
:102F10007FF447ABDDE92F01103C102C31AAE8DC2F
:102F20002B4625460C9C013029440728CDE92F016A
:102F30001360556000F3988399F800000832044448
:102F4000B4E700BF4CA7000838A7000860A7000836
:102F5000C4A900080E9A52F8043B0E921AF010020F
:102F60007FF48CAE1AF0400100F04D8116469BB202
:102F700084E68DF88F20079A002A28DB53EA0602A0
:102F80002AF4906A7FF492AE079A002A00F0E0805B
:102F9000012AB8BF0122037806928DF86731012219
:102FA00000230C92CDE90F330B930DF267171493A6
:102FB000FEF75FBF514658462EAA00F05FFF00287B
:102FC0007FF4EFAA309931AA53E74AF0020A03F0DE
:102FD0000F020AF00201825C2AF4806A6BE6012388
:102FE00063602F9B9E4A01330136072B30962F9347
:102FF000226000F3E1810834002940F0AB80119A8F
:103000000AF0010313433EF478AF169B179A1E444F
:10301000C4E900232F9B30960133072B2F9300F335
:10302000918204F10802A6E058460A992EAA159347
:1030300000F024FF00287FF4B4AA9DF88F20309E72
:10304000159B002A00F0A580984631AC03462F98C6
:10305000FEF71BBF079B5AAFCDE90F330C931493B8
:103060000B93FEF706BF0021079B8DF88F108B4254
:10307000C0F2EE802AF4906A86E7109B09F1FF39CE
:10308000013B1093E9E658460A992EAA00F0F6FE95
:1030900000287FF486AA309E31ACFFF7BDB9082224
:1030A00000212CA82797FEF74BFD079B002BC0F2B1
:1030B000288100260695CDF82C80354698460FE0ED
:1030C0002CAB584641A904F01DFE431C06F1040632
:1030D000284400F04285404506DC00F0A8850546FE
:1030E000279B9A59002AEBD10C95DDF82C80069D80
:1030F00015E100225AABDB1B0B920C93FFF7B0BB20
:10310000514658462EAA00F0B9FE00287FF449AA7D
:1031100099F80000309931AAC1E658460A992EAABA
:1031200000F0ACFE00287FF43CAA309E31ACFEF7E4
:10313000CCBE0E9A089912681160FFF708B9494889
:103140000E9201F00F024FF078090221825CB2E585
:10315000079B0CE5169B179A1E44C4E900232F9B7E
:1031600030960133072B2F9300F3EC8104F1080212
:103170000029C0F23B84119901330E44072BCDE99D
:103180002F36176051603FF724AA02F10804FEF7BA
:10319000B4BE002B00F0408113462F9831ACFEF7EF
:1031A00085BE1646984608F10108159B2644B8F1DD
:1031B000070FCDE92F86C9F80030C9F804407FF722
:1031C0004DAAFFF764BB1AF4007840F028810799F4
:1031D0001E4600298DF88F80FFF63BA82AF0800A52
:1031E000002B7FF436A80B460E9200297FF472A8BC
:1031F000BDE41AF4007100F01C8101460E925046A5
:10320000DBB2FEF7C9BF1AF400761CBF0E46DBB274
:1032100034E51AF4007F14BF46F3C0184FEAE6788D
:10322000434618BF76B2FFF76CB82D238DF88F3068
:1032300003230C930423B9F1470F0B96069300F375
:103240005481CDE90F66084F07961496FEF711BE1C
:1032500003782AF4806A8DF867310DF2671741E52B
:1032600068A7000838A7000828A700081B9A199922
:10327000BD1A284601F008F899F801300BB109F1A0
:1032800001094FF0CC314FF0010CB84A16EB08039E
:1032900043F10003A2FB030E2EF0030000EB9E009F
:1032A0001B1AF31A03FB01F168F10008A3FB0230BB
:1032B00002FB081123FA0CF3014443EAC17621FA18
:1032C0000CF816EB080343F10003A2FB031020F0F7
:1032D000030101EB90015B1AF31AA3FB023168F1C1
:1032E000000002FB001223FA0CF343EAC27303EB63
:1032F0008303A6EB430330336F1E05F8013CFFF751
:10330000BABB2CAB009300235846194627AA04F0F9
:103310004BFD034601330C9000F01F8427970C9B54
:10332000002B39D0632B00F3F780002341AF0B93C0
:10333000082200212CA8FEF703FC0C9E2CAB009366
:1033400039463346584627AA04F02EFD864240F0FF
:10335000878500230C9ABB5422EAE2719DF88F20E6
:103360000691002A40F07683CDE90F220792CDF82E
:1033700038801492FEF77DBD14460E460133159A2F
:103380004644072BCDE92F362260C4F8048000F3B1
:10339000CD800834FFF7F6B99DF88F30CDF838802E
:1033A000003B18BF012306930C9BCDE90F33079315
:1033B00014930B93FEF75DBD58460A992EAA00F0B0
:1033C0005DFD00287FF4EDA82599309E31AC13E611
:1033D0009DF88F3006920C925AAFFEF750BFDDF881
:1033E0001CC04FF078090E92CDF840C0CDF850C007
:1033F000CDF830C0CDF83CC0CDF818C05AAFCDF8EC
:103400002CC082E407EB0108A8EB03088F1AB8452B
:10341000A8BFB846FFF7E9B931ACFEF756BDDEB23A
:10342000079B8846002B8DF88F10BFF696ABFEF7F2
:1034300010BF50460E92FEF7AFBE079B5846019351
:10344000022300932CAB049327AB039325AB029389
:10345000DDE91C2301F068FE07461AF0010F40F079
:10346000AD82259A2C9BD11CA3EB070311930F92DD
:10347000C0F2338207999142C0F22081934200F357
:10348000F4820F9B0C931AF4806F03D00F9B002BD8
:1034900000F3DB83C2464FF067090C9B23EAE3731A
:1034A0000693002314931093159B0AF00201002B3E
:1034B00000F0D0804FF02D0C8DF88FC0069B0133AB
:1034C0000693002307931DE40E9A08991268118051
:1034D000FEF73DBF0A9C584621462EAA00F0CEFCBE
:1034E000A38903F04003FEF7A1BCCDE90F66204F8E
:1034F00007961496FEF7BDBC384601F011FD9DF805
:103500008F3020EAE0720C900692CDF83880002BC4
:103510003EF4D3ADFEF7CEBD5846591C02F0B4FFC1
:103520000746002800F08E840B9001E758460A9960
:103530002EAA00F0A3FC00287FF433A8309E31AC03
:10354000FFF720B958460A992EAA00F097FC0028E8
:103550007FF427A8DDE92F36259931AA08E606234E
:103560000B9007934AF48078FFF741BBCDCCCCCCCD
:103570002CA700080223079A0132119200932CAB6A
:10358000119E049327AB039325AB019602935846F3
:10359000DDE91C2301F0C8FD29F02003462B074676
:1035A0000693064400F05581DDE91C01002200234A
:1035B000FEF78AF9002840F015832C9B9E4240F2CA
:1035C0000F834522069230215A1C2C9219702C9B95
:1035D000B342F9D3DB1B1193259B0F93069B472B1B
:1035E00064D0069B462B00F04F810F9B8DF8A09076
:1035F000013B002B2593C0F277812B22092B8DF8FC
:10360000A12000F37A8130228DF8A2200DF1A302CF
:10361000303302F8013B28ABD31A1893119B189A48
:10362000012B1A440C9240F3A3820C9B169A13446C
:103630000C932AF4806343F4807A00230C9ACDE93A
:103640000F3322EAE272149306922DE7079B11933F
:10365000032393E79DF88FC0BCF1000F7FF42EAFDA
:10366000159B0793FFF74EBB514658462EAA00F014
:1036700005FC00287EF495AF99F80000309931AA36
:10368000044413E458460A992EAA00F0F7FB0028D8
:103690007EF487AF309E31ACFFF769B8259B0F935E
:1036A000F31B1193069B472B40F0EE800F9B0333D7
:1036B000C0F21381079B0F9A93420FDA0F9BA9F177
:1036C0000209013B002B8DF8A090259395DA2D225D
:1036D0000F9B8DF8A120C3F1010394E7119B0F9A72
:1036E000934200F3C2811AF0010F0F9B00F0068392
:1036F000169A13440C93C6E647F63003ADF89030A3
:10370000079B4AF0020A632B00F3DF81DDE9121206
:10371000002AC0F2B581DDE9120125AA01F02EFCD4
:1037200000224FF07F53FDF767FE02460B46CDE9BE
:103730000C2300230022FEF7C7F80346002800F000
:10374000E0820123159625930B9641AFAD4B06936E
:10375000079BB846591E07950F94CDF840901497D3
:103760008946DDE90C45069FCDF844A007E000221C
:103770000023FEF7A9F8002840F00C82D146002271
:10378000A14B20462946FDF737FE0D460446FEF7BD
:10379000E3F80646FDF7C6FD02460B4620462946DD
:1037A000FDF772FCBB5DB9F1FF3F424604460D4692
:1037B00009F1FF3A08F8013BD9D1CDE90C45DDE923
:1037C000109A079D914B079200220F9C149FFEF7C1
:1037D000A3F840B9DDE90C0100228C4BFEF774F828
:1037E000E0B1F0071AD5079B2C93069B18F8012C23
:1037F000D97B4346914209D1302003F8010C2C9B20
:103800005A1E2C9213F8012C8A42F6D0392A0BBF8B
:10381000069A0132927AD2B203F8012C259AA8EBCB
:1038200007031193B9F1610F02F1FF33259300F003
:10383000928250214FF04109002B8DF8A010C0F268
:1038400071822B22092B8DF8A12056DC0DF1A202EA
:10385000DEE63B78302B00F09081259B1E44002251
:10386000DDE91C010023FEF72FF800287FF416AFD6
:103870002C9B9E423FF6A7AEDB1B1193259B0F931B
:10388000069B472B3FF412AF0F99079A0AF00103EA
:10389000002943EA020340F37582002B40F0CE81F9
:1038A0004FF066090F9B0C931AF4806F40F0CF81A4
:1038B0000C9BC24623EAE3730693F2E558460A9945
:1038C0002EAA079300F0DAFA00287EF46AAE259A51
:1038D000309E079B31ACFEF770BF0F9BA9F1020928
:1038E000013B8DF8A09025932D220F9B8DF8A120F0
:1038F000C3F10103092B7FF786AE0DF1B70C6246C9
:10390000DFF80CE11E461046AEFB0321C90801EBAF
:103910008102A3EB42023032632E00F8012C0B46E9
:1039200000F1FF32EEDC303302F8013C831E6345C8
:1039300080F04E820DF1A10213F8011B634502F8DD
:10394000011FF9D103F5B4736B44C43B1B1A28AAB9
:103950009B1A189362E62F481590FEF7D7BF0023F5
:103960000D460793FEF7BEB945F63003ADF890302B
:10397000079B4AF0020A632B00F3A780DDE91212CD
:10398000002A7DDBDDE9120125AA01F0F7FA002209
:103990004FF07F53FDF730FD02460B46CDE90C2377
:1039A00000220023FDF790FF08B101232593002397
:1039B000194A1593069241AF0B93C9E64723069324
:1039C000079BFE184BE758460A992EAA00F056FAB4
:1039D00000287EF4E6AD259F119B309E31ACDF1BA5
:1039E000FEF703BF0B4A1592FEF794BEC1F1000823
:1039F000103180F232820948314610240646159073
:103A000014E000BF38A70008000030400000E03F8D
:103A1000CDCCCCCCD4A900084CA70008C4A9000880
:103A20000832A8F11008B8F1100F5CDD0133103135
:103A3000072BC2E90064CDE92F31F1DD58460A9920
:103A40002EAA00F01BFA00287EF4ABADDDE92F3181
:103A500031AAE6E7069ACDE90F3301320793CDF894
:103A6000388006921493FEF704BA119B169A9A189E
:103A70000F9B0C92002B40F311814FF0670913E765
:103A800013461C912D2103F100430B96159141AF74
:103A90001D9325AADDE91C0101F070FA00224FF008
:103AA0007F53FDF7A9FC02460B46CDE90C2300220B
:103AB0000023FDF709FF08B101232593B9F1610F38
:103AC0003FF444AEAA4B069342E6079B5846591C66
:103AD00002F0DAFC0746002800F096810B904AF4C9
:103AE0008078FFF784B80E46013315994644072BBA
:103AF000CDE92F361160C2F8048000F3DB80083274
:103B0000FFF739BB9B4B1593FEF7FEBC1C912D2193
:103B100003F1004315911D93FFF775B8079A002A2A
:103B200000F0F580002BC0F24A81DDE91223CDE9D7
:103B30001C231596079B58460193022300932CAB38
:103B4000049327AB039325AB0293DDE91C2301F01B
:103B5000EBFA002307460B937FE400220A9B0B92AB
:103B6000B3F90C3043F040030A9A9381FEF719BD74
:103B70001AF0010F3FF45DAD57E50022DDE91C01AD
:103B80000023FDF7A1FE002800F0D580259B0F93B0
:103B90001E4485E54946DDE9109A0029079D0F9CE2
:103BA000149FFFF63BAE424630204B1C434402F8C4
:103BB000010B9A42FBD108EB010303F101082DE64A
:103BC000CDF83880002B00F0BB80079B4FF07309C5
:103BD0000C9301330693079014901090FEF749B9A7
:103BE000DB1B1193259B0F93FFE403220023CDE9F8
:103BF0000B320422FEF738B9139B2AF0800A13F027
:103C000000430F9363D02D2303228DF88F300023C0
:103C1000CDE90B320422B9F1470F069240F3C88078
:103C2000CDE90F33544F07931493FEF722B9079B46
:103C3000069DDDF82C800C93FFF771BB169B0A44A0
:103C4000D3184FF066090C932EE64FF067091A99C6
:103C50000B78FF2B00F0FD8000260F9A304603E022
:103C600001300131FF2B08D0934206DAD21A4B788B
:103C7000002BF5D10B780136F4E7CDE90F201A912E
:103C80001496109A149B1B9913440C9AC24601FB7C
:103C900003230C9323EAE373069305E4C3F10103C2
:103CA0001A4422EAE273C2464FF067090C92069367
:103CB000FFF7F7BB58460A992EAA00F0DFF8002854
:103CC0007EF46FACDDE92F3631AAFFF754BA9DF8C8
:103CD0008F30B9F1470FCCBF274F284F002B40F052
:103CE000A680032207930C92149310930B930692D1
:103CF000FEF7BFB81F4A1592FEF761BC0C93FFF7A1
:103D0000C2BB1F4A1593069241AF0B9320E5002BCF
:103D100023DB079B159301230793DDE91223CDE9EC
:103D20001C2307E7C2F101032D22092B8DF8A120E6
:103D30003FF7E3AD8AE5119BC3F1010325938DE5C0
:103D4000079B4FF073090C9306930B9B14931093EE
:103D50000793FEF78EB870216EE52D21DDE9122361
:103D60001591012103F100431C9207911D93E1E697
:103D70004CA70008C4A9000834A7000830A7000811
:103D800038A70008C24633B901234FF066090693ED
:103D90000C93FFF786BB169B03F10109079B4B446D
:103DA0000C9323EAE3734FF066090693FFF779BBA0
:103DB000CDE90F332F4F07931493FEF75AB82D21F7
:103DC000DDE9122303F100431C9215911D93B1E626
:103DD0000223189322E4CDE90F330B931493FEF7DB
:103DE00048B80E9A6B780D4652F8041B0E9241EAC1
:103DF000E1720792FDF774BF1F4A1592FFF7BEBA32
:103E00001D4B1593FFF7CFB90A9A938943F04003EE
:103E100093814FF0FF330893FEF70BB85146FEF73E
:103E200081BE5146FEF705BA5046FEF769BE032231
:103E300000230C92042207930692149310930B9381
:103E4000FEF717B80A9B0B90B3F90C3043F0400310
:103E50008AE600231493109313E70749159143E66C
:103E60000A9BB3F90C3043F040037DE60C23CBF8FA
:103E70000030CEE730A70008C4A900082DE9F041C2
:103E8000154692682C68FAB107468846083402E065
:103E900013460834C3B16B685E1E002B6E6013DDE1
:103EA00054F8046C002EF3D033464146384654F89B
:103EB000082C03F09FFF431C07D0AA680834921B0C
:103EC0001346AA60002BE6D100200023C5E9013388
:103ED000BDE8F081024A0349034800F069B900BF18
:103EE00048010020B57E0008080000200C4B416806
:103EF00010B59942044601D003F0DCFFA168094BDC
:103F0000994202D0204603F0D5FFE168064B994262
:103F100004D02046BDE8104003F0CCBF10BD00BF68
:103F2000FC0B0020640C0020CC0C002008B54B6E6C
:103F3000DA0702D48B899B0501D5002008BD886D66
:103F400000F046FF002008BD08B54B6EDA0702D42A
:103F50008B899B0501D5002008BD886D00F040FFCE
:103F6000002008BD2DE9F84300250423304C314AD8
:103F70003149DFF8C890DFF8C880324F324E116007
:103F800004F15C0029460822C4E90335C4E9005560
:103F9000C4E90555A5606566FDF7D2FD04F158003A
:103FA000C4E90749C4E90987E66200F009FF274B25
:103FB0002946082204F1C4006367C4E91A55C4E91C
:103FC0001E552567C4F8CC50C4F88050FDF7B8FDE5
:103FD00004F1680304F1C000C4F88430C4E92298F5
:103FE000C4E9247600F0ECFE194B294604F59670DE
:103FF0000822C4F8DC30C4E93455C4E93855C4F8A3
:10400000D850C4F83451C4F8E850FDF799FD04F1D4
:10401000D003C4E93D87C4F8F09004F59470C4F867
:10402000FC60C4F8EC30BDE8F84300F0C9BE00BF46
:10403000FC0B0020340D0020D53E0008F54100089F
:104040001D4200085D42000881420008090001008D
:1040500012000200F8B506462A4800F0B9FE2A4BC5
:104060001B68002B43D0294FD7E90134013B04D50D
:1040700024E05A1C04F1680420D0B4F90C50013B30
:10408000002DF6D1224B04F15800E360656600F084
:1040900097FE1C4800F0A4FE08222946C4E90155F9
:1040A000C4E904552560A56104F15C00FDF748FDF5
:1040B000C4E90C55C4E911552046F8BD3D680DB161
:1040C0002F46D1E74FF4D671304602F0DDF90446B1
:1040D00080B104230560294625460C304FF4D07288
:1040E000A0606360FDF72CFD3C602F46BCE7FFF746
:1040F00039FFB8E703483C6000F072FE0C233360E0
:10410000DAE700BF1C0F0020340D0020480100201A
:104110000100FFFF10B504460A4800F059FE636B2A
:1041200023B9094B094A1B68626323B1BDE81040FB
:10413000044800F055BEFFF715FFBDE810400148E8
:1041400000F04EBE1C0F0020340D0020ED3E000894
:10415000014800F03DBE00BF1C0F0020014800F0E8
:104160003FBE00BF1C0F002008B5054800F030FE20
:10417000BDE808400020034A034900F019B800BF19
:104180001C0F0020480100202D3F000808B500202A
:10419000044A054900F00CF8BDE80840034800F067
:1041A0001FBE00BF48010020493F00081C0F00202F
:1041B0002DE9F8434FF0000980460F461646D6E930
:1041C0000154013D10D4A389012B08D9B4F90E3054
:1041D000013304D021464046B84749EA0009013D71
:1041E0006B1C04F16804EED13668002EE7D1484616
:1041F000BDE8F88310B50C46B1F90E1000F0B2FD21
:10420000002803DB236D0344236510BDA38923F439
:104210008053A38110BD00BF002070472DE9F041FD
:104220000C46B1F90C101F46CB05054616460BD4BB
:1042300021F48051A1813B4632462846B4F90E1044
:10424000BDE8F04100F0A4BDB4F90E100223002235
:1042500000F072FDB4F90C10EAE700BF10B50C468F
:10426000B1F90E1000F068FDB4F90C30421C0EBF1D
:1042700023F4805343F480532065A38110BD00BF15
:10428000B1F90E1000F010BD40EA01039B0710B514
:1042900024D1032A22D98E468446DEF80040714696
:1042A000A4F1013323EA040313F0803F0EF1040E5E
:1042B00015D1043A032A4CF8044BEED8714601F1AB
:1042C000FF3E52B163461EF8011F541E03F8011B46
:1042D00041B122469C46002AF4D110BD844601F12A
:1042E000FF3EEEE79444002CF7D003F8011B634532
:1042F000FBD110BD70B50F4D0F49104800F072FD95
:104300002C4605F1A00621460B48FCF7B1FC2034F1
:1043100018B9B442F7D1094870BD0949074803F0FC
:10432000C7FF29460548203503F0C2FFB542F4D146
:10433000F1E700BF7C0200205C0200205401002055
:104340006CA700082DE9F04F00EB411705460E461B
:104350008FB0394610461446FCF78AFC18B9384627
:104360000FB0BDE8F08F2046A249FCF781FC002881
:1043700000F0C1802046A049FCF77AFC002800F03C
:10438000B3802378432B00F0BB80613B192B15D8F9
:104390006378613B192B11D8A378A3F16102192A24
:1043A00096BFE37804F1020904F103095F2B0AD0F8
:1043B0002E2B00F0BF8213F0BF0F13D0002738461A
:1043C0000FB0BDE8F08F99F80130413B192BF5D8BB
:1043D00099F80230413B192BF0D899F8033009F1D4
:1043E0000309E5E70DF118084046844900F0FAFC9E
:1043F00099F80030402B00F08C824FF00009CA463B
:10440000CB469DF81830413B342BD7D801A252F847
:1044100023F000BF8B480008BD4300082D4800086A
:10442000BD430008F1470008BD430008BD47000830
:10443000BD4300081D470008FD4600083D46000832
:10444000BD430008BD430008BD430008BD4300084C
:10445000DD450008BD430008BD430008BD45000818
:104460008145000833450008BD430008BD430008EE
:10447000BD430008BD430008BD430008BD4300081C
:10448000BD430008BD430008BD430008BD4300080C
:10449000BD4300088B480008BD4300082D480008B4
:1044A000BD430008F1470008BD430008BD470008B0
:1044B000BD4300081D470008FD4600083D460008B2
:1044C000BD430008BD430008BD430008BD430008CC
:1044D000DD450008BD430008BD430008BD45000898
:1044E00081450008334500080DF11808404644494D
:1044F00000F078FC81E720463F4900F073FC39E783
:1045000063782D3B012B3FF659AF04F102090DF101
:1045100018084946404600F065FC4021404603F03B
:10452000E7FE08B100230370404600F0F9FC814427
:104530005EE74046334903F099FE30B140463249C8
:1045400003F094FE00287FF439AF40462D4900F077
:1045500049FC06232D4A01932D4B022E00F0B08119
:10456000062E04D1414605F5A57000F03BFC21461E
:10457000384600F037FC074638460FB0BDE8F08FEC
:1045800003224046234903F03FFF00287FF416AF83
:104590009DF81B3020492D2B14BF0DF11B0007A8DF
:1045A000FCF766FB00287FF409AF40461B4900F08A
:1045B00019FC01231A4A01931A4BCEE740461A49C7
:1045C00003F054FE00287FF4F9AE4046164900F08F
:1045D00009FC0223154A0193154BBEE740461549D5
:1045E00003F044FE00287FF4E9AE4046124900F093
:1045F000F9FBDEE770A7000878A7000884A7000889
:104600007CA70008B0A70008B8A70008297B00080D
:10461000456A000840A8000844A8000848A8000807
:104620000D7B0008196A0008D4A70008C97B0008A0
:10463000456C000830A8000838A80008042240464D
:10464000C34903F0E1FE00287FF4B8AE9DF81C30AA
:104650002D2B06BF9DF81D300DF11D0207AA522B10
:1046600000F029811378543B212B3FF6A7AE01A21D
:1046700052F823F0AD480008A3480008BD430008E5
:10468000BD430008BD430008BD430008BD4300080A
:10469000BD430008BD430008BD430008BD430008FA
:1046A000BD430008BD430008BD430008BD430008EA
:1046B000BD430008BD430008BD430008BD430008DA
:1046C000BD430008BD430008BD430008BD430008CA
:1046D000BD430008BD430008BD430008BD430008BA
:1046E000BD430008BD430008BD430008B7480008AB
:1046F000BD430008AD480008A3480008404695495E
:1047000003F0B4FD00287FF459AE4046914900F013
:1047100069FB0823904A0193904B1EE70322404611
:104720008F4903F071FE00287FF448AE9DF81B30DE
:1047300004222D2B14BF0DF11B0307AB184689492A
:10474000019303F061FE00287FF438AE019B05A9B8
:104750001A792D2A18BF181D4FF00A0208BF581DDC
:1047600003F0BCF9421E0F2A3FF628AE0C28019038
:104770003FF424AE059A1278002A7FF41FAE7A49DE
:10478000404600F02FFB019B78480A2BC4BF312222
:104790008DF821204FF00002CCBF0DF122010DF168
:1047A00021014A7080FB0320DA17C2EBA00202EB62
:1047B0008202A3EB420330330B70FAE60822404634
:1047C0006B4903F021FE00287FF4F8AD9DF82030FE
:1047D00068492D2B14BF08A80DF1210003F046FDF8
:1047E00000287FF4EBAD4046634900F0FBFAE0E6B9
:1047F00003224046614903F007FE00287FF4DEAD46
:104800009DF81B305E492D2B14BF0DF11B0007A82E
:1048100003F02CFD00287FF4D1AD4046594900F04B
:10482000E1FA0323584A0193584B96E69DF8193054
:1048300003F0DF03502B7FF4C1AD02225449404600
:10484000FFF722FD0A2205A90DF11A0003F046F92F
:10485000059B1B78002B7FF4B1ADB0F5697F3FF469
:10486000B8AE00F3A58040F26A3398423FF7A6AD98
:1048700040F25133984240F3B280464BA0F252309E
:10488000C340DB073FF595AE98E54046424903F04B
:10489000EDFC00287FF492AD40463F4900F0A2FABB
:1048A00087E640463D4900F09DFA82E640463C4995
:1048B00000F098FA7DE640463A4900F093FA78E62F
:1048C000414605F59570CDE9022300F08BFA029A76
:1048D000039B019E41462846C5F8E020C5F8E43018
:1048E00085F8286103F080FAB9F1000F0BD1BAF115
:1048F000000F08D1012E06D09DF81890B9F1550986
:1049000018BF4FF00109BBF1000F0ED1C5F8E890B8
:104910002DE609F1010B58462349FCF7A9F9824617
:1049200058B981464FF0010B6BE54FF0FF33C5F8E6
:10493000E8301CE609F10109E9E558461B49FCF796
:1049400097F9814600283ED183464FF0010A58E589
:10495000F8A70008C0A700088D7C0008956D000826
:10496000DCA70008E0A70008E8A7000867666666FD
:1049700018A8000824A8000828A80008C4A7000850
:10498000C8A70008CCA700081D7C0008D56C00084B
:10499000F4A70008A51101017CA7000808A80008D9
:1049A00010A8000800A8000890A700089CA700080D
:1049B00040F2654398423FF4FCADA0F2E240082883
:1049C0007FF6F7ADFAE458461049FCF751F94FF07D
:1049D000000AB0FA80F9D3464FEA591911E540F2BE
:1049E000E12398423FF4E5AD09DC40F2B51398426B
:1049F0003FF4DFADB0F5347F7FF4E0ACD9E540F2B1
:104A0000073398427FF4DAACD3E500BFA8A70008CB
:104A100038B50D460E49044601F02EFD08B1037865
:104A200093B90C4B204653F8251001F025FD08B131
:104A300003784BB92046084901F01EFD28B10278E1
:104A4000064B002A08BF184638BD044838BD00BFD1
:104A500050A8000850AB000858A80008A803002080
:104A600006292DE9F84F804661D88B469246002AE8
:104A700000F09A80DFF8E091784E4C46354609F117
:104A8000C00729462046203400F0ACF9BC4205F1AD
:104A90002005F6D19AF800308BBBBBF1000F40F037
:104AA000888001246C4F21464046FFF7B1FF054640
:104AB00000F036FA1F283AD838462946013400F06B
:104AC00091F9072C07F12007EDD1DFF894A101241B
:104AD0005546614F3146284600F084F93A46214652
:104AE0006048FFF72FFC203520362037002871D092
:104AF0000134072CEED1BDE8F84FFFF7FBBBBBF14B
:104B0000000F1BD0504600F00BFA1F280FD8564C50
:104B1000514604EB4B14204600F064F922465946F6
:104B20005048FFF70FFC0446FFF7E4FB03E01626AE
:104B30000024C8F800602046BDE8F88F2F215046B9
:104B400003F0D6FB0446002868D042782F2A08BF1D
:104B5000431C04D11C4613F8012F2F2AFAD0002A37
:104B6000E5D00125DFF8F0B0A4EB0A021F2ADEDC55
:104B700051465846013203F023FC237801352F2B90
:104B800003D114F8013F2F2BFBD0002B54D0224629
:104B900012F8013F0BB12F2BFAD1072D0BF1200B8F
:104BA00093D0A2461446DFE7B1B32E4C04EB411478
:104BB000C1E759464046FFF72BFF054600F0B0F924
:104BC0001F28B4D8284C294604EB4B14204600F08B
:104BD00009F9A3E7012CD8F80060A9D0012506E067
:104BE0000135A54209F120090AF1200AA0D0514659
:104BF000484600F0F7F84A4629461A48FFF7A2FB54
:104C00000028EDD14846194900F0ECF84A462946FB
:104C10001448FFF797FBE3E7154C8CE7504600F08C
:104C20007FF91F2883D80C4C20465146203400F0D1
:104C3000D9F8BC42F8D148E7072D3FF446AF0A4CFB
:104C400004EB45142046A4F12001203400F0CAF8FA
:104C5000BC42F7D139E700BF380E00205C020020CB
:104C6000580D00203C020020180E002078A70008F4
:104C700054010020014B93F8280170473C020020AA
:104C800003460A46024908681946FFF7E9BE00BF15
:104C900004000020F0307047004870472C030020CB
:104CA000004870472C030020002238B5064D04460A
:104CB00008462A6005F088FC431C00D038BD2B68EC
:104CC000002BFBD0236038BDFC0E0020194B1B6865
:104CD00083422ED0416C70B5054681B100268C59B7
:104CE0003CB121462468284601F092FA002CF8D104
:104CF000696C0436802EF2D1284601F089FAA96B3E
:104D000011B1284601F084FA2C6C34B12146246894
:104D1000284601F07DFA002CF8D1E96C11B1284643
:104D200001F076FA6B6B1BB12846BDE8704018475E
:104D300070BD70470400002038B50C4611460022B3
:104D40008446074D20462A601A46644605F064FCF6
:104D5000431C00D038BD2B68002BFBD0236038BD2E
:104D6000FC0E002038B50C46114600228446074D43
:104D700020462A601A46644605F056FC431C00D0C3
:104D800038BD2B68002BFBD0236038BDFC0E002003
:104D900038B50C46114600228446074D20462A604D
:104DA0001A46644605F056FC431C00D038BD2B68FB
:104DB000002BFBD0236038BDFC0E0020704700BFE5
:104DC000704700BF704700BF704700BF704700BF0B
:104DD000704700BF0120704701207047704700BF37
:104DE000704700BF80EA0102844612F0030F4FD1E2
:104DF00011F0030F32D14DF8044D11F0040F51F8AA
:104E0000043B0BD0A3F101329A4312F0803F04BF60
:104E10004CF8043B51F8043B16D100BF51F8044B49
:104E2000A3F101329A4312F0803FA4F101320BD179
:104E30004CF8043BA24312F0803F04BF51F8043BFE
:104E40004CF8044BEAD023460CF8013B13F0FF0F5B
:104E50004FEA3323F8D15DF8044B704711F0010F8E
:104E600006D011F8012B0CF8012B002A08BF70475F
:104E700011F0020FBFD031F8022B12F0FF0F16BF56
:104E80002CF8022B8CF8002012F47F4FB3D170471E
:104E900011F8012B0CF8012B002AF9D1704700BF43
:104EA00030B586468007CCB215D0F4460EEB02052D
:104EB00007E0634613F8011BA14206D0990705D00D
:104EC0009C4665456046F4D1002030BD013A7244ED
:104ED0009E46A2EB0C02032A0CD8002AF4D073469B
:104EE000724401E09A42EFD0184613F8011BA14228
:104EF000F8D130BD714604EB042505EB05458E461F
:104F000051F8043B6B40A3F1013020EA030313F096
:104F1000803FE4D1043A032AF1D88E46DDE700BF92
:104F200020F0030110F00300C0F1000051F8043B31
:104F300000F1040C4FEACC0C6FF000021CBF22FA07
:104F40000CF213434FF0010C4CEA0C2C4CEA0C4CC5
:104F5000A3EB0C0222EA030212EACC1204BF51F8BE
:104F6000043B0430F4D0C2F1000102EA0102B2FABB
:104F700082F2C2F11F0200EBD2007047F8B50027A1
:104F8000DFF858C021F00043634504460D46176022
:104F900021D8844653EA0C0C1DD0DFF844C01646D5
:104FA00001EA0C0C0A46BCF1000F09D100220D4B9E
:104FB000FCF722FA6FF0350704460A4621F0004359
:104FC0001B156FF31E52A3F2FE333B4442F07F5594
:104FD000336045F4001520462946F8BDFFFFEF7FFA
:104FE0000000F07F000050432DE9F04F03690C6989
:104FF00085B0A342C0F291808146013C01F11405C5
:1050000009F1140855F8243058F824C001339C45A0
:10501000BCFBF3F64FEA840005EB840708EB84023F
:1050200043D34FF0000CAA46CDE90105C6466346BE
:1050300065469346CDF80C805AF8040BDEF8002044
:105040001FFA80FC06FB0C554FEA10484FEA154C3E
:1050500006FB08CCADB290B2401B18441FFA8CF38B
:10506000C3EB204303EB124380B240EA03405745B1
:105070004EF8040B4FEA1C454FEA2343DCD2DDE92E
:105080000105DDF80C8058F8003073B9ABF104026B
:10509000904504D307E0904504F1FF3403D252F861
:1050A0000439002BF7D0C9F81040484602F016FA30
:1050B00000282EDB4146002255F8040BD1F800C031
:1050C0001FFA80FE1FFA8CF3A3EB0E031344020CAD
:1050D000C2EB234202EB1C429BB243EA0243AF42C3
:1050E00041F8043B4FEA2242E6D258F8242008EB6C
:1050F00084036AB9043B434504D807E0984504F1AA
:10510000FF3403D253F80429002AF7D0C9F810401D
:105110000136304605B0BDE8F08F002005B0BDE88F
:10512000F08F00BF000000002DE9F04F16461F462B
:10513000816B9FB00446CDE904672B9D41B10123EB
:10514000C26B93408B604A6001F0F6FE0023A363BC
:10515000B7F10009B4BF012300232B60B44BBCBFDF
:1051600029F00049CDF8149033EA090300F0A48037
:10517000DDE904231046194600220023CDE902018F
:10518000FCF7A2FB824668B101232A9A13602C9B8C
:1051900013B1A84B2C9A1360A74B079307981FB025
:1051A000BDE8F08F1CAB01931DAB00932046DDE9F9
:1051B000022302F0E5FA5FEA1955DDF870800990E4
:1051C00040F090801D9D454405F23243202B40F372
:1051D0002D82C3F1400309FA03F905F2124326FABE
:1051E00003F349EA0300FCF78DF80123013D109316
:1051F000A1F1F87319460022904BFBF745FF86A3F7
:10520000D3E90023FCF7F8F885A3D3E90023FBF7E3
:105210003DFF064628460F46FCF784F882A3D3E9F3
:105220000023FCF7E9F802460B4630463946FBF707
:105230002DFF06460F46FCF78FFB002281460890A3
:10524000002330463946FCF749FB002840F0158121
:10525000A8EB0508089D08F1FF3B162D00F2F88029
:10526000DDE90201764A02EBC503D3E90023FCF72E
:1052700035FB002840F0D481B8F1000F0D9040F3C9
:105280008A85AB440C950A9000230B93289B092B2D
:105290003CD8052BC4BF043B2893289BC8BF0025DE
:1052A000A3F10203D8BF0125032B31D8DFE813F0A7
:1052B000ED02EA02DF02C70142F20F732A9AC9F334
:1052C000130959EA0609136019D12C9B002B00F031
:1052D0002E875C4B079308332C9A079813601FB0F6
:1052E000BDE8F08FDDE90201C1F3130343F07F5302
:1052F000CDF840A0A5F2FF3543F440137AE72C9B8C
:10530000002B40F09881504B079347E700232893E8
:10531000002520462946E56301F0E8FD07900028B6
:1053200000F0AE86079BA3631D9B002BC0F2B380E9
:10533000089A0E2A00F3AF80DDE90289404B40460F
:1053400003EBC203D3E90067494632463B46CDE949
:105350000467FCF77BF9FCF7FFFA0546FBF7E2FF71
:1053600032463B46FCF748F84FF0FF3A0B46024600
:1053700049464046FBF788FE05F13003079D05F8D6
:10538000013B02944FF001095446DDE904AB1DE0F6
:1053900052465B4630463946FCF758F9FCF7DCFAD2
:1053A0008046FBF7BFFF52465B46FCF725F809F144
:1053B00001090B46024639463046FBF765FE08F107
:1053C0003003A14505F8013B00F0428500221F4B48
:1053D000FCF712F80022002306460F46FCF774FA89
:1053E0000028D5D0AB46089F029C0137204609997A
:1053F00001F0A2FD00238BF800302A9B1F602C9B3C
:10540000002B3FF4CBAE0798C3F800B01FB0BDE847
:10541000F08F00BFAFF3008061436F63A787D23F77
:10542000B3C8608B288AC63FFB799F501344D33F93
:105430000000F07F69A7000868A700080000F83F97
:1054400058AC0008A8A80008B4A800080000244030
:1054500001230D93BBF1000FC0F2DC8000230A93FF
:10546000089B002B80F2D3800A9A089BD21A0A92DA
:1054700000225B420C920B9308E74846FBF752FF71
:1054800032463B46FCF720FA00287FF4E1AE09F1F2
:10549000FF330893DCE64FF0FF3A2995CDF850A092
:1054A000109A002A40F0F4811C9B0B9FC3F1360335
:1054B0000A9A01212046D5189B4401F059FE0A9A08
:1054C0000646002A40F082830B9B002B00F0F683F7
:1054D000002F40F0DA8320460B9A099901F02AFF49
:1054E000012309900B930121204601F041FE0C9B02
:1054F0000290002B40F00483289B012B40F38C8307
:105500000120584410F01F0000F0CA81C0F12003B0
:10551000042B40F39A830A9BC0F11C00034405440A
:105520000A938344002D05DD2A462046099901F09F
:1055300061FF0990BBF1000F05DD5A462046029934
:1055400001F058FF02900D9B002B40F0EF82BAF162
:10555000000F40F3B0820B9B002B40F0FC81089FB2
:1055600001370125DDF81C80DDF824B0DDF8089056
:1055700007E0594600230A22204601F0E7FC834653
:10558000013549465846FFF72FFD554500F13000DB
:1055900008F8010BEDDBBAF1000F0AF1FF35D8BFB7
:1055A0000025079B81465A1C05EB020A0025CDF811
:1055B00024B001220999204601F01CFF02990990AC
:1055C00001F08CFF002840F37C83079A02E09245AB
:1055D00000F082831AF8013CD346392B0AF1FF3AD6
:1055E000F5D001338AF800302046029901F0A4FC7E
:1055F000002E3FF4FBAE2DB1B54203D02946204624
:1056000001F09AFC3146204601F096FCEEE69B4400
:105610000C9339E6C8F101034FF0000B0A931FE722
:10562000089B013B089300230D9313E7C3F120036C
:1056300006FA03F0D7E59E4B079303334CE60123AC
:105640001293299B089A134403F1010A5646012E2E
:10565000B8BF01261493172E40F36085012204235E
:105660005B0003F11400B042114602F10102F7D9C8
:10567000E163204601F03AFC0790002800F0008525
:10568000BAF10E0FA06300F22181002D00F01E81FF
:10569000089A002A40F35683864902F00F0301EB73
:1056A000C303D1054FEA2215D3E9006740F1EE8329
:1056B000DDE90201804B4FF00309D3E90823FBF732
:1056C000C5FFCDE90E0105F00F0585B1DFF8E881D2
:1056D000EA0740F1E180F8E8022330463946FBF75B
:1056E0008BFE6D1006460F4609F10109F0D1DDE988
:1056F0000E0132463B46FBF7A9FFCDE90E010D9B9B
:1057000053B1DDE90E670022304639466B4BFCF79A
:10571000E5F8002840F06E844846FBF703FEDDE91B
:105720000E23FBF769FE0022654BFBF7AFFC064634
:10573000A1F15077BAF1000F00F0E182089BCDF89B
:1057400054A01B935B4B15991A9303EBC10353E9C8
:105750000212CDE91867DDE90E56CDE9161228468A
:105760003146FCF7F9F800F130035FFA83F8FBF7F4
:10577000D9FD0B46024631462846FBF785FC079BC0
:105780000F4612995D1C06460E95002900F0B18364
:10579000DDE9162300204B49FBF758FFDDE918230C
:1057A000FBF772FC02460B46DDF81CC0CDE9122364
:1057B0008CF8008032463B46FCF7AEF8002840F0FB
:1057C0006D84DDF85480CDF858B0CDF854A04FF07A
:1057D0000009DDE912AB0E942BE009F10109C14586
:1057E00080F2D081504659460022374BFBF704FE29
:1057F0000022354B82468B4630463946FBF7FCFD8E
:105800000F460646FCF7A8F80446FBF78BFD024658
:105810000B4630463946FBF737FC303452465B4680
:1058200005F8014B06460F46FCF758F8002840F0F3
:10583000348432463B4600202049FBF725FC524683
:105840005B46FCF74BF80028C7D01B9E0E9C079ABE
:10585000013602E0954200F0F583AB4615F8013DB4
:10586000392BF7D00133DBB237462B70BEE501236D
:105870001293299B002B40F3B881299B9A461E4620
:105880001493E8E600231293DBE600231293F0E77B
:105890000B9F03F233430BE66D1008F1080817E77E
:1058A0001C230A9A1D441A440A929B443AE600BFFC
:1058B000B4A8000858AC000830AC00080000F03F65
:1058C00000001C400000E03F000024401D9B002B16
:1058D000C0F24881089A0E2A00F34481A74B1A931C
:1058E000089A1A9B03EBC203D3E90023CDE90423F2
:1058F000299B002B80F2D182BAF1000F00F3CD82F8
:1059000040F01682DDE9040100229D4BFBF774FD97
:1059100002460B46DDE90201FBF7EAFF514600288B
:1059200040F007823123DDF81CB020460BF8013B24
:1059300001F002FB089F023758E5314600230A2296
:10594000204601F003FB149B0646002B40F3E08346
:10595000DDF850A008950A9B002B05DD31461A465C
:10596000204601F047FD06460C9B002B40F0598273
:10597000B046079B03F1FF3B1D460BEB0A030A935E
:10598000049BDDF824B003F001030B930299584601
:10599000FFF72AFB31468246584601F09FFD0299E7
:1059A00007464246204601F0B9FDC36801460AF1A8
:1059B0003009002B36D10990584601F08FFD099926
:1059C0000990204601F0B8FA099B002B58D1289B7A
:1059D0001BB90B9B002B00F08483002FC0F24D837A
:1059E000AA460A9B0AF8019B9D4200F07A8259461A
:1059F00000230A22204601F0A9FA46458346314693
:105A00004FF000034FF00A02204633D001F09EFA17
:105A1000414600230A220646204601F097FA5546E1
:105A20008046B3E72046CDF824B001F085FA002F78
:105A300006DB049B03F00102289B1F433A432CD151
:105A400001220999204601F0D5FC0299099001F044
:105A500045FD002840F32983B9F1390F00F0F582A4
:105A60000AF13109AB46089F3546013746460BF827
:105A7000019BB9E501F06AFA55460646804685E77E
:105A8000002FC0F20483289A17430B9A174300F0A3
:105A9000FE82002BA4DDCDF824B0B9F1390F00F05F
:105AA000D482AB46089F09F10103354601374646CB
:105AB0000BF8013B98E5289B022B7FF74CADBAF120
:105AC000000F40F09081534605220299204601F0D4
:105AD0003DFA01460290099801F000FD002840F3CC
:105AE00082813123DDF81CB0204602990BF8013B7E
:105AF00001F022FA089F0237002E7FF483AD75E48F
:105B00001A460146204601F015FC289B0290012B05
:105B100040F37A8100230C93029A136902EB83030A
:105B2000186901F0BDFAC0F12000EAE40299099871
:105B300001F0D4FC0028BFF60AAD00230A2220465B
:105B40000999089D01F002FA0B9B013D0990002B79
:105B50007FF4F3AE149B002B40F3CF82089FDDF857
:105B600050A0FEE4129ABAB90A9B002B72D10B9B8B
:105B7000002B40F080801D461E46B4E458AC00085F
:105B8000000014401D9B0E9C002BDDE915AB03DBD0
:105B9000089A0E2A7FF7A4AE289A012A7FF780ACD4
:105BA0000B9B0AF1FF37BB42C0F2FD80BAF1000F38
:105BB000A3EB070780F29E82012120460A9D01F097
:105BC000D7FA0646A5EB0A08CDF82880BBF1000FEE
:105BD0007FF77AAC0A9A5A451346A8BF5B46D21A99
:105BE000ED1A0A92ABEB030B6EE400212046E16351
:105BF00001F07CF90790002800F04282079BA36324
:105C0000002D40F0FD801D9B002BC0F2638201221D
:105C10009246149229925DE6049B002B7FF470ACAF
:105C2000059BC3F31303002B7FF46AAC059B23F0A1
:105C300000431B0D1B05002B3FF462AC0123013513
:105C400018460BF1010B0C935BE43FF46BACC0F115
:105C50003C0326E6BBF1000F00F0B3810A9A0B9ECD
:105C60005A451346A8BF5B46D51AABEB030B0A9502
:105C7000002E3FF438AC20460B9A099901F05AFBEC
:105C8000002609900B960A9D2DE431463A4620469F
:105C900001F050FB0646DDF824803146424620469E
:105CA00001F094FA41468046204601F045F90B9BED
:105CB000CDF82480DB1B0B937FF40DAC01230B93F9
:105CC00011E403D119F0010F7FF47FACD3461AF829
:105CD000013D302BFAD087E43123079A0137137046
:105CE00082E44846FBF71EFBDDE90E23FBF784FB4D
:105CF0000022B64BFBF7CAF90646A1F15077002205
:105D0000DDE90E01B24BFBF7BFF932463B46804658
:105D10008946FBF701FE002840F0A2814046494633
:105D2000324607F10043FBF7D9FD00283FF4CEAD22
:105D30000021204601F000F9299BDDF81CB05F42EC
:105D4000FFF754BB00F04E81DDE90201089BA14A38
:105D50005D4205F00F0302EBC303D3E90023FBF719
:105D60004BFB2D114FF00209CDE90E013FF4C7ACFA
:105D7000994EEB070CD5DDE90E01F6E80223FBF79F
:105D80003BFB6D10CDE90E0109F10109F1D1B6E43B
:105D90006D100836EDE7C8F101030A93089B9B4696
:105DA0000C93FFF771BA0B9B0C9ADDF82880FB1A55
:105DB0001A44012120460C9201F0DAF943460646C6
:105DC000D34408EB0A050B97002B3FF484AB0A9AE7
:105DD0005A451346A8BF5B46D21AED1A0A92ABEB9E
:105DE000030BFFF778BB2046029901F0A5F8299B29
:105DF000DDF81CB05F42002E7FF404ACFFF7F6BA6A
:105E0000AA461495299543E4049B002B7FF482AEA7
:105E1000DDE90412C2F31303002B00F04D810C9155
:105E20007AE62046716801F061F80546002800F026
:105E30008281336906F10C0102339A000C30FAF7C3
:105E4000A1FE01222946204601F0D4FA804690E5C1
:105E5000029C02460B46FBF719F9DDE90423089F73
:105E6000824601378B463E46FBF756FD48B9DDE9D1
:105E7000042350465946FBF727FD20B118F0010FC7
:105E800001D0079AE9E4AB46FFF7B0BADDE9022397
:105E90004FF00209CDE90E2317E4079B01330E935F
:105EA000DDE90256DDE9042328463146FBF7CEFB47
:105EB000FBF752FD8046FBF735FADDE90423FBF7DB
:105EC0009BFA02460B4628463146FBF7DDF8079A57
:105ED00008F13003BAF1010F0E9D13707FF451AA3F
:105EE000B7E7089F3546CDF824B046460137FFF79F
:105EF00060BBDDE91823DDE91601FBF77DFA079B9E
:105F0000CDE9100183F80080159B012B23D0079B5E
:105F1000159ADDF8388003EB020900222F4B30463A
:105F20003946FBF769FA0F460646FBF715FD0546AD
:105F3000FBF7F8F902460B4630463946FBF7A4F862
:105F4000303508F8015BC84506460F46E5D10E9B83
:105F50005D1E159B1D440022DDE91089204B404643
:105F60004946FBF793F832463B46FBF7B7FC00285F
:105F700040F0968042464B4600201949FBF784F8D2
:105F800032463B46FBF7C8FC80B91D9B002BFFF651
:105F9000EBAD089B0E2B3FF7E7AD1A9B089A03EB7E
:105FA000C207D7E90023CDE9042379E715F8013CBE
:105FB000AB46302B05F1FF35F8D01B9F0137FFF7BB
:105FC00015BA0B9E002E7FF456AE5CE600001C4016
:105FD0000000144058AC000830AC00080000244019
:105FE0000000E03FDDE902234FF00209CDE90E2376
:105FF000FFF785BBBAF1000F3FF473AE149D002D7F
:106000007FF764AC089B3046013B394600221B9366
:106010004C4BFBF7F1F902460F46164609F1010019
:10602000CDE90E67FBF77EF932463B46FBF7E4F914
:106030000022454BFBF72AF815950646A1F150774B
:10604000FFF780BB312301360EE4AA463923089FAF
:106050003546079A464601370AF8013BFFF7BABAB8
:106060003123DDF81CB0002120460BF8013B00F085
:1060700063FF089F0237FFF7B9B9CDF824B0F1E408
:10608000002240F2AF11314B314802F049FA002BA7
:10609000CDF824B03FF7D4ACE4E40E9CAB468CE7DB
:1060A0001B9E079A0136FFF7D8BB7FF4DBAC19F0D3
:1060B000010F7FF4D1ACD5E4059B23F000431B0D09
:1060C0001B05002B3FF427AD012301350BF1010B1C
:1060D0000C9321E5129B2BBB01239A461493299321
:1060E00042E5B9F1390FCDF824B0AED0002F3FF71B
:1060F000B7ACB7E45346FFF7DBB9289A022A03DCB2
:106100009A46089FFFF72DBA0895DDF850A0D6E40F
:10611000289A0895022AF8DC9A461CE40021E163DB
:10612000FFF7A7BA129B9A462993149338E5094BB7
:106130000793FFF733B8024640F2EF21034B0448C0
:1061400002F0EEF90000244000001C40B8A800084E
:10615000CCA80008A8A800082DE9F84306460820A6
:10616000894602F0CFF90546DFF89880304600F006
:10617000B1FED8F808305F6827F00307A7F11104D3
:10618000A4EB09042C44B4FBF5F4013C05FB04F436
:10619000A54208DC0021304602F09CF9D8F808300E
:1061A0003B44984205D0304600F09AFE0020BDE8FE
:1061B000F8833046614202F08DF901300FD0124A67
:1061C000D8F808303F1B47F001075F60136830467E
:1061D0001B1B136000F084FE0120BDE8F883002142
:1061E000304602F077F9D8F80820831A0F2BDADD51
:1061F00043F001035360054B03491B68C01A086054
:10620000D1E700BFD0030020200F0020C8030020EA
:1062100000295AD0F8B50C46074600F05BFE54F84A
:1062200004CC724DA4F108022CF00103D118A86827
:106230004E68884226F003060CF0010E7CD04E60BA
:106240008819406800F00100BEF1000F2ED154F80B
:10625000084C05F1080C121B23449468644560D077
:10626000D2F80CE0C4F80CE0CEF8084000287DD04D
:1062700043F0010050600B60B3F5007F2ED2580947
:10628000D908012383406868013103436B6055F8E6
:10629000310005EBC103083BC2E9020345F8312098
:1062A000C2603846BDE8F84000F01ABE70B9334409
:1062B00005F1080C886843F0010460456ED0C96898
:1062C000C16088605460D350D6E770474CF001013C
:1062D000B3F5007F44F8041CD350D0D3B3F5206F3E
:1062E0004FEA532144D2990901F1390001F13804F0
:1062F000C100681869580838884203D155E0896898
:10630000884204D04C6824F003049C42F7D8C86843
:10631000C2E9021082603846BDE8F840CA6000F069
:10632000DFBD80BB1E44D1E90213CB60996046F00B
:10633000010353609651B4E71E44BEF1000F07D12C
:1063400054F8083CD21A1E44D2E90213CB6099607B
:1063500046F001035360264BAA601B68B342A0D8E5
:10636000244B38461968FFF7F7FE9AE73344A1E754
:1063700014290DD954291FD8190B01F16F0001F10F
:106380006E04C100B5E743F0010050600B6088E780
:1063900001F15C0001F15B04C100AAE7C5E9042238
:1063A000C2E902CC5460D3507BE70123A410A34080
:1063B0006C6823436B60ABE7B1F5AA7F06D8D90BB5
:1063C00001F1780001F17704C10092E740F25450E6
:1063D000814206D8990C01F17D0001F17C04C100D5
:1063E00087E74FF47E717E2483E700BFD00300204F
:1063F000CC030020500F00202DE9F047DFF8749007
:1064000007460E46904602F0E7F8D9F800504DB125
:1064100033781C466BB1344602E014F8013F3BB1BF
:106420003D2BFAD1384602F0DDF80020BDE8F087B8
:10643000A41B28680028F5D02246314602F00EF849
:1064400028B92868035D00EB040A3D2B04D055F8F9
:10645000040F0028F0D1E5E7D9F800303846EB1AF0
:106460009B10C8F8003002F0BDF80AF10100BDE849
:10647000F08700BFD807002000B583B001AAFFF75E
:10648000BBFF03B05DF804FB2DE9F04F01F10B05F4
:10649000162D064683B024D8102900F2AE8000F0F5
:1064A00019FD102518234FF0020CC04F3B445C68C7
:1064B000A3F10802944200F05F8130466368E2680D
:1064C000A16823F00303CA60234491605A6808342A
:1064D00042F001025A6000F003FD204603B0BDE81F
:1064E000F08F35F0070500F18880A94200F2858021
:1064F00000F0F0FCB5F5FC7FC0F0B1816B0A00F054
:106500008380042B00F26E81AB0903F1390C03F197
:10651000380E4FEACC00A54F384444680838A042F2
:1065200007D10DE0002AE16880F22081884207D07F
:106530000C46636823F003035A1B0F2AF2DDF4466E
:10654000DFF86C823C69444500F0FD80636823F00D
:106550000309A9EB05030F2B00F38681002BC7E984
:10656000048880F27081B9F5007FD7F804E080F0EC
:106570000A8101234FEAD9014FEA5919194403FA54
:1065800009F357F831204EEA030E07EBC103083B2D
:10659000A260E360C7F804E047F83140D46001200E
:1065A0004FEAAC039840704535D810EA0E0F07D17A
:1065B0002CF0030C400010EA0E0F0CF1040CF9D083
:1065C00007EBCC0AD646E146DEF80C300BE0596802
:1065D0001C4621F003014A1B0F2ADB6800F30F81E0
:1065E000002A80F223819E45F1D109F1010919F0B9
:1065F000030F0EF1080EE7D160E10C233360002495
:10660000204603B0BDE8F08F4FF400704FF0400C0F
:106610004FF03F0E7FE7BC68636823F00309A9458C
:1066200004D3A9EB05030F2B00F39080614B0820E6
:106630001B6803F1100804EB0903009301F062FFEB
:106640005D4A83461368A844013305D008F1FF383A
:106650008044434203EA08084146304601F03AFFCD
:10666000B0F1FF3F8246544A00F0198104EB090360
:10667000834200F21281514B0BF1FF3C18684044F9
:10668000186000F068811168013100F0708104EB3E
:106690000902AAEB020202441A601AF00702CDE9CD
:1066A000002300F02A81C2F108029244D04408EA93
:1066B0000C015A44521A02EA0C0B5946304601F0BA
:1066C00009FF421C019B00F06F81A0EB0A0000EB68
:1066D0000B08186848F001025844BC42C7F808A0EB
:1066E0001860CAF8042017D0B9F10F0F40F24281A8
:1066F0004FF0050C6168A9F10C0222F0070201F0CD
:106700000101114361600F2A04EB0201C1E901CCD0
:1067100000F25281DAF804205446294B196881426C
:1067200038BF1860274B1968814238BF186022F0C3
:106730000308A845A8EB050301D30F2B06DC304660
:1067400000F0CEFB5BE7D7F804E028E7621943F0DE
:10675000010345F0010565603046BA6008345360B6
:1067600000F0BEFB204603B0BDE8F08FA2683046C3
:10677000D16023448A60A9E6DC68A3427FF49DAE21
:106780000CF1020CDCE6B9F5206F4FEA59227DD3FB
:10679000142A00F2C58002F15C03DB005B32F918B9
:1067A000FB580839994212D19EE000BFD003002067
:1067B000D8030020500F0020C8030020200F002025
:1067C0004C0F0020480F00209B68994204D05A6863
:1067D00022F003024A45F7D8D968C4E902318C6037
:1067E000DC60DCE6142B5DD9542B00F2A2802B0B6D
:1067F00003F16F0C03F16E0E4FEACC008BE6D4F878
:1068000008C03046661945F001056560CCF80C30CB
:10681000C3F808C042F00103C7E90466C6E902886C
:106820007360625000F05CFB0834E9E621444A687A
:10683000304642F001024A6054F8082FD3609A6053
:1068400000F04EFBDCE6A144D9F80430304643F0BA
:106850000103C9F8043000F043FB0834D0E64FEAE6
:10686000D50C05F1080320E6621943F0010145F05B
:10687000010565603046C7E90422C2E9028851601B
:1068800044F8093000F02CFB0834B9E64FEA9912BD
:1068900002F13903DB00383281E7BC4254D0BC68D6
:1068A000626844E703F15C0C03F15B0E4FEACC0035
:1068B00031E65AF80839534540F09F801CF0030F29
:1068C0000CF1FF3CF5D17B6823EA00037B604000BC
:1068D00098423FF6A0AE18B99DE6400009F10409C0
:1068E0001842FAD0CC466BE60120921000FA02F270
:1068F0004EEA020EC7F804E06FE70AEB080202EA6C
:106900000C02ABEB020202EA0C0B5946304601F0D6
:10691000E1FD431C019B7FF4D8AEDDF800B0D8E662
:10692000542A2BD84FEA193202F16F03DB006E3282
:1069300035E7B3F5AA7F2BD8EB0B03F1780C03F105
:10694000770E4FEACC00E6E52D4B0BF1FF3C1868C3
:106950004044186097E61AEA0C0F7FF494AED7F81B
:1069600008A0C84448F00102CAF80420D4E6C2F8DE
:1069700000A092E60123CAF80430E0E6B2F5AA7F4F
:1069800025D84FEAD93202F17803DB00773206E7E7
:1069900040F25452934225D8AB0C03F17D0C03F125
:1069A0007C0E4FEACC00B6E5009A4FF0000B083A97
:1069B0009044A8EB0A088CE6304604F108010093E5
:1069C000FFF726FC009BD7F808A01868A2E640F263
:1069D00054539A420DD84FEA994202F17D03DB00ED
:1069E0007C32DCE64FF47E704FF07F0C4FF07E0E71
:1069F00091E54FF47E737E22D1E67B6867E700BFA6
:106A0000200F002010B4034CD4F8E440A44610BC7E
:106A1000604700BF3C02002082B049B15AB16BB15F
:106A200013780B601278101E18BF012002B0704757
:106A300001A9002AF3D1104602B070476FF001009F
:106A4000F4E700BF2DE9F04182B08646089E002998
:106A500037D092B3002B52D035683DBB14784FF03D
:106A6000010C44B37F2C4DDDA4F1C0001F282AD8AF
:106A700034711DB901208342306040D012F80C30CF
:106A80000CF10100A3F180023F2A00F2B080C12C7A
:106A900040F3AD80A40103F03F0304F4F8641C4309
:106AA000002333600C6002B0BDE8F08134794FF010
:106AB000000C002CD6D10C603460002002B0BDE880
:106AC000F08101A9C5E7A4F1E0000F2821D83471B5
:106AD000002D5ED101208342306010D0E02C12F8EE
:106AE0000C000CF1010C00F0A880A0F180073F2FF2
:106AF00005467CD8707102208342306055D16FF01A
:106B00000100D0E70023012033600C6002B0BDE833
:106B1000F081A4F1F000042869D83471002D59D017
:106B20005F1C18BF0133012D58D096F80580F02C5A
:106B30005AD0F42C7CD0A8F180003F2857D8012DE2
:106B400086F8058059D0581C306818BF01330228D8
:106B500058D0B579A5F180033F2B48D812F80C70B6
:106B60000CF10100A7F180033F2B40D8A3044FEAAA
:106B7000083202F47C3203F4E01313430022AD0127
:106B800005F47C652B4307F03F073B430B60326005
:106B900089E7581C18BF0133012D9FD0E02C75796F
:106BA0003ED0A5F180033F2B21D812F80C200CF128
:106BB0000100A2F180033F2B19D82303AD019BB242
:106BC00005F47C6502F03F022B4313430022326040
:106BD0000B6068E701208342306090D012F80C808F
:106BE00001250CF1010CA2E7B8F18F0FA3DC8A2379
:106BF0004FF0FF30CEF8003055E70220834230607E
:106C00003FF47DAF12F80C500CF1010CA5F180009F
:106C10003F28ECD803208342B57130609ED16EE7E7
:106C20009F2DE4D9A5F180033F2BE0D87571BCE717
:106C3000B8F18F0F7FF77FAFD9E79F283FF655AFA9
:106C4000D5E700BF30B482B08446049D002930D01F
:106C5000002A31D0002B39D02868147848B1012897
:106C600016D00C601078003818BF012002B030BC7C
:106C70007047A4F181001E2803D9A4F1E0000F2879
:106C8000EFD8012083422C7128601FD00220547855
:106C9000A4F140033E2B03D9A4F180037C2B0FD831
:106CA0002B7904EB032400230C602B6002B030BC72
:106CB000704701A9002ACDD1104602B030BC704700
:106CC0008A234FF0FF30CCF80030CFE76FF001009F
:106CD000CCE700BF30B583B08646069D002940D082
:106CE000002A41D0002B4BD02868147858B10128D5
:106CF000A44618D0022841D00C601078003818BF84
:106D0000012003B030BDA4F18E00012803D9A4F105
:106D1000A1005D28F0D8012083422C7128602FD07B
:106D2000022092F801C0ACF1A1045D2C2BD82C7983
:106D30008F2C1CD10224984285F805C02C601FD2EC
:106D400012F800C00130ACF1A1035D2B1BD800226A
:106D50006B790CF07F0C0CEB03230B602A6003B003
:106D600030BD01A9002ABDD1104603B030BD0022BC
:106D70000CEB04240C602A6003B030BD0120E2E774
:106D80006FF00100BDE78A234FF0FF30CEF80030EE
:106D9000B7E700BF2DE9F04F83B08046DDF83090B3
:106DA00089B39AB3002B00F087809446E3461CF821
:106DB000015B4FF0010E99F80040DFF810A1444844
:106DC000002D48D0A5F11B06F7B22F2F24D82F2E67
:106DD00022D8DFE806F06D21212121212121216B1C
:106DE0002121216321212121212121212121212151
:106DF00021212121212121212121216521672121F9
:106E000021212121216901A9002ACBD10120C9F822
:106E1000002003B0BDE8F08FA5F121065D2E8CBFE8
:106E20000827072704EBC4040619F65D5444E45D03
:106E3000052E44D8DFE806F021031311052A89F84E
:106E4000045073450EF1010534D9AE46E3461CF8F3
:106E5000015B002DB6D10627E4E76246F1E7012386
:106E60007046C9F8003099F804209BF8003003EB15
:106E700002230B6003B0BDE8F08F00237046C9F811
:106E8000003013780B6003B0BDE8F08F0023184684
:106E9000C9F800300B6003B0BDE8F08F0227C1E7EE
:106EA0000327BFE70427BDE70527BBE70127B9E7AD
:106EB0000027B7E7C9F800406FF00100DAE78A233E
:106EC0004FF0FF30C8F80030D4E700BFB4AB000883
:106ED0006CAB00080148FDF77BBF00BF100F00201E
:106EE0000148FDF77DBF00BF100F002038B5436C8F
:106EF00005460C464BB153F8240080B1026843F8B4
:106F000024200023C0E9033338BD2122042101F0ED
:106F10002DFB034668640028EDD1002038BD012117
:106F2000284601FA04F56A1D920001F01FFB0028B3
:106F3000F3D0C0E90145E4E731B1436C4A6853F846
:106F40002200086043F82210704700BF2DE9F0418D
:106F50004FF0000E0E461C460D69074601F1140065
:106F600001680EF1010E8BB202FB0343090C4FEADC
:106F7000134C02FB01CC9BB203EB0C43754540F86C
:106F8000043B4FEA1C44EBDC3CB1B368AB4207DD89
:106F900006EB850301355C6135613046BDE8F08163
:106FA000716838460131FFF7A1FF8046A8B1326908
:106FB00006F10C01023292000C30F9F7E3FD7B6C14
:106FC000726853F82210316043F82260464606EB9F
:106FD000850301355C613561DFE70246BA21024B6A
:106FE000024801F09DFA00BFB8A8000828A90008CF
:106FF0002DE9F8431E460C4626490833174681FB07
:10700000032C092E4FEAE3730546C3EB6C0339DD0D
:107010004FF0010C00214FEA4C0C634501F10101D6
:10702000F9DC2846FFF762FF014668B3089B092F89
:1070300043614FF00103036112DC09270A34BE42A9
:107040000BDDF61B264414F8013B0A222846303B90
:10705000FFF77CFFB4420146F5D10846BDE8F8834E
:1070600004F10909C8463C4418F8013B0A222846A5
:10707000303BFFF76BFFA0450146F5D1B944A9F1BC
:107080000804DCE70021CCE70246D321024B034889
:1070900001F046FA398EE338B8A8000828A900089C
:1070A000B0F5803F03463ABF102083400020B3F183
:1070B000807F3CBF1B020830B3F1805F06D3B3F181
:1070C000804F0FD29A0012D4033070471A01B2F1E8
:1070D000804F00F1040006D29B0108D45B00F3D47A
:1070E000202070471A46002AFBDB0130704702302F
:1070F000704700BF03680246590709D0D8071FD45C
:1071000099074BBF5B089B08012002201360704762
:1071100099B279B91B0CD9B2A1B11020190701D1CC
:1071200004301B09990712D0D90701D401305B083C
:1071300013607047D9B241B1180714D10420F0E7A9
:107140000020704718201B0AE8E70820FBE713F02F
:10715000040F4FEA930102D00B460230E8E7DB0848
:1071600004D1202070470320C340E1E70330DFE76C
:1071700038B5436C04460D464BB15868B0B102684F
:107180005A60002201234561C0E9032338BD212252
:10719000042101F0EBF9034660640028EDD10022E0
:1071A00040F24511074B084801F0BAF91C220121B1
:1071B000204601F0DBF90028F1D001220223C0E9CA
:1071C0000123DEE7B8A8000828A900082DE9F04F40
:1071D000D1F8108015690E46A845924685B005DBAA
:1071E0002A46534645468A4690461E46DAF80830F7
:1071F000DAF8041005EB0804A342B8BF0131FFF729
:1072000075FE002800F08A8000F1140707EB840E59
:10721000774505D23B46002243F8042B9E45FBD818
:10722000143606EB88080AF11409464509EB850572
:1072300067D2A5EB0A03153B0AF1150A23F00303F5
:10724000AA4594BF9B464FF0000BCDF808E082465C
:10725000AE46039405E0090C2BD1B04507F10407B5
:107260004CD956F8041B8DB2002DF4D0CC463C46C8
:10727000002301965CF8040B216886B28AB205FBF4
:107280000622000C090C05FB00111A4401EB124107
:1072900092B242EA0142E64544F8042B4FEA114318
:1072A000E8D8019E07EB0B02536056F8041C090C4A
:1072B000D3D000223B6848461D463C46944602888F
:1072C0009BB201FB02C202EB154243EA024344F8BF
:1072D000043B50F8043B25684FEA134CABB201FB6A
:1072E0000C33864503EB12434FEA134CE7D807EB08
:1072F0000B02B045536007F10407B2D8DDE902E4A0
:107300005046002C02DC05E0013C03D05EF8043D51
:10731000002BF9D0046105B0BDE8F08F02464FF4B0
:10732000B171024B024801F0FBF800BFB8A8000899
:1073300028A9000812F003032DE9F041144607467E
:1073400032D10E46A4102CD03D6C002D35D004F067
:1073500001034FF0000864103BB92868B8B1054636
:1073600004F001036410002BF7D02A46314638465A
:10737000FFF72CFF36B17B6C716853F82120326027
:1073800043F8216074B1064628680028E7D12A46F0
:1073900029463846FFF71AFF28600546C0F80080E6
:1073A000DEE73046BDE8F0810F4A013B52F823206A
:1073B0000023FFF7CBFD0646C4E701213846FFF75F
:1073C00095FD054640B140F271230122C0E9042336
:1073D000002338640360BAE7024640F24511034BCC
:1073E000034801F09DF800BFFCAB0008B8A80008F6
:1073F00028A900082DE9F0470C462769A36807EB88
:1074000062177D1C9D429046064649684FEA621904
:1074100004DD5B009D4201F10101FADC3046FFF71B
:1074200065FD00284ED0B9F1000F00F114010CDD0C
:107430000B464FF0000C09F1050200EB820243F805
:1074400004CB9342FBD101EB8901226904F11403BF
:1074500018F01F0803EB820C2CD08E464FF0000A68
:10746000C8F120091A6802FA08F242EA0A024EF844
:10747000042B53F8042B9C4522FA09FAF2D8ACEB02
:107480000403153B23F0030304F11502944538BFB0
:107490000023043341F803A0BAF1000F00D13D46A8
:1074A000736C6268056153F82210216043F8224032
:1074B000BDE8F087043953F8042B9C4541F8042FAC
:1074C000F9D8ECE702464FF4EF71024B024801F0A5
:1074D00027F800BFB8A8000828A9000884460B694F
:1074E0000069C01A15D10CF1140C14310CEB830295
:1074F00010B401EB830301E0944508D252F8044D27
:1075000053F8041D8C42F7D004D24FF0FF3010BC6A
:1075100070477047012010BC704700BF2DE9F04F45
:1075200013690D698946ED1A002D144683B012D1F6
:1075300001F11407143202EB830207EB830301E02D
:107540009F427BD253F8046D52F8041D8E42F7D04F
:107550007FD2012503E0FCDB00250C4691466168E3
:10756000FFF7C4FC00287FD000F1140188464FF0DB
:10757000000C2769D9F8103004F1140BC56009F12B
:10758000140504F1100205EB830A0BEB870ECDF80E
:1075900004B055F8044B52F8046F1FFA84FBB3B2E1
:1075A000A3EB0B03240C6344C4EB164404EB234409
:1075B0009BB243EA0443AA4548F8043B4FEA244CF3
:1075C000E7D8AAEB0902153A22F0030209F11509DE
:1075D000CA4538BF0022DDF804B00BEB02050435C4
:1075E0000A44AE452C4602F104061DD9A1EB0B015D
:1075F000E24604EB010954F8042B93B263444FEACA
:10760000124808EB234802EB0A039BB243EA084303
:10761000A6454FEA284CC9F80030E9D80EF1FF32F0
:10762000521B22F00302324423B952F8043D013FB9
:10763000002BFAD0076103B0BDE8F08F0021FFF7FF
:1076400055FC50B101220023C0E9042303B0BDE87A
:10765000F08F23464C46994681E7024640F2372197
:10766000054B064800F05CFF024640F24521024B04
:10767000024800F055FF00BFB8A8000828A900087C
:10768000124B0A460B40A3F15073002B03DD00227E
:107690001946104670475B42B3F1A07F4FEA235171
:1076A00006DA4FF4002300220B41194610467047BA
:1076B00014391E29D4BF4FF0004201224FF00003BD
:1076C000D8BFCA4010461946704700BF0000F07F7F
:1076D000F8B5056900F1140404EB850555F8046C50
:1076E0002F1F3046FFF7DCFCC0F120020A280346BA
:1076F0000A602DDDBC42A0F10B0217D255F8083C00
:1077000002B3C2F1200723FA07F196400E439340DB
:10771000A5F1080246F07F51944241F4401115D280
:1077200055F80C2CFA4013431846F8BD0B2808D026
:10773000002306FA02F242F07F51184641F440114C
:10774000F8BD002346F07F5141F440111846F8BDC2
:10775000C0F10B0C26FA0CF2BC4242F07F512CBF58
:10776000002255F8082C03F1150338BF22FA0CF259
:1077700006FA03F31343184641F44011F8BD00BF65
:10778000F0B5012183B016461F46FFF7AFFB054653
:10779000002845D0C7F30A54C7F313030CB143F4D0
:1077A0008013002E019314D101A8FFF7A3FC01213F
:1077B000019B20306B61296114B3089BA4F2334410
:1077C00004441C60099BC0F135001860284603B0D2
:1077D000F0BD68460096FFF78DFCDDE9002330B16F
:1077E000C0F1200103FA01F1C3400A430193002BC9
:1077F0000CBF012102216A61AB612961002CDCD13F
:1078000005EB8102A0F232431069089A1360FFF77A
:1078100047FC099BC0EB41101860284603B0F0BD3F
:10782000024640F20F31024B024800F079FE00BFE1
:10783000B8A8000828A900082DE9F04383B08846BD
:1078400069468146FFF744FF04460D46404601A9BC
:10785000FFF73EFFD9F81030D8F81020A3EB020C48
:10786000DDE900329B1A03EB4C13002B0BDD05EB1B
:1078700003573D4602460B4620462946F9F7E6FEE9
:1078800003B0BDE8F083C3EB033301EB0359494672
:10789000F0E700BF172870B506460ADD0020002477
:1078A0000749084D22462B46F9F7A6FD013EF9D1BE
:1078B00070BD054B03EBC003D3E9000170BD00BFF1
:1078C0000000F03F0000244058AC000801F1FF3CEC
:1078D000116902F114034FEA6C1C03EB81010CF1F6
:1078E000010C8B4200EB8C0C16D210B5A0F1040EEB
:1078F00053F8044B99424EF8044FF9D8891A1539B8
:1079000021F0030104300844844504D9002340F8E1
:10791000043B8445FBD810BD844505D9002340F8BD
:10792000043B8445FBD87047704700BF03694A1188
:10793000934200F1140009DA00EB830302E053F8EC
:10794000042DA2B98342FAD80020704700EB8203CD
:10795000F8DD11F01F01F5D010B450F8224024FAE0
:1079600001F28A40944208D0012010BC70470120E7
:10797000704753F8042D002AF6D18342F9D800202D
:1079800010BC7047242B2DE9F84F42D8012B40D072
:107990001F468E468046484875461EF801BB10F8C3
:1079A0000B4014F00804F7D1BBF12D0F6FD06FF02E
:1079B0000049BBF12B0F04BF9EF800B005F1020E89
:1079C0007BBBBBF1300F4CD00A273B460025B9FBEF
:1079D000F7F6284607FB169A05E03BD0012507FB82
:1079E00000C01EF801BBABF1300CBCF1090F06D989
:1079F000ABF1410CBCF1190F1AD8ABF1370C634550
:107A00001FDDB5F1FF3FECD08642E6D24FF0FF35E7
:107A1000E7E700F071FD1622034600201A60BDE87A
:107A2000F88F102BD2D1BBF1300F23D01F46CDE7FA
:107A3000ABF1610CBCF1190F03D8ABF1570C6345E6
:107A4000DFDC6B1C2BD054B9002AE8D085BB116059
:107A5000BDE8F88FE245C1DA4FF0FF35C1E740429B
:107A6000F2E79EF8003003F0DF03582B08D0082718
:107A70003B46ABE79EF8000000F0DF005828D5D168
:107A800010279EF801B03B460EF1020E9EE79EF8CD
:107A900000B04FF00049012405F1020E90E72223C7
:107AA000C8F8003032B10EF1FF3148461160CFE71F
:107AB0008146F8E74846B2E721AD0008FFF762BF0C
:107AC0008C4600B586461346034A714610685DF839
:107AD00004EB6246FFF756BF040000208C4600B559
:107AE00086461346034A714610685DF804EB624609
:107AF000FFF748BF0400002010B4034CD4F8E04066
:107B0000A44610BC604700BF3C020020034649B1B8
:107B1000FF2A02D801200A7070478A224FF0FF30F6
:107B20001A60704708467047B9B37F2A27D90346C1
:107B3000A2F18000B0F5F06F24D3A2F50060B0F59B
:107B4000784F10B52BD3A2F58030B0F5801F36D218
:107B50000023940CC2F3053E64F30703C2F3851CB3
:107B60006EF30F2302F03F026CF3174362F31F63BF
:107B700043F0803343F0700304200B6010BD0120FC
:107B80000A707047930902F03F0263F03F0362F00E
:107B90007F0202200B704A70704708467047140B32
:107BA000C2F3851302F03F0264F01F0463F07F0309
:107BB00062F07F0203200C704B708A7010BD8A2225
:107BC0004FF0FF301A6010BD5FFA82FC0346C2F32B
:107BD0000722D9B1B2B102F17F00C0B21E2804D988
:107BE00002F12000C0B20F2812D8ACF140003E28AC
:107BF00003D98CF080007C280AD802200A7081F812
:107C000001C07047012081F800C0704708467047E6
:107C10008A224FF0FF301A60704700BFD3B284460B
:107C2000C2F3072229B3EAB102F17200C0B20128FF
:107C300021D902F15F00C0B25D2821D803F15F00B5
:107C4000C0B25D2811D943F0800303F15F00C0B2D8
:107C50005D2815D84FF08F0C03204A708B7081F887
:107C600000C0704701200B70704702200A704B70F3
:107C700070470846704703F15F00C0B25D28F4D931
:107C80008A234FF0FF30CCF80030704770B55FFAB0
:107C900082FEC2F3072269B37AB18446A2F12100C1
:107CA0005D2829D8AEF121005D2825D81868A8B133
:107CB00002200A7081F801E070BD186860B18C463E
:107CC00042F61B001A6042232CF8030B8B70042031
:107CD000614681F800E070BD0120FAE78C4601267C
:107CE00042F21B4542241E602CF8035B05208C7079
:107CF0006146DEE7012070BD8A234FF0FF30CCF8EB
:107D0000003070BD70B5054684B05BB11C460F4BAA
:107D1000D3F8E060234669B12846B047431C0FD032
:107D200004B070BD094B00F58274D3F8E0602346BF
:107D30000029F1D10A46284601A9B047431CEFD1DA
:107D400000228A2322602B6004B070BD3C02002018
:107D500070B5134B84B01D686AB1124B1446D3F84A
:107D6000E06078B10A46234601462846B047431CE6
:107D70000FD004B070BD0B4B05F58274D3F8E060F2
:107D80000028EFD12346024601A92846B047431CEC
:107D9000EFD100228A2322602B6004B070BD00BFA7
:107DA000040000203C02002010B51C4682B0049B59
:107DB000009401934FF0FF3300F03AFE02B010BD83
:107DC00030B58C46864615461C46064B83B018686F
:107DD00071464FF0FF336246CDE9005400F028FEB3
:107DE00003B030BD04000020014BC0F8EC307047F8
:107DF00020AD00082DE9F0471D468F680C46AF42C4
:107E000016460B6836D8B1F90CC01CF4906F0ED131
:107E10003D46184631462A4600F0AAF90020A368DC
:107E2000DF1B2368A7602B442360BDE8F0874A6905
:107E3000096902EB42025F1A02EBD2726B1C52100C
:107E40003B44934292BF914699461A461CF4806F78
:107E5000804611D01146FEF717FB824600B33A4622
:107E60002169F8F78FFEA38923F4906343F0800320
:107E7000A38105E02F46CCE700F0BAFB824658B15B
:107E80000AEB0703A9EB0707A760C4F810A02F4669
:107E9000C4F814902360BCE740462169FEF7B8F9A6
:107EA0000C22A3894FF0FF3043F04003C8F80020B4
:107EB000A381BAE770B500293FD006460C4610B141
:107EC000436B002B3CD0636EB4F90C20DD0732D439
:107ED000900538D52146304600F054F8E36A05464F
:107EE00033B13046E16998470028B8BF4FF0FF35FD
:107EF000A3891A0639D4216B41B104F14003994298
:107F000002D03046FEF784F900232363616C21B16F
:107F10003046FEF77DF900236364FCF719F900226F
:107F2000636EA281DB071CD5A06DFCF74DFFFCF74B
:107F300015F9284670BD002ACCD10025284670BD11
:107F4000FCF7E8F8BFE7A06DFCF742FFB4F90C308E
:107F5000002BBFD1636ED907EFD4A06DFCF740FFB3
:107F6000EBE7A06DFCF73CFFDEE730462169FEF74A
:107F70004FF9C0E7024B01461868FFF79BBF00BFEF
:107F800004000020B1F90C20F8B513070C46074691
:107F900048D4496842F400630029A3815FDDA66AE2
:107FA000002E3DD0002112F480523D68396062D12C
:107FB00001233846E169B047461C024668D0B4F94F
:107FC0000C30A66A580705D56368D21A236B0BB12B
:107FD000E36BD21A0023E1693846B047411CB4F97B
:107FE0000C304AD139681D293FD82E4ACA40D207E1
:107FF0003BD5002262602269DE04226023F4006225
:10800000A28101D5002941D0216B3D6041B104F12D
:108010004003994202D03846FEF7FAF80023236362
:108020000020F8BD0E69002EFAD0920718BF002379
:108030000D6808BF4B690E60AD1B8B600CE02B46D2
:108040003246D4F824C03846E169E047B0F1000C6C
:10805000A5EB0C05664406DD002DF0DCE0E7E16BE6
:1080600000299CDCDCE7B4F90C3043F040034FF00E
:10807000FF30A381F8BD226DA4E70022626022696F
:10808000226023F40062DB04A281BDD52065BBE73A
:108090003B68002B93D01D2B01D0162BE3D13D6004
:1080A000BEE700BF0100402038B505460C4608B1C8
:1080B000436B03B3B4F90C0088B1636EDB0701D4E2
:1080C00081050FD528462146FFF75CFF636E054604
:1080D000DA0702D4A3899B0508D5284638BD054692
:1080E000284638BDA06DFCF773FEEBE7A06DFCF7EA
:1080F00077FE284638BDFCF70DF8DBE750B338B5FE
:10810000174B04461D680DB16B6BBBB1B4F90C0085
:1081100088B1636EDB0701D4810513D5284621465B
:10812000FFF730FF636E0546DA0702D4A3899B058B
:108130000CD5284638BD0546284638BD2846FBF7ED
:10814000E9FFE3E7A06DFCF743FEE7E7A06DFCF76E
:1081500047FEEEE7034A04490448FCF729B800BF8C
:108160000400002048010020A98000080800002029
:1081700088420DD98B1883420AD900EB020C5AB3FE
:10818000624613F801CD994202F801CDF9D170474A
:108190000F2A0DD802F1FF3CF2B10CF1010C431E85
:1081A0008C4411F8012B614503F8012FF9D1704778
:1081B00040EA01039B07F0B50C460ED0034602F1DE
:1081C000FF3C0CF1010C013B8C4411F8012B614583
:1081D00003F8012FF9D1F0BD7047A2F1100525F089
:1081E0000F0501F1200E01F11003AE4400F1100C57
:1081F00053F8106C10334CF8106C53F81C6C0CF1E5
:10820000100C4CF81C6C53F8186C4CF8186C53F8A4
:10821000146C73454CF8146CEAD101EB050C0CF1AD
:108220001001054412F00C0F05F110038E4602F008
:108230000F0518D0043D25F00305AC440CF1140CD7
:10824000041B0F460E193F68043161453760F8D1B1
:108250002C1D04EB0E01234402F0030202F1FF3C4B
:10826000002AAED1F0BD2A46F8E700BF844610B41C
:108270000E4C1CF8013B11F8010BE25C02F003020A
:10828000012A225C08BF203302F00302012A05D034
:108290001B1A08D10028ECD110BC70472030181AE6
:1082A000E7D010BC7047184610BC704721AD0008DD
:1082B000830710B5044610D10268A2F1013323EA06
:1082C000020313F0803F08D150F8042FA2F10133CC
:1082D00023EA020313F0803FF6D003781BB110F8B5
:1082E000013F002BFBD1FCF77DFD204610BD00BFF8
:1082F00011F0FF01034600F0030239D08ABB026887
:1083000010B501EB012E0EEB0E4E8EEA0204A2F127
:10831000013323EA0203A4F1013222EA04021343E7
:1083200013F0803F0FD150F8044F84EA0E0CA4F1F3
:108330000133ACF1013223EA040322EA0C021343B5
:1083400013F0803FEFD0037823B936E010F8013FF7
:10835000002B32D09942F9D110BD8A4228D09A0719
:1083600029D01A7818460133002AF6D110467047F2
:10837000CAB90268A2F1013323EA020313F0803F75
:1083800008D150F8042FA2F1013323EA020313F0BD
:10839000803FF6D003785BB110F8013F002BFBD192
:1083A0007047990705D0184613F8012B002AF8D119
:1083B00070471846DDE71846A1E7184610BD00BF14
:1083C0000B4632B913F8012B002AFBD1581A013899
:1083D0007047013A16D010B401E0013A09D013F801
:1083E000014B00F8014B002CF7D1581A013810BC92
:1083F0007047027013F8012B002AFBD1581A01387C
:1084000010BC70470270DDE722B310B50244864607
:10841000114C04E01B1A1BD1B8B1964516D01EF8BA
:10842000013B11F8010B14F803C00CF0030CBCF174
:10843000010F14F800C008BF20330CF0030CBCF18E
:10844000010FE7D12030181AE7D010BD002010BD71
:10845000184610BD1046704721AD00089AB3034678
:1084600030B543EA0104A4078646084618D1032A1A
:1084700007D815E0043A24D01CF0803F21D1032A0C
:1084800025D90146DEF800407346A4F1013020EA08
:10849000040C084650F8045B0EF1040EAC42E9D01F
:1084A00018780C78013AA04208BFD21807D00CE027
:1084B00040B113F8010F11F8014FA04205D19342CA
:1084C000F6D1002030BD10467047001B30BD73460A
:1084D0000146E5E7002238B5064D044608462A6005
:1084E00002F0AAF8431C00D038BD2B68002BFBD04B
:1084F000236038BDFC0E0020014B1868704700BF98
:1085000004000020082802D14FF48050704708B5BD
:10851000FFF7F2FF162203464FF0FF301A6008BD46
:10852000144600B51A460A4B0D461B6885B0DE6836
:1085300003464CB107490191304607490294009522
:1085400000F0ACFA01F024FE04490C46F3E700BF4A
:108550000400002084A9000894A9000890A900083C
:1085600008B513460022FFF7DBFF00BF38B5A1FBBB
:10857000021454BBFDF788FF054650B350F8042C95
:1085800022F00302043A242A10D8132A13D91B2AF2
:10859000C0E9004416D9242AC0E902440ABFC0E950
:1085A000044400F1100200F1180205E02146F9F739
:1085B000C7FA284638BD024600232846C2E90033E0
:1085C000936038BD00F10802F6E7FFF795FF0C2332
:1085D00003600025284638BD0148FCF7F9BB00BF01
:1085E0000C0F00200148FCF7FBBB00BF0C0F002064
:1085F0002DE9F84F1646002900F098800C46804679
:1086000006F10B05FEF766FC54F8041C162DA4F1C8
:10861000080921F0030758D81025AE4258D8AF42B8
:1086200062DAC04B09EB070C9A68DCF8040062457B
:1086300000F0928020F0010363445B68DB076AD49A
:1086400020F003003B189D4249DDCB0712D454F8BB
:10865000083CA9EB030BDBF8043023F003021044C1
:1086600000EB070A554540F3F88007EB020A554531
:1086700040F3CE8031464046FDF706FF064600280F
:1086800000F0238154F8043CA0F1080223F0010318
:108690004B44934200F0B6803A1F242A00F2D9805E
:1086A000132A00F2A480034622461168196051681B
:1086B000596092689A6021464046FDF7A9FD404600
:1086C000FEF70EFC3046BDE8F88F35F00705A4D55F
:1086D0000C23C8F8003000263046BDE8F88F1F464E
:1086E000DCE90223D3609A60D9F804307A1B0F2AA0
:1086F00003F0010309EB07001DD83B43C9F8043020
:10870000436843F0010343604046FEF7E9FB264619
:108710003046BDE8F88FC907ACD454F8083CA9EB43
:10872000030BDBF8043023F003029EE71146BDE89B
:10873000F84FFDF7A9BE2B4309EB050142F00102FA
:10874000C9F804304A604368083143F001034360CC
:108750004046FDF75DFDD7E720F00300C21905F1A3
:10876000100C624580F29280CA0783D454F8082C1A
:10877000A9EB020BDBF8042022F00302104400EB0B
:10878000070AD4453FF771AF5E46DBF80C1056F888
:10879000080F3A1F242AC160886000F2B080132AB3
:1087A00040F2AB8021681B2ACBF808106168CBF837
:1087B0000C1000F2AA8008340BF11002216811603D
:1087C00061685160A1689160AAEB05020BEB05019D
:1087D00042F0010299604A60DBF80430404603F041
:1087E00001032B43CBF80430FEF77AFB90E72368B4
:1087F0001B2A0360636843603DD804F1080200F15E
:10880000080352E750F8043C23F003031F446BE7CE
:108810005E463A1FDBF80C3056F8081F242ACB605E
:10882000996023D8132A1FD923681B2ACBF8083054
:108830006368CBF80C303CD808340BF11003226885
:108840001A6062685A60A2689A6034465746D946F0
:108850004AE72146FFF78CFC2DE7DCE902135E4670
:10886000CB603A1F9960D5E73346E8E721463046AA
:10887000FFF77EFCE9E7A368242A8360E368C3600E
:1088800027D004F1100200F110030EE7521B09EB90
:10889000050142F0010299604A6054F8043C4046E8
:1088A00003F001032B4344F8043CFEF719FB264672
:1088B0002EE7A368242ACBF81030E368CBF81430F5
:1088C00010D010340BF11803B9E74046FEF708FB4F
:1088D00001E7236904F1180203616369436100F150
:1088E0001803E2E623691834CBF8183054F8043C36
:1088F000CBF81C300BF12003A1E732465EE721469E
:108900003046FFF735FC074B5EE7A168242ACBF819
:108910001010E168CBF8141006D010340BF11802D7
:108920004CE700BFD003002022691834CBF8182090
:1089300054F8042CCBF81C200BF120023EE700BFBA
:108940002DE9F04F89B01C46DDE912780346DDF8C9
:108950005090B8F1000F51D00029C34608BF4FF026
:10896000FF37002592468846CDE90031166805E0BC
:1089700056F8040B013C002832D06546AF4239D985
:10898000002C37D0DBF8003000980293DBF804307D
:1089900032680393D9F8E0C05B4604A9E047431C62
:1089A0002FD000EB050CBC4536D8019B002BDFD047
:1089B00000280BDD08F1FF3204A902EB000E11F8CC
:1089C000013B02F8013F7245F9D18044DAF80020FA
:1089D00056F8040B0432CAF80020013C0028CCD120
:1089E0000199D84609B1CAF8000000220CF1FF3500
:1089F000C8F80020284609B0BDE8F08F00F5867859
:108A0000AAE705468A2100222846009B1960CBF878
:108A1000002009B0BDE8F08FD8462846DDF808A050
:108A2000DDF80CB0C8E900AB09B0BDE8F08F00BFBD
:108A300010B584B00698054C009007980190044842
:108A400000680294FFF77CFF04B010BD3C020020D8
:108A50000400002010B5044684B006980190064832
:108A60000068009313460A462146044C0294FFF71F
:108A700067FF04B010BD00BF040000203C020020CE
:108A80000CB400B583B004AB53F8042B019300F091
:108A900019F803B05DF804EB02B070470EB400B5EE
:108AA000074A82B003AB0146106853F8042B0193C8
:108AB00000F008F802B05DF804EB03B0704700BFA7
:108AC000040000202DE9F04F05460E46C3B012AF5A
:108AD00092460021082238461C46AB46029609936E
:108AE000F9F72EF81DB16B6B002B00F01F87029A6F
:108AF000536EB2F90C20DE0740F14081950400F17D
:108B0000DB85029942F4005223F400538A814B66BC
:108B100012B2160740F1BE80029B1B69002B00F0C9
:108B2000B98002F01A030A2B00F0C380002319AAAF
:108B30009146CDE91733CDE90B3316920D9305938A
:108B40005546934BD3F8E440FCF794F82A46034685
:108B500010A958460097A047002800F0C980C0F22D
:108B6000BF80109B252B01D00544EAE7B5EB0A0630
:108B7000044640F0C18000224FF0FF33904604933A
:108B80006B7805F1010A8DF83B2006920AF1010A83
:108B9000A3F120025A2A00F2FD80DFE812F09103CF
:108BA000FB00FB008C03FB00FB00FB006E03FB00E3
:108BB000FB006B003302FB002E02A103FB009C03B1
:108BC0005B005B005B005B005B005B005B005B00CD
:108BD0005B00FB00FB00FB00FB00FB00FB00FB005D
:108BE000FB00FB00EA010903FB00FB00FB00FB00AC
:108BF000FB00FB00FB00FB00FB00FB003902FB005D
:108C0000FB00FB00BD01FB003403FB00FB00DE05A5
:108C1000FB00FB00FB00FB00FB00FB00FB00FB007C
:108C2000FB00FB00EA017B01FB00FB00FB002703CC
:108C30007B017600FB003204FB0023040C04BD031F
:108C40007600FB00BD0173007102FB00FB000A0609
:108C5000FB007300A3F13002002319461AF8013B10
:108C600001EB810102EB4101A3F13002092AF5D9A0
:108C700006918DE7099B53F8042B002A069209936D
:108C8000C0F2B8819AF8003080E79AF8003048F0D6
:108C900020087BE7029D5846294601F0FBF9002891
:108CA00040F0F387B5F90C2002F01A030A2B7FF489
:108CB0003DAF0299B1F90E30002BFFF637AF4B6E86
:108CC000D80702D4920540F187872346524658467A
:108CD000029901F021F80590059843B0BDE8F08FA6
:108CE000082200213846F8F72BFF0120054428E729
:108CF000B5EB0A06044611D0189BC9E900A6334417
:108D00001893179B0133072B179311DC09F10809FE
:108D1000059B33440593002C7FF42DAF189B002B4B
:108D200040F066870022029B1792B3F90C3019E0DD
:108D30005846029916AA01F031F880B90DF164097C
:108D4000E6E75846029916AA01F028F8002800F034
:108D50008C80079B1BB158460799FDF759FA029B77
:108D6000B3F90C30029A526ED00740F189805B064D
:108D700000F13C81059843B0BDE8F08F910540F1CA
:108D80001E8196047FF5BDAE9D047FF5C2AE25E140
:108D90003C020020002BC1D001228DF8A43000231A
:108DA000CDE90323089229AD8DF83B30079318F0E5
:108DB0008406DDE917C0014662462BD1069B039C61
:108DC0001C1B002C00F320849DF83B302BB30026A5
:108DD0000A96012301320131C9F80430072A0DF146
:108DE0003B03CDE91721C9F8003000F3A68309F150
:108DF00008090A9B73B1022301320231C9F8043019
:108E0000072A0FABCDE91721C9F8003000F388839A
:108E100009F10809802E00F00283049B08981C1AAF
:108E2000002C00F33E83089B01321944072ACDE948
:108E30001721C9F80050C9F8043000F3658309F11F
:108E4000080918F0040F05D0069B039A9C1A002C01
:108E500000F38083DDE9053203988242ACBF9B18A2
:108E60001B18059300297FF46CAF00231793079B11
:108E70001BB158460799FDF7CBF90DF164095FE680
:108E80009A053FF574AF029CA06DFBF7A9FFB4F9FA
:108E90000C306CE718F0200F00F04484099B073376
:108EA00023F007031A465B6852F8084B1E460992E6
:108EB000002BC0F28E81049A002A05DB54EA0603D7
:108EC00028F0800800F095840A2C76F1000380F0E9
:108ED000F78004F13003DBB2049A8DF80731012AE0
:108EE000B8BF01229DF83B300392002B00F0DD83D8
:108EF000039B0024013303930123CDE907430DF2C3
:108F0000071518F08406DDE91721084694463FF45A
:108F100055AF00230A935CE70022099E8DF83B20A1
:108F200056F8042B0792002A00F02A85532B00F0F4
:108F3000668418F0100440F06284049A002AC0F29B
:108F40002E8621460798FBF7ABFF9DF83B20079D37
:108F5000002800F07C86431B089323EAE373039305
:108F6000002A00F06B86013304940996039307945A
:108F7000C7E7099A432B02F1040403D018F0100F3D
:108F800000F02D840822002114A8F8F7D9FD099AD1
:108F900029AD14AB294658461268FEF7B3FE0346C6
:108FA0000133089000F03B86089B23EAE3730393A8
:108FB000002309948DF83B3007930493F7E6029D54
:108FC000A86DFBF705FFB5F90C206B6E90047FF5DB
:108FD00098AD99047FF59DADDB0707D4029B9B8973
:108FE0009F0503D4029B986DFBF7FAFE4FF0FF3309
:108FF0000593BFE6069B5B4206939AF8003048F063
:109000000408C3E52B238DF83B309AF80030BDE50A
:1090100018F0200F48F0100000F09683099B0733EA
:1090200023F007031A46596852F8083B09920022B8
:109030008DF83B20049A002AC0F2348353EA0102DF
:1090400020F4906800F03C8342AD03F00702DB0897
:1090500043EA4173C908303253EA0104284605F84F
:10906000012DF2D118F0010340F0AC82049A07936D
:1090700042AB5B1B9A42B8BF1A460893039296E62E
:1090800018F0200F40F0DA80099A18F0100652F814
:10909000043B40F0088618F0400100F088849CB240
:1090A000049B8DF83B60002B04DB28F08008002C2B
:1090B00000F0BF800A2C76F100030992FFF409AF9B
:1090C000CDE9078A0020DDF82CA042A908F48065CC
:1090D000CDF80C9025E0A319C04A43F10003A2FB90
:1090E000032C2CF0030202EB9C024FF0CC3CA14677
:1090F000B6469B1AE31A0CFB03F2B84C66F1000665
:1091000004FB0622A3FB0443B9F10A0F13444FEA00
:1091100054047EF1000E414644EAC3744FEA5306FC
:109120002CD3DFF8B8E2A31943F10003AEFB032C04
:109130002CF0030202EB9C029B1AE31AA3FB0E32F3
:1091400066F1000C0EFB0C225B0843EAC27303EBD2
:109150008303A4EB43033033013001F1FF3801F8FE
:10916000013C002DB7D09AF800308342B3D1FF28DC
:10917000B1D00A2C76F1000380F061844546049951
:1091800042AA521B9142B8BF11469DF83B30DDF810
:109190000C90CDF82CA00391DDE9078A0892002BF2
:1091A00000F0E683039B0133039300230793A8E6B3
:1091B00018F0200F48F0100340F09B82099A043207
:1091C000099998460C680992E6173346002BBFF6BA
:1091D00072AE2D238DF83B30049B644266EB46064D
:1091E000002BFFF671AE28F080086DE69AF800308B
:1091F000682B03BF9AF8013048F400780AF1010A9D
:1092000048F04008C2E418F0200F48F0100116D1D1
:10921000099B1A1D0026099B04981B68B0421C4636
:109220008DF83B60C0F2C78221F08008002B7FF4EC
:1092300041AF049B0992DBB100244AE64146099BF9
:10924000073323F007031A465E6800238DF83B308E
:10925000049B52F8084B002B0992C0F2AD8254EAED
:10926000060321F080087FF42FAE049B002BE3D18E
:1092700008930393079342AD99E55846FBF70CFD1D
:10928000436818460D93FBF74BFE0C900446584676
:10929000FBF702FD81689AF800300B91002C3FF437
:1092A00075AC00293FF472AC0A78002A3FF46EAC2A
:1092B00048F480686AE49AF8003048F0010865E4F0
:1092C0009DF83B209AF80030002A7FF45FAC202202
:1092D0008DF83B205AE49AF8003048F0800855E4B5
:1092E000504610F8013B2A2B00F0C384A3F1300252
:1092F000092A98BF002100F2748410F8013B01EBA9
:10930000810102EB4101A3F13002092AF5D941EABA
:10931000E172824604923BE447F630030022099C46
:10932000049DADF83C3054F8043B95421146184674
:109330008DF83B20C0F2438228F0800242F0020800
:109340000994002B00F027830224254A03F00F0321
:10935000D35C03948DF80731030943EA01730809CC
:1093600053EA111100F0BA840DF2071503F00F0152
:10937000515C1B0943EA0073000905F8011D53EA1B
:109380000001F3D1049A42AB5B1B9A42B8BF1A4664
:1093900008931346039A002A00F08F84DDE9172111
:1093A000023318F0840608469446039300F0508276
:1093B000002307931FE518F0200F40F0CC81099A95
:1093C00018F0100152F8043B40F0838418F040007C
:1093D00000F00783404609929BB228E6CDCCCCCC66
:1093E00038A7000818F0200F00F08681099B059A25
:1093F0001B681A60D2175A60099B04330993FFF760
:109400009FBB9AF800306C2B03BF9AF8013048F0EC
:1094100020080AF1010A48F01008FFF7B7BB069BC5
:1094200003981C1A002C7FF7F8AC102C40F3F5833E
:10943000BA4B48461026C146A8461D4604E0103CDB
:10944000102C00F1080015DD01321031072AC0E9A7
:109450000056CDE91721F2DD5846029916AA00F010
:109460009DFC00287FF475ACDDE91721103C102C21
:1094700019A8E9DC2B464546C846814601322144FD
:10948000072ACDE91721C9F80030C9F8044000F3D4
:109490005E82049B089809F108091C1A002C7FF7CA
:1094A000C2AC102C9D4B21DD48461026994604E0A5
:1094B000103C102C00F1080016DD0132974B1031E2
:1094C000072AC0E90036CDE91721F1DD5846029997
:1094D00016AA00F063FC00287FF43BACDDE91721FD
:1094E000103C102C19A8E8DC4B468146013221447F
:1094F000072ACDE91721C9F80030C9F8044000F364
:10950000C38009F108098EE45846029916AA00F0B2
:1095100045FC00287FF41DAC18990DF1640990E416
:109520005846029916AA00F039FC00287FF411ACC5
:10953000DDE917210DF164096CE45846029916AA79
:1095400000F02CFC00287FF404ACDDE917210DF1BC
:1095500064094EE4102C179B40F354831025704E81
:10956000DDF8088004E0103C102C09F1080916DD34
:1095700001331031072BC9E90065CDE91731F2DD60
:109580004146584616AA00F009FC00287FF4E1ABDA
:10959000DDE91731103C102C0DF16409E8DC0133D2
:1095A0002144072BC9E90064CDE917317FF752AC9C
:1095B0005846029916AA00F0F1FB00287FF4C9ABC7
:1095C000189947E4302A00F0B6813023049A023813
:1095D00005F8013C42AB1B1A9A42B8BF1A46054631
:1095E0000893039218F08406DDE917210846944693
:1095F00000F078839DF83B30002B00F07683002349
:1096000007930A93FFF7E5BB00230A93102C6246E9
:1096100040F3EC8249461023C146414EA846029DC4
:1096200004E0103C102C01F1080117DD013210306C
:10963000072AC1E90063CDE91720F2DD2946584623
:1096400016AA00F0ABFB00287FF483ABDDE91720FE
:10965000103C102C4FF0100319A9E7DC4546C84612
:10966000894601322118072ACDE91721C9F800607F
:10967000C9F8044000F32E819DF83B6009F1080908
:109680008EB30026FFF7A5BB5846029916AA00F034
:1096900085FB00287FF45DABDDE917210DF164093E
:1096A000FFF7C1BB20F48068CEE4079301230DF2DD
:1096B00007150893FFF77BBB98047FF52AAA95E46A
:1096C000049A002A7FF4C0AC10F00102039200F06B
:1096D000FB8030238DF80731049B089207930DF22D
:1096E0000715FFF764BB0A9B002B7FF484ABFFF7E1
:1096F00094BB9846FFF7D2BB18F0100F40F03B81A7
:1097000018F0400F40F0468218F4007F00F03381DB
:10971000099B059A1B681A706EE600BF24AE00080C
:1097200034AE0008099A18F0100F52F8044B40F0BC
:10973000D28218F0400F099200F05D8144F3C036E8
:10974000334624B2FFF7B4BB099B1A1D099B0021C5
:109750001B6809926BE4404660E4B14A18F02001AE
:1097600000F098800999073121F007010846044666
:1097700054F8080B4968099418F00105039571D055
:1097800050EA010440F0BD8000238DF83B30049B7B
:10979000002BC0F24B8128F4906800F0E68113782A
:1097A0000DF207158DF80731039B0893049B039373
:1097B00018E79C4AD2E709928846FFF785BB104616
:1097C000984A03F00F01515C1B0948F002088DF81C
:1097D0000711099400F0738202210391C4E5099BEB
:1097E00029AD1B688DF8A430012303930893FFF77C
:1097F000DFBB002A00F0AE813023FFF76DBB079B73
:109800000822002114A81193F8F79AF9049B002B61
:10981000C0F25E810024CDF80C90254699460FE0F9
:1098200014AB584629A9FEF76DFA431C04F1040451
:10983000284400F0F481484506DC00F00582054626
:10984000119B1A59002AEBD1DDF80C9004954EE1DA
:10985000069C039B0796E41A002C7FF7CCAA0223F0
:109860000A93D3E6039B8DF83B30049B002B22DB4D
:1098700050EA010328F4906854D10499002900F0BB
:10988000CB80137803918DF8073101230DF2071572
:109890000893A7E6099C54F8040B099418F01004E7
:1098A0007FF46AAF18F0400100F0B080214680B22A
:1098B00062E748F0020808F0020400F00F03D35CEE
:1098C000039428F4806845E5049B42ADCDE9073355
:1098D000FFF76DBA5846029916AA00F05FFA0646DD
:1098E00000287FF436AADDE917219DF83B30002BD4
:1098F00073D10A9B0DF16409002B7FF47CAAFFF75A
:109900008CBA8DF83D3030238DF83C3000238DF833
:109910003B30049B002BCCDB28F4906343F002081F
:109920000223039300F00F03D35C13E52846FAF7F4
:10993000F1FBFFF7DCB8049A42AB5B1B9A42B8BF5D
:109940001A460893002303920793FFF730BA58464C
:10995000029916AA00F022FA00287FF4FAA9DDE99C
:1099600017210DF16409FFF758BA079D0493099672
:109970000793FFF71CBA099B059A1B681A603BE521
:10998000049B294D062B28BF0623099603930492B6
:109990000893FFF70CBA002D00F0EA803023012273
:1099A0008DF8073108922B460DF20715F6E418F4EE
:1099B000007640F0E18004991C4600298DF83B6058
:1099C000FFF678AB28F08008002B7FF473AB0B46D2
:1099D000099200297FF430AC4AE40DF16409FFF7E5
:1099E000F8B918F4007100F0D180014609924046A0
:1099F000DBB2FFF71CBB18F4007F14BF44F3C016A2
:109A0000E617334618BF64B2FFF752BA18F4007471
:109A10000CBF2146C0B2AFE6049B42AD0893E1E51E
:109A20004CA7000838A7000860A70008137808951D
:109A30008DF8073128F480680DF20715D2E50C9AED
:109A40000D99A8EB02094846FAF71EFC9AF8013076
:109A50000BB10AF1010A4FF0CC310120A44AA3193D
:109A600043F10003A2FB03CE2EF0030C0CEB9E0C83
:109A7000A3EB0C03E31A03FB01F166F10006A3FB61
:109A8000023402FB0611C340214443EAC17421FAA7
:109A900000F6A31943F10003A2FB031C2CF0030101
:109AA00001EB9C015B1AE31AA3FB023166F1000C87
:109AB00002FB0C12C34043EAC27303EB8303A4EB23
:109AC0004303303309F1FF3809F8013CFFF74BBB82
:109AD00014AB009300235846194611AAFEF764F907
:109AE00003460133049000F09A80079B1193049B76
:109AF0002BB3632B68DC002329AD079308220021D8
:109B000014A8F8F71DF8049C14AB009329462346CB
:109B1000584611AAFEF748F9844240F0C780002356
:109B2000049A22EAE271AB54039111469DF83B205E
:109B3000002A69D1CDE908160492FFF738B99DF8DB
:109B40003B30079D003B18BF01230393049B0996FC
:109B5000089347E59DF83B303BB1049B42ADCDE90E
:109B6000073301230393FFF7CCB9049BFFF780BBB6
:109B7000049B42AD089311E4DCB2049B0E46002B1B
:109B80008DF83B10BFF691AAFFF794BA40460992B0
:109B9000FFF74DBA099B059A1B681A802CE4079DB4
:109BA0002846FBF7BDF99DF83B3020EAE0720890AB
:109BB0000392002B3FF4D9AE134601330494099667
:109BC00003930794FFF79DB95846591CFCF75CFCBA
:109BD000054620B3079091E7886DFBF701F9FFF781
:109BE00074B8002282460492FEF7D2BF414E38E597
:109BF0005846029916AA00F0D1F800283FF492A81E
:109C0000FFF7ADB83B4ECAE4049A0493039BCDE939
:109C1000082601330393FFF774B9374B2EE40298FB
:109C2000B0F90C30426E43F04001D50781813FF519
:109C3000DDA999053FF5DAA9FFF725B9079D04923B
:109C400009960792FFF7B3B8DDF80C904FE742B1E1
:109C5000049A099608920132CDE903200790FFF794
:109C600050B9049B0792CDE9033209960893FFF798
:109C70009EB8099A9AF8013052F8041B824609925C
:109C800041EAE1720492FEF781BF029A536EDD074A
:109C90003FF5ACA993899C053FF5A8A9906DFBF70A
:109CA0009FF8FFF7A3B94146FFF7B4BA029A938928
:109CB00043F040039381FFF74CB8039392E40122F1
:109CC000049B0892012BB8BF01230DF20715FFF783
:109CD00065BB40463AE54346FFF772BA0DF20715F9
:109CE000FFF750BB0796FFF769B80793FFF792B8E5
:109CF000CDCCCCCC34AE000824AE00088C4600B5E8
:109D000086461346034A714610685DF804EB6246C6
:109D1000FEF7D8BE040000202DE9F0414FF4806525
:109D20000027ADF58D6D1AAECDE90557984607466B
:109D30000096049616468B8916A823F00203ADF808
:109D40000C304B6E02951993CB890D46ADF80E3051
:109D5000CB696C4607934B6A0993FBF731F832469F
:109D6000434669463846FEF7ADFE061E07DB6946E8
:109D70003846FEF799F9002818BF4FF0FF36A3893F
:109D80005B0603D5AB8943F04003AB81A06DFBF7C5
:109D90001BF830460DF58D6DBDE8F081936810B568
:109DA00014461BB918460023636010BD00F006F886
:109DB0000023A3600023636010BD00BF9368002BE5
:109DC00000F0B2802DE9F04FB1F90CC017461CF03D
:109DD000080F80460C4683B025D00B691BB31CF0DE
:109DE00002033D682BD04FF0000B5E46DFF8A0A2C7
:109DF000002E00F08880564533465A4628BF534609
:109E00004046E169D4F824C0E047002840F384804C
:109E1000BB6883441B1A361ABB60002BE8D10020B4
:109E200003B0BDE8F08F2146404600F033F900282A
:109E300077D1B4F90CC03D681CF00203D3D11CF0FB
:109E4000010973D14E46002E59D01CF4007F2068C2
:109E5000D4F808B000F0AD80B3455A4600F2DC807B
:109E60001CF4906F32D023696269A0EB030A02EB05
:109E7000420202EBD2720AF10101521031449142C6
:109E800092BF93468B460A461CF4806F00F0E28036
:109E900011464046FCF7F8FA002800F0F2805246DE
:109EA00021690190F6F76EFEA289019B22F490626F
:109EB00042F08002A28103EB0A002361C4F814B0CF
:109EC000ABEB0A033246B346A3602060B2460026DD
:109ED00049460192FEF74CF9A368019AA3EB0B01E6
:109EE0002368A16013442360BB68D144A3EB0A0339
:109EF000BB60002B93D0B4F90CC0002EA5D1D5E9DE
:109F0000009608359FE7D5E900B6083570E7214689
:109F10004046FEF7C9F868B3B4F90C3043F040038B
:109F2000A3814FF0FF307BE7002070471E46BA4602
:109F3000994618461F465EB380B34A462068216999
:109F4000B24228BF32468842636904D9A16803EB54
:109F5000010B5A4570DC934261DC3A464046E169A8
:109F6000D4F824C0E047B0F1000BD5DDB9EB0B0904
:109F7000CDD00120DAF808305F44A3EB0B03A6EB49
:109F80000B06CAF80830002B3FF449AF002ED3D19E
:109F90006E682B460835002EFAD01F6832460A211B
:109FA0003846FAF77DFF002868D00130A0EB07099A
:109FB000C3E72369834217D36369B34214D86FF0B0
:109FC000004CB44528BFB4469CFBF3FC4A4603FB57
:109FD0000CF34046E169D4F824C0E047B0F1000A30
:109FE0009ADDA6EB0A067FE7B345DA4628BFB246FC
:109FF00049465246FEF7BCF8A3682268A3EB0A0361
:10A000005244A3602260002BEBD121464046FEF76C
:10A010004BF80028E5D07FE7B346324656E739468D
:10A020000192FEF7A5F8019AA36893469B1AA360D4
:10A0300023681344236099E739465A46FEF798F897
:10A04000236821465B4440462360FEF72DF8002834
:10A050008CD061E719464046FEF7CAFA034600284D
:10A060007FF429AF40462169FCF7D2F80C22B4F9FD
:10A070000C30C8F8002023F080034FE7721C914693
:10A080005CE70C22B4F90C30C8F8002046E700BFAA
:10A0900000FCFF7F38B53D4B05461B680C4613B1ED
:10A0A0005A6B002A5AD0B4F90C3019070BD5226923
:10A0B0009AB113F0010221D19B0756BF6369A260D8
:10A0C000A360002038BDDA0658D558071CD4226991
:10A0D00043F00803A381002AEBD1990528D518067F
:10A0E00003F0800124D4D80741D49D073CD5A26059
:10A0F0000029E6D043F04003A38144E000226369D5
:10A10000A2605B42A361DCE7216B51B104F1400224
:10A11000914204D02846FCF77BF8B4F90C300022B9
:10A1200022630021226923F02403C4E90021CFE740
:10A130002146284600F034F8B4F90C30226913F0B7
:10A1400001010FD000206169A0604942A161002A8D
:10A15000B7D103F080010029B3D0CBE71846F9F757
:10A16000D9FFA0E7980700D46169A160EFE76069B3
:10A17000A2604042A0610029A3D0BBE7092243F0BE
:10A1800040032A60A3814FF0FF3038BD0400002057
:10A19000062008B500F038F9012000F063FA00BF8E
:10A1A00070B5B1F90C300C46990796B007D501226D
:10A1B00004F14303C4E90432236016B070BDB4F95E
:10A1C0000E10054600292BDB6A4600F0C1F9002875
:10A1D00024DB4FF480612846019EFCF755F9B4F961
:10A1E0000C30A0B34FF4806206F4704643F0800355
:10A1F000B6F5005FA38120602061626135D12846F9
:10A20000B4F90E1000F0B8F9B4F90C3068B323F0CB
:10A2100003034FF4006243F0010314E0B4F90C307F
:10A2200013F0800F0CBF4FF480664026284631465D
:10A23000FCF72AF9B4F90C3048B10022C4E904064D
:10A2400043F0800320601343A38116B070BD9A05CC
:10A25000B3D4012123F0030304F1430243F00203CA
:10A26000C4E90421A3812260A7E74FF40062EAE772
:10A2700070B50C46B1F90E10154600291E4696B071
:10A2800014DB6A4600F064F900280FDB01994FF4F3
:10A29000806301F47041A1F50051B1FA81F14FF4EE
:10A2A0000060490931602B6016B070BDA18911F0C2
:10A2B000800106D000214023084631602B6016B093
:10A2C00070BD4FF48063084631602B6016B070BDDE
:10A2D00038B5D0F838410CB1002038BD8021054692
:10A2E000FCF7D2F80246C5F8380130B1031F7C32C2
:10A2F00043F8044F9342FBD1EEE74FF0FF3038BDF7
:10A3000030B51F29054683B009D8D0F838310C463E
:10A310005BB153F8240043F8242003B030BD16236A
:10A3200003604FF0FF3003B030BD80210192FCF795
:10A33000ABF8019A0346C5F838010028F1D0011F97
:10A3400000F17C05002041F8040FA942FBD1E0E7B1
:10A350001F2938B505461FD8D0F838210C466AB1F8
:10A3600052F8213053B1012B06D0591C10D00021D6
:10A37000204642F824109847002038BD284600F0B7
:10A3800021F9224601462846BDE8384000F006B9CA
:10A39000162301202B6038BD16234FF0FF302B60B1
:10A3A00038BD00BF1F292CD8D0F8382138B50C464D
:10A3B00005469AB152F8243053B1591C0CD0012BE8
:10A3C00008D00025204642F824509847284638BD3A
:10A3D000012038BD032038BD022038BD8021FCF7A4
:10A3E00053F80246C5F8380140B10020131F02F1AE
:10A3F0007C0143F8040F8B42FBD1DBE74FF0FF30C9
:10A4000038BD4FF0FF30704738B5144B1F281D681A
:10A410001ED8D5F83821044662B152F820304BB12D
:10A42000012B05D0591C0FD0002142F8201098476D
:10A43000002038BD284600F0C5F8224601462846CF
:10A44000BDE8384000F0AAB8162301202B6038BDC3
:10A4500016234FF0FF302B6038BD00BF04000020F2
:10A46000124B1F2870B51E6809D8D6F8383104463B
:10A470000D464BB153F8240043F8245070BD162309
:10A4800033604FF0FF3070BD80213046FBF7FCFF9A
:10A490000346C6F838010028F3D00021021F7C30A3
:10A4A00042F8041F8242FBD1E4E700BF0400002011
:10A4B00038B50C4B1D68D5F838410CB1002038BDBB
:10A4C00080212846FBF7E0FFC5F8380138B1031FAB
:10A4D00000F17C0243F8044F9342FBD1EEE74FF0CA
:10A4E000FF3038BD0400002038B5184B1F281D6808
:10A4F00028D8D5F8382104469AB152F8243053B1FF
:10A50000591C0CD0012B08D00025204642F82450BD
:10A510009847284638BD012038BD032038BD0220A9
:10A5200038BD80212846FBF7AFFF0246C5F8380149
:10A5300040B10020131F02F17C0143F8040F8B424D
:10A54000FBD1DAE74FF0FF3038BD00BF0400002038
:10A5500070B50026074D0446084611462E6000F0EF
:10A560003BF8431C00D070BD2B68002BFBD0236050
:10A5700070BD00BFFC0E0020002238B5064D044619
:10A5800008462A6000F038F8431C00D038BD2B681C
:10A59000002BFBD0236038BDFC0E002070B50026D8
:10A5A000074D0446084611462E6000F02DF8431C66
:10A5B00000D070BD2B68002BFBD0236070BD00BFA6
:10A5C000FC0E002000F010B85822024B4FF0FF3074
:10A5D0001A607047FC0E00205822024B4FF0FF30EB
:10A5E0001A607047FC0E00205822024B4FF0FF30DB
:10A5F0001A607047FC0E00205822024B00201A609F
:10A60000704700BFFC0E00205822024B4FF0FF3075
:10A610001A607047FC0E00205822024B4FF0FF30AA
:10A620001A607047FC0E00205822024B4FF0FF309A
:10A630001A607047FC0E0020044A05491368002B7D
:10A6400008BF0B461844106018467047580F00208A
:10A650005C0F00205822024B4FF0FF301A60704709
:08A66000FC0E0020FEE700BF24
:10A66800524553505F4F4B00434D445F554E4B4E40
:10A678004F574E004745545F535441545553005269
:10A688004553505F5354415455530054524947471A
:10A6980045525F414C41524D00534C45455000478F
:10A6A80045545F54454D505F484953544F525900E3
:10A6B800524553505F54454D505F484953544F528B
:10A6C80059005345545F53414D504C455F494E54D2
:10A6D800455256414C00524553505F4552524F52D5
:10A6E8000050494E470054656D703A2025642E2568
:10A6F8006420430053704F323A20256425250053C7
:10A70800746570733A20256C75004261743A20258F
:10A71800642E2530326456204C763A2564000000B9
:10A72800494E4600696E66004E414E006E616E00ED
:10A7380030313233343536373839616263646566AF
:10A748000000000030313233343536373839414271
:10A758004344454600000000286E756C6C290000D3
:10A76800300000002F000000504F534958000000EF
:10A7780043000000415343494900000049534F2D0D
:10A78800383835392D310000636A6B73696E676C30
:10A7980065000000636A6B6E6172726F770000007B
:10A7A800636A6B77696465005554462D380000006C
:10A7B80055544638000000004A49530045554300A7
:10A7C8004A5000004555434A50000000534A495337
:10A7D8000000000049534F003838353900000000A8
:10A7E80049534F2D383835392D00000043500000AB
:10A7F8004B4F49380000000043503230383636009D
:10A80800435032313836360043503130330000007F
:10A8180047454F524749414E000000005053000041
:10A8280043503130310000005054313534000000BD
:10A838004350313032000000544953003632300062
:10A8480043503837340000004C435F414C4C000003
:10A858004C414E47000000002E0000004C435F436F
:10A868004F4C4C41544500004C435F4354595045AC
:10A87800000000004C435F4D4F4E45544152590073
:10A888004C435F4E554D4552494300004C435F547D
:10A89800494D45004C435F4D45535341474553008F
:10A8A800496E66696E697479000000004E614E0059
:10A8B80042616C6C6F63207375636365656465647E
:10A8C800000000002F646174612F6A656E6B696E09
:10A8D800732F776F726B73706163652F474E552DB9
:10A8E800746F6F6C636861696E2F61726D2D31349E
:10A8F8002F7372632F6E65776C69622D6379677742
:10A90800696E2F6E65776C69622F6C6962632F734D
:10A9180074646C69622F64746F612E6300000000B8
:10A928002F646174612F6A656E6B696E732F776F20
:10A93800726B73706163652F474E552D746F6F6C22
:10A94800636861696E2F61726D2D31342F73726384
:10A958002F6E65776C69622D63796777696E2F6EE4
:10A9680065776C69622F6C6962632F7374646C69B4
:10A97800622F6D707265632E630000002C2066756F
:10A988006E6374696F6E3A2000000000617373652E
:10A998007274696F6E2022257322206661696C6566
:10A9A800643A2066696C6520222573222C206C6924
:10A9B8006E65202564257325730A00003030303019
:10A9C80030303030303030303030303020202020BF
:10A9D80020202020202020202020202043000000AC
:10A9E800000000000000000000000000000000005F
:10A9F800000000000000000000000000430000000C
:10AA0800000000000000000000000000000000003E
:10AA180000000000000000000000000043000000EB
:10AA2800000000000000000000000000000000001E
:10AA380000000000000000000000000043000000CB
:10AA480000000000000000000000000000000000FE
:10AA580000000000000000000000000043000000AB
:10AA680000000000000000000000000000000000DE
:10AA7800000000000000000000000000430000008B
:10AA880000000000000000000000000000000000BE
:10AA9800000000000000000000000000430000006B
:10AAA800000000000000000000000000000000009E
:10AAB8000000000000000000000000000D7B0008FE
:10AAC800196A00080000000020AD000860A800080E
:10AAD80090A9000890A9000890A9000890A900086A
:10AAE80090A9000890A9000890A9000890A900085A
:10AAF80090A90008FFFFFFFFFFFFFFFFFFFFFFFF19
:10AB0800FFFF0000010041534349490000000000D5
:10AB1800000000000000000000000000000000002D
:10AB280000000000000041534349490000000000B4
:10AB3800000000000000000000000000000000000D
:10AB4800000000000000000050A8000864A80008E9
:10AB580070A800087CA8000888A8000894A8000825
:10AB68009CA8000804000000000005000004010182
:10AB780001010106010600040000000000000000B9
:10AB8800000004040000000006020202020206029D
:10AB98000606060406060606060606060606030355
:10ABA8000606060000000000000000000200000089
:10ABB800000000000005040404040407040700035F
:10ABC800000000000000000000000101000000007B
:10ABD8000701010101010701070707060707070722
:10ABE800070707070707000007070700000000001E
:10ABF8000000000005000000190000007D000000B2
:10AC0800BC89D897B2D29C3C33A7A8D523F649393A
:10AC18003DA7F444FD0FA5329D978CCF08BA5B255C
:10AC2800436FAC642806C80A0080E03779C3414303
:10AC3800176E05B5B5B89346F5F93FE9034F384D9A
:10AC4800321D30F94877825A3CBF737FDD4F157546
:10AC5800000000000000F03F000000000000244059
:10AC680000000000000059400000000000408F4034
:10AC7800000000000088C34000000000006AF8409F
:10AC88000000000080842E4100000000D0126341C3
:10AC98000000000084D797410000000065CDCD4139
:10ACA800000000205FA00242000000E8764837421A
:10ACB800000000A2941A6D42000040E59C30A242B8
:10ACC8000000901EC4BCD64200003426F56B0C432D
:10ACD8000080E03779C3414300A0D88557347643D4
:10ACE80000C84E676DC1AB43003D9160E458E14335
:10ACF800408CB5781DAF154450EFE2D6E41A4B44AA
:10AD080092D54D06CFF08044F64AE1C7022DB544EE
:10AD1800B49DD9794378EA440020202020202020BF
:10AD280020202828282828202020202020202020F3
:10AD38002020202020202020208810101010101003
:10AD4800101010101010101010040404040404044F
:10AD580004040410101010101010414141414141E9
:10AD680001010101010101010101010101010101CB
:10AD780001010101101010101010424242424242DB
:10AD8800020202020202020202020202020202029B
:10AD98000202020210101010200000000000000043
:10ADA800000000000000000000000000000000009B
:10ADB800000000000000000000000000000000008B
:10ADC800000000000000000000000000000000007B
:10ADD800000000000000000000000000000000006B
:10ADE800000000000000000000000000000000005B
:10ADF800000000000000000000000000000000004B
:10AE0800000000000000000000000000000000003A
:10AE1800000000000000000000000000303030306A
:10AE2800303030303030303030303030202020205A
:0CAE38002020202020202020202020208E
:08AE4400405DFF7F01000000EA
:10AE4C0000127A000800002000000000FC0B00201B
:10AE5C00640C0020CC0C002000000000000000005E
:10AE6C0000000000000000000000000000000000D6
:10AE7C0000000000000000000000000000000000C6
:10AE8C0000000000000000000000000000000000B6
:10AE9C0000000000000000000000000000000000A6
:10AEAC000000000000000000000000000000000096
:10AEBC000000000000000000000000000000000086
:10AECC000000000000000000000000000000000076
:10AEDC000000000000000000000000000000000066
:10AEEC0001000000000000000E33CDAB34126DE603
:10AEFC00ECDE05000B00000000000000000000006C
:10AF0C000000000000000000000000000000000035
:10AF1C000000000000000000000000000000000025
:10AF2C000000000000000000000000000000000015
:10AF3C000000000000000000000000000000000005
:10AF4C0000000000000000000000000000000000F5
:10AF5C0000000000000000000000000000000000E5
:10AF6C0000000000000000000000000000000000D5
:10AF7C0000000000000000000000000000000000C5
:10AF8C0000000000000000000000000003000000B2
:10AF9C00FC0B00204300000000000000000000003B
:10AFAC000000000000000000000000000000000095
:10AFBC000000000000000000000000000000000085
:10AFCC000000000000000000000000000000000075
:10AFDC000000000000000000000000000000000065
:10AFEC000000000000000000000000000000000055
:10AFFC000000000000000000000000000000000045
:10B00C000000000000000000000000000000000034
:10B01C000000000000000000000000000000000024
:10B02C000000000000000000000000000000000014
:10B03C000000000000000000000000000000000004
:10B04C0000000000000000000000000000000000F4
:10B05C0000000000000000000000000000000000E4
:10B06C0000000000000000000000000000000000D4
:10B07C000000000000000000000000004300000081
:10B08C0000000000000000000000000000000000B4
:10B09C000000000000000000000000004300000061
:10B0AC000000000000000000000000000000000094
:10B0BC000000000000000000000000004300000041
:10B0CC000000000000000000000000000000000074
:10B0DC000000000000000000000000004300000021
:10B0EC000000000000000000000000000000000054
:10B0FC000000000000000000000000004300000001
:10B10C000000000000000000000000000000000033
:10B11C0000000000000000000000000043000000E0
:10B12C000000000000000000000000000000000013
:10B13C0000000000000000000000000043000000C0
:10B14C0000000000000000000000000000000000F3
:10B15C000000000000000000000000000D7B000853
:10B16C00196A00080000000020AD000860A8000863
:10B17C0090A9000890A9000890A9000890A90008BF
:10B18C0090A9000890A9000890A9000890A90008AF
:10B19C0090A90008FFFFFFFFFFFFFFFFFFFFFFFF6E
:10B1AC00FFFF00000100415343494900000000002B
:10B1BC000000000000000000000000000000000083
:10B1CC00000000000000415343494900000000000A
:10B1DC000000000000000000000000000000000063
:10B1EC000000000000000000430000000000000010
:10B1FC000000000000000000000000000000000043
:10B20C000000000000000000FFFFFFFF0000020034
:10B21C000000000000000000D0030020D00300203C
:10B22C00D8030020D8030020E0030020E003002016
:10B23C00E8030020E8030020F0030020F0030020C6
:10B24C00F8030020F8030020000400200004002074
:10B25C000804002008040020100400201004002022
:10B26C0018040020180400202004002020040020D2
:10B27C002804002028040020300400203004002082
:10B28C003804002038040020400400204004002032
:10B29C0048040020480400205004002050040020E2
:10B2AC005804002058040020600400206004002092
:10B2BC006804002068040020700400207004002042
:10B2CC0078040020780400208004002080040020F2
:10B2DC0088040020880400209004002090040020A2
:10B2EC009804002098040020A0040020A004002052
:10B2FC00A8040020A8040020B0040020B004002002
:10B30C00B8040020B8040020C0040020C0040020B1
:10B31C00C8040020C8040020D0040020D004002061
:10B32C00D8040020D8040020E0040020E004002011
:10B33C00E8040020E8040020F0040020F0040020C1
:10B34C00F8040020F804002000050020000500206F
:10B35C00080500200805002010050020100500201D
:10B36C0018050020180500202005002020050020CD
:10B37C00280500202805002030050020300500207D
:10B38C00380500203805002040050020400500202D
:10B39C0048050020480500205005002050050020DD
:10B3AC00580500205805002060050020600500208D
:10B3BC00680500206805002070050020700500203D
:10B3CC0078050020780500208005002080050020ED
:10B3DC00880500208805002090050020900500209D
:10B3EC009805002098050020A0050020A00500204D
:10B3FC00A8050020A8050020B0050020B0050020FD
:10B40C00B8050020B8050020C0050020C0050020AC
:10B41C00C8050020C8050020D0050020D00500205C
:10B42C00D8050020D8050020E0050020E00500200C
:10B43C00E8050020E8050020F0050020F0050020BC
:10B44C00F8050020F805002000060020000600206A
:10B45C000806002008060020100600201006002018
:10B46C0018060020180600202006002020060020C8
:10B47C002806002028060020300600203006002078
:10B48C003806002038060020400600204006002028
:10B49C0048060020480600205006002050060020D8
:10B4AC005806002058060020600600206006002088
:10B4BC006806002068060020700600207006002038
:10B4CC0078060020780600208006002080060020E8
:10B4DC008806002088060020900600209006002098
:10B4EC009806002098060020A0060020A006002048
:10B4FC00A8060020A8060020B0060020B0060020F8
:10B50C00B8060020B8060020C0060020C0060020A7
:10B51C00C8060020C8060020D0060020D006002057
:10B52C00D8060020D8060020E0060020E006002007
:10B53C00E8060020E8060020F0060020F0060020B7
:10B54C00F8060020F8060020000700200007002065
:10B55C000807002008070020100700201007002013
:10B56C0018070020180700202007002020070020C3
:10B57C002807002028070020300700203007002073
:10B58C003807002038070020400700204007002023
:10B59C0048070020480700205007002050070020D3
:10B5AC005807002058070020600700206007002083
:10B5BC006807002068070020700700207007002033
:10B5CC0078070020780700208007002080070020E3
:10B5DC008807002088070020900700209007002093
:10B5EC009807002098070020A0070020A007002043
:10B5FC00A8070020A8070020B0070020B0070020F3
:10B60C00B8070020B8070020C0070020C0070020A2
:0CB61C00C8070020C8070020540F0020C1
:04000005080019E9ED
:00000001FF
